CASE_ID,ACCIDENT_YEAR,PROC_DATE,JURIS,COLLISION_DATE,COLLISION_TIME,OFFICER_ID,REPORTING_DISTRICT,DAY_OF_WEEK,CHP_SHIFT,POPULATION,CNTY_CITY_LOC,SPECIAL_COND,BEAT_TYPE,CHP_BEAT_TYPE,CITY_DIVISION_LAPD,CHP_BEAT_CLASS,BEAT_NUMBER,PRIMARY_RD,SECONDARY_RD,DISTANCE,DIRECTION,INTERSECTION,WEATHER_1,WEATHER_2,STATE_HWY_IND,CALTRANS_COUNTY,CALTRANS_DISTRICT,STATE_ROUTE,ROUTE_SUFFIX,POSTMILE_PREFIX,POSTMILE,LOCATION_TYPE,RAMP_INTERSECTION,SIDE_OF_HWY,TOW_AWAY,COLLISION_SEVERITY,NUMBER_KILLED,NUMBER_INJURED,PARTY_COUNT,PRIMARY_COLL_FACTOR,PCF_CODE_OF_VIOL,PCF_VIOL_CATEGORY,PCF_VIOLATION,PCF_VIOL_SUBSECTION,HIT_AND_RUN,TYPE_OF_COLLISION,MVIW,PED_ACTION,ROAD_SURFACE,ROAD_COND_1,ROAD_COND_2,LIGHTING,CONTROL_DEVICE,CHP_ROAD_TYPE,PEDESTRIAN_ACCIDENT,BICYCLE_ACCIDENT,MOTORCYCLE_ACCIDENT,TRUCK_ACCIDENT,NOT_PRIVATE_PROPERTY,ALCOHOL_INVOLVED,STWD_VEHTYPE_AT_FAULT,CHP_VEHTYPE_AT_FAULT,COUNT_SEVERE_INJ,COUNT_VISIBLE_INJ,COUNT_COMPLAINT_PAIN,COUNT_PED_KILLED,COUNT_PED_INJURED,COUNT_BICYCLIST_KILLED,COUNT_BICYCLIST_INJURED,COUNT_MC_KILLED,COUNT_MC_INJURED,PRIMARY_RAMP,SECONDARY_RAMP,LATITUDE,LONGITUDE,COUNTY,CITY,POINT_X,POINT_Y
6797900,2014,2015-02-09,3610,2014-12-21,0220,50733,,7,5,6,3610,0,0,0,,0,,"W BASELINE","N MT VERNON AV",0.00,,Y,A,-,N,,,,,,,,,,Y,2,0,1,2,A,-,01,23152,A,F,A,C,A,A,H,-,C,A,0,,,,,Y,Y,A,01,1,0,0,0,0,0,0,0,0,"- ","- ",,,"SAN BERNARDINO","SAN BERNARDINO",-117.31384006,34.121330020000002
6828386,2015,2016-11-04,3600,2015-01-12,1324,D8582,YV011,1,5,3,3631,0,0,0,,0,0YV,"29 PALMS HWY","DUMOSA AV",0.00,,Y,A,-,Y,SBD,8,62,-,-,12.186,I,5,E,N,2,0,1,2,A,-,09,21802,A,N,D,C,A,A,H,-,A,A,0,,,,,Y,,A,01,1,0,0,0,0,0,0,0,0,"- ","- ",,,"SAN BERNARDINO","YUCCA VALLEY",-116.41764498000001,34.12235673
6852633,2015,2016-10-14,9835,2015-02-21,1752,20474,,6,2,9,3600,0,1,1,,2,074,"RT 15","WEST BAKER BL",13728.00,S,N,A,-,Y,SBD,8,15,-,R,133.540,H,-,N,Y,2,0,3,1,A,-,08,22107,,N,F,A,A,A,H,-,D,D,1,,,,,Y,,A,01,1,1,1,0,0,0,0,0,0,"- ","- ",35.226109999999998,-116.10529,"SAN BERNARDINO",UNINCORPORATED,-116.10388526,35.228648739999997
6854034,2015,2015-03-27,9850,2015-02-01,2222,20848,,7,3,9,3600,0,1,1,,2,084,"RT 15","STODDARD WELLS RD",8448.00,N,N,A,-,Y,SBD,8,15,-,-,49.240,H,-,N,Y,1,1,1,3,A,-,11,21956,A,N,G,B,E,A,H,-,D,D,1,Y,,,,Y,,N,60,0,0,1,1,0,0,0,0,0,"- ","- ",34.61253,-117.2422,"SAN BERNARDINO",UNINCORPORATED,-117.24225774,34.612667510000001
6854183,2014,2016-01-12,3610,2014-08-07,2309,50808,,4,5,6,3610,0,0,0,,0,,"W 5TH ST","NORTH ARROWHEAD AV",0.00,,Y,A,-,N,,,,,,,,,,Y,1,1,6,2,A,-,01,23152,A,N,D,C,A,A,H,-,C,A,0,,,,,Y,Y,A,01,3,1,2,0,0,0,0,0,0,"- ","- ",,,"SAN BERNARDINO","SAN BERNARDINO",-117.28964000000001,34.108300049999997
6854225,2015,2015-04-13,3610,2015-02-04,1233,50732,,3,5,6,3610,0,0,0,,0,,"N CAJON BL","HANCOCK ST",21.00,S,N,A,-,N,,,,,,,,,,Y,1,1,1,2,A,-,09,21801,A,N,A,C,A,A,H,-,A,A,0,,,,,Y,,D,22,0,0,1,0,0,0,0,0,0,"- ","- ",,,"SAN BERNARDINO","SAN BERNARDINO",-117.32240779,34.143814409999997
6854481,2015,2017-04-04,3610,2015-01-13,1439,50732,,2,5,6,3610,0,0,0,,0,,"UNIVERSITY PKWY","COLLEGE AV",0.00,,Y,A,G,N,,,,,,,,,,N,1,1,0,2,A,-,11,21456,B,N,G,B,B,A,H,-,A,A,0,Y,,,,Y,,N,60,0,0,0,1,0,0,0,0,0,"- ","- ",,,"SAN BERNARDINO","SAN BERNARDINO",-117.33368013,34.17098008
6854501,2014,2015-07-09,3600,2014-10-13,1117,B5753,AP023,1,5,5,3621,0,0,0,,0,AP1,"RIMROCK RD N","OUTER HWY 18",504.00,N,N,A,-,N,,,,,,,,,,Y,1,1,0,1,A,-,01,23152,A,N,F,A,A,A,H,-,A,A,0,,,,,Y,Y,D,22,0,0,0,0,0,0,0,0,0,"- ","- ",,,"SAN BERNARDINO","APPLE VALLEY",-117.23628395,34.535566850000002
6854555,2015,2015-07-15,9835,2015-05-22,1120,20973,,5,1,9,3600,0,1,2,,1,014,"RT 395","RT 58",15576.00,S,N,A,-,Y,SBD,8,395,-,-,43.000,H,-,S,Y,1,1,3,1,A,-,08,22107,,N,E,I,A,A,H,-,A,D,0,,,,,Y,,A,07,1,1,1,0,0,0,0,0,0,"- ","- ",34.961300000000001,-117.52914,"SAN BERNARDINO",UNINCORPORATED,-117.53003554999999,34.950823040000003
6865889,2015,2015-04-09,9835,2015-03-12,1450,17724,,4,2,9,3600,0,3,5,,2,032,"NATIONAL TRAILS HWY","VISTA RD",3696.00,E,N,A,-,N,,,,,,,,,,Y,2,0,1,1,C,-,18,,,N,E,I,A,A,H,-,A,D,0,,,,,Y,,-,"- ",1,0,0,0,0,0,0,0,0,"- ","- ",,,"SAN BERNARDINO",UNINCORPORATED,-117.32284991,34.741659130000002
6876851,2015,2016-10-10,9860,2015-03-02,1456,017875,,1,2,6,3610,0,1,1,,2,202,"RT 210","DEL ROSA AV",1056.00,W,N,B,-,Y,SBD,8,210,-,R,25.532,R,1,E,Y,2,0,1,3,A,-,03,22350,,N,C,C,A,A,H,-,A,D,1,,,,,Y,,A,01,1,0,0,0,0,0,0,0,0,TO,"- ",34.143129999999999,-117.25615000000001,"SAN BERNARDINO","SAN BERNARDINO",-117.25597506,34.143187560000001
6881093,2015,2015-04-21,3600,2015-02-03,1759,F5122,HE403,2,5,5,3619,0,0,0,,0,HE3,"I AV","OLIVE ST",53.00,W,N,A,-,N,,,,,,,,,,Y,2,0,1,2,A,-,12,22450,A,N,D,C,A,A,H,-,C,A,0,,,,,Y,,A,01,1,0,0,0,0,0,0,0,0,"- ","- ",,,"SAN BERNARDINO",HESPERIA,-117.28385935999999,34.415156860000003
6881573,2015,2015-04-27,9850,2015-03-31,0220,19426,,2,3,9,3600,0,3,5,,2,004,"JOSHUA RD","WREN ST",143.00,S,N,A,-,N,,,,,,,,,,Y,2,0,1,1,A,-,01,23152,A,N,E,I,A,A,H,-,D,D,0,,,,,Y,Y,A,01,1,0,0,0,0,0,0,0,0,"- ","- ",34.452399999999997,-117.16446999999999,"SAN BERNARDINO",UNINCORPORATED,-117.15522444,34.449688530000003
6887428,2015,2015-05-05,3604,2015-04-02,1202,1139,,4,5,6,3604,0,0,0,,0,,"JURUPA AV",MULBERRY,850.00,W,N,A,-,N,,,,,,,,,,Y,2,0,2,2,A,-,03,22350,,N,C,C,A,A,H,-,A,A,0,,,,,Y,,A,01,2,0,0,0,0,0,0,0,0,"- ","- ",,,"SAN BERNARDINO",FONTANA,-117.50978727,34.048161270000001
6905613,2015,2017-04-25,3610,2015-03-14,2022,50571,,6,5,6,3610,0,0,0,,0,,"N ARDEN AV","PACIFIC ST",0.00,,Y,A,-,N,,,,,,,,,,N,1,1,3,2,A,-,12,21453,A,N,D,C,A,A,H,-,C,A,0,,,,,Y,,A,01,1,2,0,0,0,0,0,0,0,"- ","- ",,,"SAN BERNARDINO","SAN BERNARDINO",-117.23488007,34.128560059999998
6910096,2015,2016-12-05,9855,2015-04-06,0730,14688,,1,1,5,3602,0,1,3,,2,603,"RT 60","PIPELINE AV",900.00,W,N,A,-,Y,SBD,8,60,-,R,0.690,H,-,E,Y,2,0,1,2,A,-,03,22350,,N,C,C,A,A,H,-,A,D,1,,,,,Y,,A,01,1,0,0,0,0,0,0,0,0,"- ","- ",,,"SAN BERNARDINO",CHINO,-117.71822369,34.027970230000001
6939992,2015,2015-06-09,3604,2015-05-12,1946,680,,2,5,6,3604,0,0,0,,0,,SIERRA,SEGOVIA,528.00,N,N,A,-,N,,,,,,,,,,Y,2,0,1,2,A,-,06,21750,,F,B,G,A,A,H,-,B,D,0,,Y,,,Y,,A,01,1,0,0,0,0,0,1,0,0,"- ","- ",,,"SAN BERNARDINO",FONTANA,-117.43623599,34.173736699999999
6946664,2015,2015-06-18,3600,2015-05-01,2223,D7725,CH039,5,5,5,3630,0,0,0,,0,CH2,"VILLAGE DR","BIRCHWOOD DR",50.00,E,N,A,-,N,,,,,,,,,,Y,2,0,3,2,A,-,01,23152,A,N,A,C,A,A,H,-,C,A,0,,,,,Y,Y,D,22,2,1,0,0,0,0,0,0,0,"- ","- ",,,"SAN BERNARDINO","CHINO HILLS",-117.71339602,33.980040930000001
6977781,2015,2015-07-16,9860,2015-05-24,0605,18223,,7,1,9,3600,0,3,5,,2,002,"NOLAN ST","KERN ST",0.00,,Y,B,-,N,,,,,,,,,,Y,2,0,2,2,A,-,12,22450,A,N,A,C,A,A,H,-,B,A,0,,,,,Y,,A,01,1,1,0,0,0,0,0,0,0,"- ","- ",34.155560000000001,-117.33765,"SAN BERNARDINO",UNINCORPORATED,-117.3377301,34.155600030000002
6979908,2015,2015-07-11,3604,2015-05-16,1957,768,,6,5,6,3604,0,0,0,,0,,"WALNUT AV","SIERRA AV",291.00,E,N,A,-,N,,,,,,,,,,Y,2,0,1,1,A,-,03,22350,,N,E,I,A,A,H,-,C,A,0,,,Y,,Y,,C,02,1,0,0,0,0,0,0,0,1,"- ","- ",,,"SAN BERNARDINO",FONTANA,-117.43602,34.128599999999999
6982607,2015,2017-01-20,9870,2015-07-04,1640,20717,,6,2,9,3600,0,1,3,,1,011,"RT 62","BELLA VISTA DR",0.00,,Y,A,-,Y,SBD,8,62,-,-,4.490,H,-,W,Y,2,0,2,2,A,-,09,21804,A,N,D,C,A,A,H,-,A,D,0,,,,,Y,,A,01,2,0,0,0,0,0,0,0,0,"- ","- ",34.078589999999998,-116.53830000000001,"SAN BERNARDINO",UNINCORPORATED,-116.53828071,34.078647920000002
6995210,2014,2015-07-30,3600,2014-11-15,1258,E5343,HE105,6,5,5,3619,0,0,0,,0,HER1,"BEAR VALLEY RD","HESPERIA RD",42.00,W,N,A,-,N,,,,,,,,,,Y,2,0,1,2,A,-,07,21658,A,N,C,C,A,A,H,-,A,A,0,,,Y,,Y,,C,02,1,0,0,0,0,0,0,0,1,"- ","- ",,,"SAN BERNARDINO",HESPERIA,-117.29210893,34.47092
6995317,2014,2015-08-05,9855,2014-11-21,1805,020913,,5,2,9,3600,0,3,5,,2,001,"CHERRY AV","VALLEY BL",142.00,N,N,A,-,N,,,,,,,,,,N,2,0,1,2,A,-,11,21955,,F,G,B,D,A,H,-,D,D,0,Y,,,,Y,Y,N,60,1,0,0,0,1,0,0,0,0,"- ","- ",34.070639999999997,-117.48869999999999,"SAN BERNARDINO",UNINCORPORATED,-117.48886,34.070589009999999
7006055,2015,2017-04-06,9850,2015-07-01,2500,20817,,3,4,9,3600,0,3,5,,2,003,"RT 18","JOSHUA ST",200.00,E,N,A,-,Y,SBD,8,18,-,-,86.910,H,-,N,Y,1,1,0,1,A,-,03,22350,,N,E,I,A,B,H,-,D,D,0,,,Y,,Y,Y,C,02,0,0,0,0,0,0,0,1,0,"- ","- ",34.500869999999999,-117.15488000000001,"SAN BERNARDINO",UNINCORPORATED,-117.15588225,34.500783839999997
7006166,2015,2017-05-09,9865,2015-07-17,0718,18392,,5,1,9,3600,0,1,3,,2,021,"RT 330","LIVE OAK DR",14784.00,S,N,A,-,Y,SBD,8,330,-,-,38.950,H,-,N,Y,1,1,0,1,A,-,08,22107,,N,E,I,A,A,H,-,A,D,0,,,,,Y,,A,01,0,0,0,0,0,0,0,0,0,"- ","- ",34.193170000000002,-117.15768,"SAN BERNARDINO",UNINCORPORATED,-117.15718832,34.193123530000001
7006237,2014,2015-11-12,3600,2014-11-09,1422,D6189,SB200,7,5,4,3618,0,0,0,,0,SM1,"SAN MIGUEL BL PARKING STRUCTURE LEVEL 4G","SAN MIGUEL BL PARKING STRUCTURE LEVEL 4G 777",0.00,,N,A,-,N,,,,,,,,,,Y,2,0,3,1,B,-,22,,,N,E,I,A,A,H,-,A,D,0,,,,,Y,,A,01,3,0,0,0,0,0,0,0,0,"- ","- ",,,"SAN BERNARDINO",HIGHLAND,,
7006361,2015,2015-12-16,3608,2015-10-19,1851,3675,,1,5,5,3608,0,0,0,,0,,"BARTON RD","BELLEVUE RD",0.00,,Y,A,-,N,,,,,,,,,,Y,1,1,0,2,A,-,10,21950,A,N,G,B,B,A,H,-,B,A,0,Y,,,,Y,,D,22,0,0,0,1,0,0,0,0,0,"- ","- ",,,"SAN BERNARDINO",REDLANDS,-117.20666009,34.046590070000001
7006432,2015,2016-01-28,3609,2015-11-05,1817,3156,138,4,5,5,3609,0,0,0,,0,004,"FOOTHILL BL","ORANGE AV",128.00,W,N,A,-,N,,,,,,,,,,N,1,1,0,2,A,-,11,21954,A,N,G,B,D,A,H,-,C,D,0,Y,,,,Y,,N,60,0,0,0,1,0,0,0,0,0,"- ","- ",,,"SAN BERNARDINO",RIALTO,-117.3722116,34.106760000000001
7009893,2015,2015-08-20,3609,2015-07-28,0219,8510,082,2,5,5,3609,0,0,0,,0,002,"PEPPER AV","HIGHLAND AV",638.00,S,N,A,-,N,,,,,,,,,,Y,2,0,1,1,A,-,03,22350,,N,A,I,A,A,H,-,C,A,0,,,,,Y,,A,01,1,0,0,0,0,0,0,0,0,"- ","- ",,,"SAN BERNARDINO",RIALTO,-117.35326000000001,34.13458
7040081,2014,2015-08-31,9855,2014-12-11,1710,14688,,4,2,5,3611,0,1,1,,2,204,"RT 210","MOUNTAIN AV",972.00,E,N,B,-,Y,,,,,,,,,,Y,2,0,1,2,A,-,03,22350,,N,C,C,A,A,H,-,C,D,0,,,Y,,Y,,C,02,1,0,0,0,0,0,0,0,1,"- ","- ",,,"SAN BERNARDINO",UPLAND,-117.66723634,34.134812740000001
7043694,2015,2017-01-17,9835,2015-08-09,1426,19989,,7,2,9,3600,0,1,1,,2,076,"RT 15","CIMA RD",16210.00,N,N,A,-,Y,SBD,8,15,-,-,165.800,H,-,S,Y,2,0,1,1,A,-,03,22350,,N,F,A,A,A,H,-,A,D,1,,,Y,,Y,,C,02,1,0,0,0,0,0,0,0,1,"- ","- ",,,"SAN BERNARDINO",UNINCORPORATED,-115.62499794999999,35.461589099999998
7063993,2015,2017-01-17,9860,2015-08-15,1510,19269,,6,2,9,3600,0,1,1,,2,151,"RT 15","GLEN HELEN RD",462.00,N,N,A,-,Y,SBD,8,15,-,-,15.770,H,-,S,Y,2,0,1,3,A,-,03,22350,,N,-,C,A,A,H,-,A,-,1,,,Y,,Y,,C,02,1,0,0,0,0,0,0,0,1,"- ","- ",34.216630000000002,-117.41128,"SAN BERNARDINO",UNINCORPORATED,-117.41140992,34.216738040000003
7067702,2015,2017-01-17,9835,2015-08-22,1610,21082,,6,2,9,3600,0,1,1,,2,074,"RT 15","ZZYZX RD",792.00,S,N,A,-,Y,SBD,8,15,-,R,130.030,H,-,N,N,2,0,1,1,A,-,08,22107,,N,F,A,A,A,H,-,A,D,1,,,Y,,Y,,C,02,1,0,0,0,0,0,0,0,1,"- ","- ",35.194690000000001,-116.14991999999999,"SAN BERNARDINO",UNINCORPORATED,-116.14361891,35.195211639999997
7070939,2015,2015-09-25,3608,2015-09-03,2122,4453,,4,5,5,3608,0,0,0,,0,,"ALABAMA ST","PARK AV",0.00,,Y,A,-,N,,,,,,,,,,Y,2,0,1,1,A,-,01,23153,A,N,E,I,A,A,H,-,C,A,0,,,,,Y,Y,D,22,1,0,0,0,0,0,0,0,0,"- ","- ",,,"SAN BERNARDINO",REDLANDS,-117.20880006,34.059240080000002
7080526,2015,2016-07-20,3608,2015-09-05,1314,3675,,6,5,5,3608,0,0,0,,0,,"ORANGE ST","PIONEER AV",528.00,N,N,A,-,N,,,,,,,,,,Y,2,0,2,2,A,-,03,22350,,N,C,C,A,A,H,-,A,D,0,,,,,Y,,A,01,1,0,1,0,0,0,0,0,0,"- ","- ",,,"SAN BERNARDINO",REDLANDS,-117.18238762999999,34.082286269999997
7145243,2015,2015-12-28,3609,2015-11-17,1426,6367,204,2,5,5,3609,0,0,0,,0,004,"RIVERSIDE AV","SLOVER AV",49.00,N,N,A,-,N,,,,,,,,,,Y,2,0,1,2,A,-,03,22350,,N,-,C,A,A,H,-,A,-,0,,,Y,,Y,,C,02,1,0,0,0,0,0,0,0,1,"- ","- ",34.070810000000002,-117.37251999999999,"SAN BERNARDINO",RIALTO,-117.37024,34.063314249999998
7160772,2015,2016-01-22,3607,2015-11-13,0734,15028,54,5,5,6,3607,0,0,0,,0,054,"I ST","MOUNTAIN AV",360.00,W,N,A,-,N,,,,,,,,,,N,2,0,2,3,A,-,11,21950,B,N,D,B,D,A,H,-,A,D,0,Y,,,,Y,,N,60,1,0,1,0,2,0,0,0,0,"- ","- ",,,"SAN BERNARDINO",ONTARIO,-117.67127567999999,34.074195019999998
7199519,2015,2016-03-28,3600,2015-04-02,1952,S3852,HI014,4,5,4,3618,0,0,0,,0,HI2,"PALM AV","CYPRESS ST",0.00,,Y,A,-,N,,,,,,,,,,N,1,1,0,2,A,-,03,22350,,N,G,B,D,A,H,-,E,D,0,Y,,,,Y,Y,A,01,0,0,0,1,0,0,0,0,0,"- ","- ",,,"SAN BERNARDINO",HIGHLAND,-117.20877,34.113270020000002
7199538,2015,2016-05-05,3600,2015-10-19,0739,T1686,AP008,1,5,5,3621,0,0,0,,0,AP3,"BEAR VALLEY RD","REATA RD",0.00,,Y,A,-,N,,,,,,,,,,N,1,1,0,2,A,-,10,21950,A,N,G,B,B,A,H,-,A,A,0,Y,,,,Y,,D,22,0,0,0,1,0,0,0,0,0,"- ","- ",,,"SAN BERNARDINO","APPLE VALLEY",-117.24525006,34.471140030000001
7200005,2017,2019-04-08,3609,2017-01-10,1825,0456,144,2,5,5,3609,0,0,0,,0,003,"CEDAR AV","SECOND ST",363.00,N,N,B,-,N,,,,,,,,,,Y,1,1,0,2,A,-,11,21954,A,F,G,B,D,A,H,-,C,D,0,Y,,,,Y,,N,60,0,0,0,1,0,0,0,0,0,"- ","- ",34.100700000000003,-117.3927,"SAN BERNARDINO",RIALTO,-117.39655999999999,34.103374580000001
8039160,2016,2016-05-19,3600,2016-04-09,1455,D2499,TW006,6,5,3,3617,0,0,0,,0,0TW,"JOE DAVIS DR","DESERT KNOLL AV",0.00,,Y,A,-,N,,,,,,,,,,Y,2,0,1,1,A,-,03,22350,,N,A,I,A,A,H,-,A,A,0,,,Y,,Y,,C,02,1,0,0,0,0,0,0,0,1,"- ","- ",,,"SAN BERNARDINO","TWENTYNINE PALMS",-116.04548008,34.146680009999997
8059456,2016,2016-06-15,3602,2016-04-20,0824,3666,125,3,5,5,3602,0,0,0,,0,005,"EDISON AV","12TH ST",45.00,E,N,A,-,N,,,,,,,,,,N,2,0,3,2,A,-,03,22350,,N,C,C,A,A,H,-,A,A,0,,,,,Y,,A,07,1,0,2,0,0,0,0,0,0,"- ","- ",,,"SAN BERNARDINO",CHINO,-117.68461191999999,33.997309999999999
8065809,2016,2016-06-21,3604,2016-06-08,2145,768,,3,5,6,3604,0,0,0,,0,,"ARROW BL","LOCUST AV",0.00,,Y,A,-,N,,,,,,,,,,N,2,0,1,2,A,-,12,21453,A,N,D,G,A,A,H,-,C,A,0,,Y,,,Y,,A,01,1,0,0,0,0,0,1,0,0,"- ","- ",,,"SAN BERNARDINO",FONTANA,-117.40964013,34.099480049999997
8073610,2016,2016-07-06,3602,2016-05-13,0044,3655,,5,5,5,3602,0,0,0,,0,005,"EL PRADO RD","CENTRAL AV",463.00,E,N,A,-,N,,,,,,,,,,Y,2,0,1,1,A,-,08,22107,,N,D,I,A,A,H,-,E,D,0,,,,,Y,,A,01,1,0,0,0,0,0,0,0,0,"- ","- ",,,"SAN BERNARDINO",CHINO,-117.68747085,33.976085580000003
8082771,2016,2016-07-15,3600,2016-06-21,0951,D2557,CH009,2,5,5,3630,0,0,0,,0,CH3,"PEYTON DR","WOODVIEW RD",0.00,,Y,A,-,N,,,,,,,,,,Y,2,0,1,1,C,-,18,,,N,E,I,A,A,H,-,A,A,0,,,,,Y,,-,"- ",1,0,0,0,0,0,0,0,0,"- ","- ",,,"SAN BERNARDINO","CHINO HILLS",-117.72945003,33.961190029999997
8108863,2016,2017-01-23,3600,2016-08-25,0658,D2557,CH007,4,5,5,3630,0,0,0,,0,CH3,"RT 142","FAIRWAY DR",0.00,,Y,A,-,Y,SBD,8,142,-,R,1.632,I,5,W,Y,2,0,1,2,A,-,09,21801,A,N,D,C,A,A,H,-,A,D,0,,,Y,,Y,,A,01,1,0,0,0,0,0,0,0,1,"- ","- ",,,"SAN BERNARDINO","CHINO HILLS",-117.76323918999999,33.962029049999998
8125274,2016,2016-09-23,3610,2016-08-19,1206,50652,,5,5,6,3610,0,0,0,,0,POLICE,"WEST HIGHLAND AV","NORTH ARROWHEAD AV",0.00,,Y,A,-,N,,,,,,,,,,N,2,0,1,2,D,-,00,,,M,A,C,A,A,H,-,A,A,0,,,Y,,Y,,-,"- ",1,0,0,0,0,0,0,0,1,"- ","- ",34.135669999999998,-117.28997,"SAN BERNARDINO","SAN BERNARDINO",-117.28965004,34.135970030000003
81407313,2020,2021-02-12,3607,2020-11-13,0317,80310,232,5,5,6,3607,0,0,0,,0,062,"EUCLID AV","CEDAR ST",47.00,S,N,A,-,Y,,,,,,,,,,N,1,1,0,2,A,-,11,21954,A,F,G,B,D,A,H,-,C,A,0,Y,,,,Y,,N,60,0,0,0,1,0,0,0,0,0,"- ","- ",,,"SAN BERNARDINO",ONTARIO,-117.65104675292969,34.03729248046875
81490244,2021,2021-06-07,3607,2021-05-10,0125,20392,21,1,5,6,3607,0,0,0,,0,090,"EUCLID AV","H ST",22.00,N,N,A,-,N,,,,,,,,,,Y,2,0,3,1,A,-,08,22107,,F,E,I,A,A,H,-,C,A,0,,,,,Y,,A,07,1,0,2,0,0,0,0,0,0,"- ","- ",,,"SAN BERNARDINO",ONTARIO,-117.65087890625,34.072509765625
81579866,2021,2021-09-27,3607,2021-03-20,2223,80536,117,6,5,6,3607,0,0,0,,0,032,"D ST","CORONA AV",1200.00,W,N,A,-,N,,,,,,,,,,Y,1,1,0,2,A,-,01,23152,G,N,B,C,A,A,H,-,C,D,0,,,Y,,Y,Y,C,02,0,0,0,0,0,0,0,1,0,"- ","- ",,,"SAN BERNARDINO",ONTARIO,-117.61737060546875,34.067104339599609
81653606,2021,2021-12-16,3607,2021-12-11,2300,20641,283,6,5,6,3607,0,0,0,,0,072,"RIVERSIDE DR","MILLIKEN AV",250.00,W,N,A,-,N,,,,,,,,,,N,2,0,1,2,A,-,08,22107,,F,G,B,E,A,H,-,D,D,0,Y,,,,Y,,-,99,1,0,0,0,1,0,0,0,0,"- ","- ",,,"SAN BERNARDINO",ONTARIO,-117.55910491943359,34.018901824951172
81661949,2021,2021-12-27,3607,2021-12-19,1156,20177,121,7,5,6,3607,0,0,0,,0,012,"MOUNTAIN AV","D ST",0.00,,Y,A,-,N,,,,,,,,,,N,2,0,1,2,A,-,12,21453,A,N,D,G,A,A,H,-,A,A,0,,Y,,,Y,,L,04,1,0,0,0,0,0,1,0,0,"- ","- ",,,"SAN BERNARDINO",ONTARIO,-117.67005920410156,34.066944122314453
8166739,2016,2017-03-29,3600,2016-01-29,2009,D4321,AP003,5,5,5,3621,0,0,0,,0,AP1,"RT 18","BASS HILL RD",0.00,,N,A,-,Y,SBD,8,18,-,-,91.640,H,-,S,Y,1,1,0,3,A,-,11,21954,A,N,G,B,D,A,H,-,D,A,0,Y,,,,Y,,N,60,0,0,0,1,0,0,0,0,0,"- ","- ",,,"SAN BERNARDINO","APPLE VALLEY",-117.22669693,34.530027990000001
8167220,2017,2018-07-26,3600,2017-12-20,1829,D2557,CH075,3,5,5,3630,0,0,0,,0,CH1,"CHINO HILLS PKWY","WALNUT CREEK DR",256.00,S,N,A,-,N,,,,,,,,,,Y,1,1,1,1,A,-,03,22350,,N,E,I,A,A,H,-,C,D,0,,,,,Y,,A,07,0,0,1,0,0,0,0,0,0,"- ","- ",,,"SAN BERNARDINO","CHINO HILLS",-117.75945726,33.996313469999997
8171276,2016,2016-11-29,3605,2016-06-05,0014,336,,7,5,4,3605,0,0,0,,0,,"KINGSLEY ST","FREMONT AV",0.00,,Y,A,-,N,,,,,,,,,,N,2,0,1,2,A,-,10,21954,B,F,G,B,D,A,H,-,C,D,0,Y,,,,Y,Y,A,01,1,0,0,0,1,0,0,0,0,"- ","- ",,,"SAN BERNARDINO",MONTCLAIR,-117.69440007,34.066730030000002
81724574,2021,2022-03-17,3611,2021-04-15,2105,626,3611,4,5,5,3611,0,0,0,,0,001,"SAN ANTONIO AVE","13TH ST",0.00,,Y,A,-,N,,,,,,,,,,Y,2,0,3,2,A,-,01,23152,F,N,D,C,A,A,H,-,C,A,0,,,,,Y,,A,01,1,0,2,0,0,0,0,0,0,"- ","- ",,,"SAN BERNARDINO",UPLAND,-117.66079711914062,34.110622406005859
8176522,2016,2016-12-01,3610,2016-11-08,1000,50942,,2,5,6,3610,0,0,0,,0,BAKER,"N H ST","W 6TH ST",0.00,,Y,A,-,N,,,,,,,,,,N,2,0,1,2,A,-,12,21453,A,F,G,B,B,-,H,-,C,-,0,Y,,,,Y,,A,01,1,0,0,0,1,0,0,0,0,"- ","- ",,,"SAN BERNARDINO","SAN BERNARDINO",-117.30088003,34.110190109999998
81881134,2021,2022-10-04,3611,2021-12-18,0311,3416,3611,6,5,5,3611,0,0,0,,0,001,"SOUTH ALLEY 1000 BLK SPRINGFIELD","N. MULBERRY AVE.",445.00,W,N,A,-,N,,,,,,,,,,N,2,0,1,2,A,-,03,22350,,F,G,B,E,A,H,-,C,D,0,Y,,,,Y,Y,-,99,1,0,0,0,1,0,0,0,0,"- ","- ",,,"SAN BERNARDINO",UPLAND,-117.66703796386719,34.108684539794922
8191208,2016,2016-12-22,3610,2016-11-27,1255,50994,,7,5,6,3610,0,0,0,,0,,"W KENDALL AV","PINE AV",250.00,W,N,C,-,N,,,,,,,,,,Y,2,0,1,1,A,-,01,23152,A,N,E,I,A,B,H,-,A,D,0,,,,,Y,Y,A,01,1,0,0,0,0,0,0,0,0,"- ","- ",34.18656,-117.35117,"SAN BERNARDINO","SAN BERNARDINO",-117.35187456,34.186918689999999
81929848,2022,2022-11-30,3607,2022-11-24,0209,80508,196,4,5,6,3607,0,0,0,,0,052,"FRANCIS ST","REDWOOD AV",50.00,E,N,A,-,N,,,,,,,,,,Y,2,0,2,3,A,-,01,23152,A,N,B,E,A,A,H,-,C,D,0,,,,,Y,Y,A,01,1,1,0,0,0,0,0,0,0,"- ","- ",,,"SAN BERNARDINO",ONTARIO,-117.66041564941406,34.041019439697266
82035208,2023,2023-06-29,3607,2023-02-22,1814,80509,62,3,5,6,3607,0,0,0,,0,021,"EUCLID AV","D ST",0.00,,Y,A,-,N,,,,,,,,,,Y,2,0,2,2,A,-,08,22107,,F,B,C,A,A,H,-,A,D,0,,,,,Y,Y,A,07,1,0,1,0,0,0,0,0,0,"- ","- ",,,"SAN BERNARDINO",ONTARIO,-117.65120697021484,34.066989898681641
82042555,2023,2023-04-12,3609,2023-03-28,2116,02397,162,2,5,5,3609,0,0,0,,0,004,"RIVERSIDE AVE","JAMES ST",0.00,,Y,A,-,N,,,,,,,,,,Y,2,0,4,2,A,-,09,21801,A,N,A,C,A,A,H,-,C,A,0,,,,,Y,,A,01,2,2,0,0,0,0,0,0,0,"- ","- ",34.089118957519531,-117.37037658691406,"SAN BERNARDINO",RIALTO,-117.37033843994141,34.089111328125