CASE_ID,ACCIDENT_YEAR,PROC_DATE,JURIS,COLLISION_DATE,COLLISION_TIME,OFFICER_ID,REPORTING_DISTRICT,DAY_OF_WEEK,CHP_SHIFT,POPULATION,CNTY_CITY_LOC,SPECIAL_COND,BEAT_TYPE,CHP_BEAT_TYPE,CITY_DIVISION_LAPD,CHP_BEAT_CLASS,BEAT_NUMBER,PRIMARY_RD,SECONDARY_RD,DISTANCE,DIRECTION,INTERSECTION,WEATHER_1,WEATHER_2,STATE_HWY_IND,CALTRANS_COUNTY,CALTRANS_DISTRICT,STATE_ROUTE,ROUTE_SUFFIX,POSTMILE_PREFIX,POSTMILE,LOCATION_TYPE,RAMP_INTERSECTION,SIDE_OF_HWY,TOW_AWAY,COLLISION_SEVERITY,NUMBER_KILLED,NUMBER_INJURED,PARTY_COUNT,PRIMARY_COLL_FACTOR,PCF_CODE_OF_VIOL,PCF_VIOL_CATEGORY,PCF_VIOLATION,PCF_VIOL_SUBSECTION,HIT_AND_RUN,TYPE_OF_COLLISION,MVIW,PED_ACTION,ROAD_SURFACE,ROAD_COND_1,ROAD_COND_2,LIGHTING,CONTROL_DEVICE,CHP_ROAD_TYPE,PEDESTRIAN_ACCIDENT,BICYCLE_ACCIDENT,MOTORCYCLE_ACCIDENT,TRUCK_ACCIDENT,NOT_PRIVATE_PROPERTY,ALCOHOL_INVOLVED,STWD_VEHTYPE_AT_FAULT,CHP_VEHTYPE_AT_FAULT,COUNT_SEVERE_INJ,COUNT_VISIBLE_INJ,COUNT_COMPLAINT_PAIN,COUNT_PED_KILLED,COUNT_PED_INJURED,COUNT_BICYCLIST_KILLED,COUNT_BICYCLIST_INJURED,COUNT_MC_KILLED,COUNT_MC_INJURED,PRIMARY_RAMP,SECONDARY_RAMP,LATITUDE,LONGITUDE,COUNTY,CITY,POINT_X,POINT_Y
91906072,2022,2022-10-31,9870,2022-10-19,1845,019709,,3,2,9,3600,0,1,3,,1,031,"SR-62 (TWENTYNINE PALMS HWY.)","HILLVIEW ROAD",23.00,E,N,A,-,Y,SBD,,62,,,17.989,H,,R,Y,2,0,10,2,A,-,09,21801,A,N,D,C,A,A,H,-,B,D,0,,,,,Y,,A,01,6,0,4,0,0,0,0,0,0,"- ","- ",34.134899139404297,-116.32003021240234,"SAN BERNARDINO",UNINCORPORATED,-116.32003021240234,34.134967803955078
91908595,2022,2022-11-03,9855,2022-06-20,0244,022055,,1,3,6,3607,0,1,3,,2,601,"INTERSTATE 10 EASTBOUND (SAN BERNARDINO FWY)","ARCHIBALD AVENUE",392.00,W,N,A,-,Y,SBD,,60,,R,7.641,H,,R,Y,2,0,3,3,A,-,03,22350,,N,C,C,A,A,H,-,C,D,0,,,Y,,Y,,A,01,1,1,1,0,0,0,0,0,1,"- ","- ",34.030471801757812,-117.59757995605469,"SAN BERNARDINO",ONTARIO,-117.59757995605469,34.030551910400391
91930761,2022,2022-11-30,9850,2022-10-12,1247,017377,,3,1,9,3600,0,1,3,,2,060,"STATE ROUTE 138","OIL WELL ROAD",367.00,E,N,B,C,Y,SBD,,138,,,7.786,H,,R,Y,1,1,1,2,A,-,08,22107,,N,A,C,A,B,H,-,A,D,0,,,,,Y,,A,01,1,0,0,0,0,0,0,0,0,"- ","- ",34.379768371582031,-117.56298065185547,"SAN BERNARDINO",UNINCORPORATED,-117.56298065185547,34.379772186279297
91934095,2022,2022-12-05,9850,2022-11-24,1555,023006,,4,2,5,3619,0,3,5,,2,002,"JENNY ST","FREMONTIA ST",15.00,W,N,A,-,N,,,,,,,,,,N,2,0,1,1,A,-,08,38314,,N,F,A,A,A,A,-,A,D,0,,,Y,,Y,,C,06,1,0,0,0,0,0,0,0,1,"- ","- ",34.372390747070312,-117.41204071044922,"SAN BERNARDINO",HESPERIA,-117.41195678710938,34.372390747070312
91936210,2022,2022-12-07,9865,2022-11-27,0220,021722,,7,3,9,3600,0,1,3,,2,015,SR-189,"BLUE JAY CUTOFF",528.00,W,N,A,-,Y,SBD,,189,,,3.376,H,,R,N,2,0,1,2,A,-,01,23152,A,N,D,C,A,A,H,-,C,D,0,,,,,Y,Y,A,01,1,0,0,0,0,0,0,0,0,"- ","- ",34.239959716796875,-117.21630859375,"SAN BERNARDINO",UNINCORPORATED,-117.21632385253906,34.239971160888672
9197058,2020,2020-12-22,3610,2020-10-21,0001,50709,,3,5,6,3610,0,0,0,,0,DAVID,"E PERIMETER RD","N STERLING AV",17.00,E,N,A,-,N,,,,,,,,,,Y,2,0,1,1,A,-,03,22350,,N,E,I,A,A,H,-,C,A,0,,,,,Y,,A,01,1,0,0,0,0,0,0,0,0,"- ","- ",34.106330871582031,-117.24217987060547,"SAN BERNARDINO","SAN BERNARDINO",,
9198957,2020,2021-01-14,3600,2020-10-20,0100,H5174,MB011,2,5,3,3617,0,0,0,,0,0TW,"VALLE VISTA RD","EDISON POLE 1688799E",190.00,W,N,A,-,N,,,,,,,,,,Y,1,1,0,1,A,-,08,22107,,N,F,I,A,A,H,-,D,D,0,,,,,Y,,D,22,0,0,0,0,0,0,0,0,0,"- ","- ",34.194110870361328,-116.01376342773438,"SAN BERNARDINO","TWENTYNINE PALMS",,
91989874,2023,2023-02-08,9835,2023-02-04,"508 ",022612,,6,3,9,3600,0,1,1,,2,077,"INTERSTATE 15 SOUTHBOUND","NIPTON ROAD",9662.00,S,N,A,-,Y,,,,,,,,,,Y,2,0,1,2,A,-,03,22350,,N,C,C,A,A,H,-,D,D,0,,,,Y,Y,,D,22,1,0,0,0,0,0,0,0,0,"- ","- ",35.274669647216797,-115.2841796875,"SAN BERNARDINO",UNINCORPORATED,-115.47201538085938,35.461338043212891
91990863,2023,2023-02-09,9855,2023-01-29,1500,017781,,7,2,6,3604,0,1,1,,2,153,"I-15 N/B TO SR-210 W/B","I-15 N/B (ONTARIO FWY)",70.00,E,N,B,C,Y,SBD,,15," "," ",8.396,H,,R,N,2,0,1,1,A,-,03,22350,,N,F,A,A,B,H,-,A,D,0,,,Y,,Y,,C,02,1,0,0,0,0,0,0,0,1,"- ","- ",34.137691497802734,-117.49362945556641,"SAN BERNARDINO",FONTANA,-117.49382019042969,34.137851715087891
91992708,2023,2023-02-13,9855,2023-01-28,"730 ",015299,,6,1,6,3604,0,1,1,,2,101,"I-10 E/B (SAN BERNARDINO FWY)","ETIWANDA AVENUE",4300.00,E,N,A,-,Y,SBD,,10," "," ",12.006,H,,R,N,2,0,1,1,A,-,08,22107,,N,E,8,A,A,H,-,A,D,0,,,,,Y,,A,01,1,0,0,0,0,0,0,0,0,"- ","- ",34.066001892089844,-117.509033203125,"SAN BERNARDINO",FONTANA,-117.50899505615234,34.066104888916016
91997165,2023,2023-02-17,9860,2023-02-07,1506,020002,,2,2,4,3618,0,1,1,,2,203,"SR-210 W/B","5TH ST.",1425.00,W,N,A,-,Y,SBD,,210," ",R,29.978,H,,L,N,2,0,1,2,A,-,11,21954,A,N,G,B,D,A,D,-,A,D,0,Y,,,,Y,,N,60,1,0,0,0,1,0,0,0,0,"- ","- ",34.111968994140625,-117.19922637939453,"SAN BERNARDINO",HIGHLAND,-117.19927978515625,34.111961364746094
92022239,2023,2023-03-20,9865,2023-02-22,1615,021392,,3,2,9,3600,0,2,4,,2,013,"LAKE DR","KNAPPS CUTOFF",40.00,S,N,C,-,N,,,,,,,,,,N,2,0,1,2,A,-,08,22107,,F,G,B,E,B,H,-,B,D,0,Y,,,,Y,,D,22,1,0,0,0,1,0,0,0,0,"- ","- ",34.241420745849609,-117.28885650634766,"SAN BERNARDINO",UNINCORPORATED,-117.28888702392578,34.241672515869141
92030522,2023,2023-05-02,9855,2023-03-26,"252 ",022584,,7,3,6,3604,0,1,1,,2,153,"INTERSTATE 15 SOUTHBOUND (ONTARIO FREEWAY)","SUMMIT AVENUE",2548.00,S,N,A,-,Y,SBD,,15," "," ",9.192,H,,L,N,1,1,0,2,A,-,03,22350,,N,C,C,A,A,H,-,C,D,0,,,,Y,Y,,A,01,0,0,0,0,0,0,0,0,0,"- ","- ",34.146339416503906,-117.48420715332031,"SAN BERNARDINO",FONTANA,-117.48419189453125,34.146324157714844
9203309,2020,2021-01-06,3600,2020-10-04,1350,F8172,HE117,7,5,5,3619,0,0,0,,0,HE1,"AMARGOSA RD","LIVE OAK LN",0.00,S,N,A,-,N,,,,,,,,,,N,2,0,1,2,A,-,07,21658,A,N,B,C,A,A,H,-,A,D,0,,,Y,,Y,,C,02,1,0,0,0,0,0,0,0,1,"- ","- ",,,"SAN BERNARDINO",HESPERIA,,
9204177,2020,2021-02-01,3600,2020-11-11,1510,G6918,VC068,3,5,5,3612,0,0,0,,0,VC4,"BEAR VALLY RD","RT 395",0.00,,Y,A,-,Y,SBD,8,395,-,-,8.620,I,5,N,Y,2,0,1,4,A,-,12,21453,A,N,D,C,A,A,H,-,A,A,0,,,,Y,Y,,G,25,1,0,0,0,0,0,0,0,0,"- ","- ",,,"SAN BERNARDINO",VICTORVILLE,-117.39950561523438,34.470264434814453
92066610,2023,2023-05-11,9850,2023-04-27,"745 ",017377,,4,1,9,3600,0,2,4,,2,057,"SHEEP CREEK ROAD","GOSS ROAD",70.00,N,N,A,-,N,,,,,,,,,,N,2,0,1,2,A,-,08,22107,,F,G,B,F,A,H,-,A,D,0,Y,,,,Y,,A,01,1,0,0,0,1,0,0,0,0,"- ","- ",34.455619812011719,-117.57272338867188,"SAN BERNARDINO",UNINCORPORATED,-117.57273864746094,34.455612182617188
92082401,2023,2023-05-31,9870,2023-05-30,1350,019709,,2,1,9,3600,0,1,3,,1,031,"SR-62 (TWENTYNINE PALMS HWY.)","SUNFAIR ROAD",100.00,E,N,A,-,Y,SBD,,62," "," ",22.200,H,,R,N,2,0,1,2,A,-,07,21658,A,N,B,C,A,A,H,-,A,D,0,,,Y,,Y,,A,08,1,0,0,0,0,0,0,0,1,"- ","- ",34.135311126708984,-116.24658203125,"SAN BERNARDINO",UNINCORPORATED,-116.24658203125,34.135143280029297
92088566,2022,2023-06-07,9835,2022-12-27,1310,022324,,2,1,9,3600,0,1,3,,1,020,SR-127,"RIGGS RD",2957.00,N,N,B,G,Y,SBD,,127,,,25.373,H,,R,Y,1,2,0,2,A,-,05,21650,,N,A,C,A,A,H,-,A,D,0,,,,,Y,,A,08,0,0,0,0,0,0,0,0,0,"- ","- ",35.594291687011719,-116.23445892333984,"SAN BERNARDINO",UNINCORPORATED,-116.23448181152344,35.594272613525391
92090952,2022,2023-06-12,9860,2022-02-25,0525,019495,,5,3,5,3608,0,1,1,,2,105,"INTERSATE 10 EASTBOUND","NOTH UNIVERSITY STREET",1308.00,W,N,A,-,Y,SBD,,10,,,31.625,H,,R,N,1,1,0,2,A,-,11,21956,A,F,G,B,E,A,H,-,C,D,0,Y,,,,Y,,N,60,0,0,0,1,0,0,0,0,0,"- ","- ",34.058441162109375,-117.17106628417969,"SAN BERNARDINO",REDLANDS,-117.17105102539062,34.058460235595703
92100258,2023,2023-06-22,9860,2023-05-18,1915,022319,,4,2,9,3600,0,3,5,,2,003,"OPAL AVE.","BRIGHTON AVE.",50.00,S,N,A,-,N,,,,,,,,,,N,2,0,2,3,A,-,01,23152,A,F,G,1,F,A,H,-,A,D,0,Y,,,,Y,Y,D,22,1,1,0,0,2,0,0,0,0,"- ","- ",34.071079254150391,-117.13388061523438,"SAN BERNARDINO",UNINCORPORATED,-117.13377380371094,34.071125030517578
92102185,2023,2023-06-26,9865,2023-06-18,1400,021840,,7,2,9,3600,0,1,3,,1,034,SR-18,"MARBLE CANYON RD",11088.00,S,N,A,-,Y,SBD,,18," "," ",64.163,H,,R,Y,2,0,1,2,A,-,05,21460,A,N,A,C,A,A,H,-,A,D,0,,,Y,,Y,,C,02,1,0,0,0,0,0,0,0,1,"- ","- ",34.337730407714844,-116.83495330810547,"SAN BERNARDINO",UNINCORPORATED,-116.83495330810547,34.337726593017578
92104045,2023,2023-06-28,9870,2023-06-16,"910 ",016935,,5,1,9,3600,0,2,4,,2,042,"AMBOY ROAD","BELL-KING ROAD",50160.00,N,N,A,-,N,,,,,,,,,,Y,1,1,2,1,A,-,08,22107,,N,E,I,A,A,H,-,A,D,0,,,,,Y,,A,08,2,0,0,0,0,0,0,0,0,"- ","- ",34.326679229736328,-115.69410705566406,"SAN BERNARDINO",UNINCORPORATED,-115.70729827880859,34.300899505615234
9211611,2020,2022-06-11,3600,2020-06-25,1504,,YV15,4,5,3,3631,0,0,0,,0,0YV,"RT 62","AIRWAY AV",0.00,,Y,A,-,Y,SBD,8,62,-,-,12.644,I,5,W,Y,1,1,2,2,A,-,12,21453,A,N,D,C,A,A,H,-,A,A,0,,,,,Y,Y,A,01,1,1,0,0,0,0,0,0,0,"- ","- ",34.124710083007812,-116.41013336181641,"SAN BERNARDINO","YUCCA VALLEY",-116.41011047363281,34.124691009521484
9211766,2020,2021-04-01,3600,2020-08-17,0054,E8923,HI005,1,5,4,3618,0,0,0,,0,HI1,"BASELINE ST","GUTHRIE ST",180.00,E,N,A,-,N,,,,,,,,,,Y,1,1,1,2,A,-,05,21651,B,N,A,C,A,A,H,-,C,D,0,,,,,Y,,A,07,1,0,0,0,0,0,0,0,0,"- ","- ",34.121040344238281,-117.23993682861328,"SAN BERNARDINO",HIGHLAND,-117.23949432373047,34.121299743652344
9211779,2020,2021-04-01,3600,2020-09-28,0533,G9467,AP011,1,5,5,3621,0,0,0,,0,AP2,"DALE EVANS PKWY","STODDARD WELLS RD",0.00,,Y,A,-,N,,,,,,,,,,Y,1,1,1,2,A,-,12,22450,A,N,D,C,A,A,H,-,D,A,0,,,,,Y,,D,22,0,1,0,0,0,0,0,0,0,"- ","- ",,,"SAN BERNARDINO","APPLE VALLEY",-117.20710754394531,34.624118804931641
9211796,2020,2021-04-08,3610,2020-05-15,1807,50994,,5,5,6,3610,0,0,0,,0,DAVID,"N MILL ST","TIPPECANOE AV",205.00,E,N,A,-,N,,,,,,,,,,Y,1,2,0,1,A,-,01,23152,F,N,E,I,A,A,H,-,A,A,0,,,,,Y,,A,01,0,0,0,0,0,0,0,0,0,"- ","- ",34.092090606689453,-117.25968170166016,"SAN BERNARDINO","SAN BERNARDINO",-117.25955963134766,34.092140197753906
92131463,2023,2023-07-31,9850,2023-07-29,"320 ",021205,,6,3,9,3600,0,3,5,,2,001,"LAKEVIEW DR","CLUBHOUSE DR",450.00,W,N,A,-,N,,,,,,,,,,Y,2,0,4,3,A,-,01,23153,A,N,B,E,A,A,H,-,C,D,0,,,,,Y,Y,A,01,1,1,2,0,0,0,0,0,0,"- ","- ",34.755229949951172,-117.34432983398438,"SAN BERNARDINO",UNINCORPORATED,-117.34425354003906,34.755157470703125
92139028,2023,2023-08-08,9855,2023-08-01,"202 ",022055,,2,3,4,3605,0,1,1,,2,103,"I-10 W/B (SAN BERNARDINO FWY)","MONTE VISTA AVE.",600.00,W,N,A,-,Y,SBD,,10," "," ",0.529,H,,L,Y,2,0,1,3,A,-,08,22107,,F,B,C,A,A,D,-,C,D,0,,,,Y,Y,Y,-,99,1,0,0,0,0,0,0,0,0,"- ","- ",34.081859588623047,-117.70099639892578,"SAN BERNARDINO",MONTCLAIR,-117.70100402832031,34.081924438476562
92156065,2023,2023-08-28,9870,2023-08-20,"625 ",021288,,7,1,9,3600,0,1,3,,2,021,"SR-247 (OLD WOMAN SPRINGS ROAD)","BOO LANE",0.00,,Y,C,-,Y,SBD,,247," "," ",9.134,H,,R,Y,2,0,1,2,A,-,01,23152,A,N,A,C,A,B,H,-,A,D,0,,,,Y,Y,Y,A,01,1,0,0,0,0,0,0,0,0,"- ","- ",34.245960235595703,-116.43968963623047,"SAN BERNARDINO",UNINCORPORATED,-116.43966674804688,34.245960235595703
92182532,2023,2023-09-28,9870,2023-09-01,2350,022913,,5,3,9,3600,0,1,3,,1,011,"SR-62 (TWENTYNINE PALMS HWY.)","NORTH STAR TRAIL",8.00,E,N,C,-,Y,SBD,,62," "," ",2.605,H,,R,Y,2,0,1,2,A,-,21,22106,,N,D,C,A,B,H,-,D,D,0,,,,,Y,,K,45,1,0,0,0,0,0,0,0,0,"- ","- ",34.061080932617188,-116.56356048583984,"SAN BERNARDINO",UNINCORPORATED,-116.56349182128906,34.061008453369141
92195360,2023,2023-10-10,9865,2023-09-24,1755,021722,,7,2,9,3600,0,3,5,,2,002,"ROUSE RANCH ROAD","SAWMILL ROAD",528.00,S,N,A,-,N,,,,,,,,,,Y,2,0,1,2,A,-,17,21662,A,N,D,C,A,A,H,-,A,D,0,,,Y,,Y,Y,C,02,1,0,0,0,0,0,0,0,1,"- ","- ",34.270519256591797,-117.15901947021484,"SAN BERNARDINO",UNINCORPORATED,-117.154052734375,34.274921417236328
92203517,2023,2023-10-19,9860,2023-10-07,1532,021980,,6,2,5,3608,0,1,1,,2,105,"I-10 E/B","FORD ST",1056.00,E,N,A,-,Y,SBD,,10," "," ",33.377,H,,R,N,2,0,1,2,A,-,07,21658,A,N,B,C,A,A,H,-,A,D,0,,,Y,,Y,,A,01,1,0,0,0,0,0,0,0,1,"- ","- ",34.038700103759766,-117.15313720703125,"SAN BERNARDINO",REDLANDS,-117.15312957763672,34.038707733154297
92205952,2023,2023-10-23,9860,2023-10-12,"522 ",022347,,4,3,9,3600,0,3,5,,2,002,"STATE STREET","MALLORY STREET",100.00,S,N,A,-,N,,,,,,,,,,N,2,0,1,2,A,-,03,22350,,N,G,B,E,A,H,-,D,D,0,Y,,,,Y,,A,01,1,0,0,0,1,0,0,0,0,"- ","- ",34.142959594726562,-117.33553314208984,"SAN BERNARDINO",UNINCORPORATED,-117.33547210693359,34.143016815185547
92221668,2023,2023-10-27,9855,2023-10-15,1412,019732,,7,2,6,3604,0,1,1,,2,101,"I-10 W/B (SAN BERNARDINO FWY)","SIERRA AVE.",1964.00,W,N,A,-,Y,SBD,,10," "," ",15.843,H,,L,N,2,0,1,1,A,-,08,22107,,N,E,I,A,A,H,-,A,D,0,,,,,Y,,A,01,1,0,0,0,0,0,0,0,0,"- ","- ",34.06719970703125,-117.44223785400391,"SAN BERNARDINO",FONTANA,-117.44223785400391,34.067104339599609
92229444,2023,2023-11-06,9835,2023-07-30,1525,023107,,7,2,9,3600,0,1,3,,1,020,"STATE ROUTE 127","MILE POST MARKER 27",289.00,S,N,A,-,Y,SBD,,127," "," ",26.943,H,,R,Y,1,1,2,1,A,-,08,22107,,N,F,A,A,A,H,-,A,A,0,,,,,Y,,A,07,0,2,0,0,0,0,0,0,0,"- ","- ",35.610328674316406,-116.25396728515625,"SAN BERNARDINO",UNINCORPORATED,-116.25396728515625,35.610328674316406
92235402,2023,2023-11-14,9834,2023-10-12,"200 ",017540,,4,3,9,3600,0,3,5,,2,002,"KELBAKER ROAD","INTERSTATE 40",28512.00,S,N,A,-,N,,,,,,,,,,Y,1,1,3,1,A,-,08,22107,,N,E,I,A,A,H,-,D,D,0,,,,,Y,Y,A,07,0,2,1,0,0,0,0,0,0,"- ","- ",34.6427001953125,-115.67489624023438,"SAN BERNARDINO",UNINCORPORATED,-115.67842102050781,34.720081329345703
92240821,2023,2023-11-20,9865,2023-11-11,1400,021892,,6,2,9,3600,0,1,3,,2,011,"RT 18","RT 138",1320.00,N,N,A,-,Y,SBD,,18," "," ",18.238,H,,R,N,2,0,1,1,A,-,03,22350,,N,F,J,A,A,H,-,A,D,0,,,Y,,Y,,C,02,1,0,0,0,0,0,0,0,1,"- ","- ",34.226791381835938,-117.28260803222656,"SAN BERNARDINO",UNINCORPORATED,-117.28261566162109,34.226810455322266
92259702,2023,2023-12-12,9870,2023-12-05,1520,021782,,2,2,9,3600,0,1,3,,1,011,"STATE ROUTE 62 (29 PALMS HWY)","NORTH STAR TRAIL",0.00,,Y,A,-,Y,SBD,,62," "," ",2.607,H,,R,Y,2,0,4,2,A,-,01,23152,A,N,D,C,A,A,H,-,A,D,0,,,,,Y,Y,D,22,2,2,0,0,0,0,0,0,0,"- ","- ",34.061138153076172,-116.56356048583984,"SAN BERNARDINO",UNINCORPORATED,-116.56345367431641,34.061031341552734
92285162,2023,2024-01-11,9855,2023-05-26,1024,015461,,5,1,6,3616,0,1,1,,2,152,"I-15 SOUTHBOUND (ONTARIO FREEWAY)","6TH STREET",8.00,N,N,A,-,Y,SBD,,15," "," ",3.832,H,,L,Y,1,1,0,2,A,-,03,22350,,N,C,2,A,A,H,-,A,D,0,,,,Y,Y,,A,01,0,0,0,0,0,0,0,0,0,"- ","- ",34.088390350341797,-117.54486083984375,"SAN BERNARDINO","RANCHO CUCAMONGA",-117.54480743408203,34.088386535644531
9228876,2021,2021-03-29,3600,2021-02-05,1840,F7670,AP012,5,5,5,3621,0,0,0,,0,AP02,"CENTRAL RD","THUNDERBIRD RD",0.00,,Y,A,-,N,,,,,,,,,,Y,2,0,1,2,A,-,12,22450,,N,D,C,A,A,H,-,B,A,0,,,,,Y,,A,01,1,0,0,0,0,0,0,0,0,"- ","- ",,,"SAN BERNARDINO","APPLE VALLEY",-117.17294311523438,34.529617309570312
92305167,2024,2024-02-05,9870,2024-01-25,1835,023314,,4,2,9,3600,0,3,5,,2,003,"COYOTE VALLEY ROAD","OLSON ROAD",160.00,N,N,A,-,N,,,,,,,,,,N,2,0,4,1,A,-,08,22107,,N,E,I,A,A,H,-,D,D,0,,,Y,,Y,,C,06,4,0,0,0,0,0,0,0,4,"- ","- ",34.220909118652344,-116.25064086914062,"SAN BERNARDINO",UNINCORPORATED,-116.25115966796875,34.218070983886719
92310325,2023,2024-02-09,9855,2023-08-13,"452 ",022607,,7,3,6,3607,0,1,1,,2,152,"INTERSTATE 15 SOUTHBOUND TO INTERSTATE 10 EASTBOUN","ONTARIO MILLS PARKWAY",774.00,N,N,A,-,Y,SBD,,15," "," ",2.714,H,,L,Y,1,1,0,1,A,-,01,23152,A,N,E,J,A,A,H,-,D,D,0,,,,,Y,Y,D,22,0,0,0,0,0,0,0,0,0,"- ","- ",34.072200775146484,-117.54521179199219,"SAN BERNARDINO",ONTARIO,-117.5450439453125,34.072200775146484
92316664,2024,2024-02-19,9860,2024-01-29,"100 ",022736,,1,3,9,3600,0,3,5,,2,004,"LOCUST AVE","HAWTHORNE AVE",620.00,N,N,A,-,N,,,,,,,,,,Y,2,0,4,2,A,-,01,23152,A,N,C,E,A,A,H,-,D,D,0,,,,,Y,Y,A,07,1,0,3,0,0,0,0,0,0,"- ","- ",34.08306884765625,-117.40953826904297,"SAN BERNARDINO",UNINCORPORATED,-117.40956878662109,34.082988739013672
92321364,2024,2024-02-23,9865,2024-02-14,1145,016913,,3,1,9,3600,0,1,3,,2,020,"SR330 S/B","CITY CREEK BRIDGE",2112.00,N,N,A,-,Y,SBD,,330," "," ",34.068,H,,L,Y,2,0,1,1,A,-,08,22107,,N,F,I,A,A,H,-,A,D,0,,,,,Y,,A,07,1,0,0,0,0,0,0,0,0,"- ","- ",34.182018280029297,-117.17446136474609,"SAN BERNARDINO",UNINCORPORATED,-117.17421722412109,34.182022094726562
92323157,2024,2024-03-20,9835,2024-02-17,1010,022980,,6,1,9,3600,0,1,1,,2,043,"I-40 WESTBOUND","HIDDEN SPRINGS ROAD",17741.00,W,N,A,-,Y,SBD,,40," ",R,8.824,H,,L,Y,2,0,1,2,A,-,03,22350,,N,C,C,A,A,H,-,A,D,0,,,Y,,Y,,C,02,1,0,0,0,0,0,0,0,1,"- ","- ",34.849380493164062,-116.8619384765625,"SAN BERNARDINO",UNINCORPORATED,-116.8619384765625,34.849384307861328
92326529,2024,2024-02-29,9860,2024-02-10,2000,022736,,6,2,9,3600,0,3,5,,2,002,"BASELINE ST","DWIGHT WAY",0.00,,Y,A,-,N,,,,,,,,,,N,2,0,1,2,A,-,09,21801,A,N,D,C,A,A,H,-,C,D,0,,,,,Y,,D,22,1,0,0,0,0,0,0,0,0,"- ","- ",34.121429443359375,-117.25595092773438,"SAN BERNARDINO",UNINCORPORATED,-117.25596618652344,34.121311187744141
92328463,2024,2024-03-25,9860,2024-03-02,"140 ",023041,,6,3,6,3610,0,1,1,,2,216,"I-215 N/B","UNIVERSITY PKY",2904.00,S,N,B,C,Y,SBD,,215," "," ",11.082,H,,R,Y,2,0,3,2,A,-,01,23152,A,F,C,2,A,B,H,-,D,D,0,,,,,Y,Y,A,01,1,0,2,0,0,0,0,0,0,"- ","- ",34.157871246337891,-117.32745361328125,"SAN BERNARDINO","SAN BERNARDINO",-117.32743835449219,34.157875061035156
92330090,2024,2024-03-05,9865,2024-02-24,1720,021669,,6,2,9,3600,0,1,3,,2,045,SR-38,"VALLEY OF THE FALLS DRIVE",10560.00,E,N,A,-,Y,SBD,,38," "," ",16.559,H,,R,Y,2,0,1,2,A,-,01,23152,A,N,B,C,A,A,H,-,A,D,0,,,,,Y,Y,D,22,1,0,0,0,0,0,0,0,0,"- ","- ",34.110458374023438,-116.97654724121094,"SAN BERNARDINO",UNINCORPORATED,-116.97660827636719,34.11041259765625
9233760,2021,2021-04-12,3604,2021-02-13,2219,769,,6,5,6,3604,0,0,0,,0,004,"CITRUS AV","FLORENCE LN",47.00,S,N,A,-,N,,,,,,,,,,Y,2,0,1,1,A,-,03,22350,,N,E,I,A,A,H,-,C,A,0,,,,,Y,,A,01,1,0,0,0,0,0,0,0,0,"- ","- ",,,"SAN BERNARDINO",FONTANA,-117.46144866943359,34.038829803466797
92347224,2024,2024-03-26,9835,2024-03-18,1305,021448,,1,1,9,3600,0,1,3,,1,019,SR-247,"STODDARD WELLS RD",6336.00,N,N,A,-,N,,,,,,,,,,Y,2,0,1,1,A,-,03,22350,,N,F,A,A,A,H,-,A,D,0,,,Y,,Y,,C,02,1,0,0,0,0,0,0,0,1,"- ","- ",34.836109161376953,-117.02381896972656,"SAN BERNARDINO",UNINCORPORATED,-117.0238037109375,34.836090087890625
92366714,2024,2024-04-17,9855,2024-04-06,2105,021233,,6,2,9,3600,0,3,5,,2,004,"MISSION BOULEVARD (5600 BLOCK)","MISSION BLVD",15.00,W,N,A,-,N,,,,,,,,,,N,2,0,1,2,A,-,10,21950,A,N,G,B,B,A,H,-,C,A,0,Y,,,,Y,,A,01,1,0,0,0,1,0,0,0,0,"- ","- ",34.055988311767578,-117.68097686767578,"SAN BERNARDINO",UNINCORPORATED,-117.68907165527344,34.056049346923828
92374444,2024,2024-04-24,9835,2024-04-21,1636,022192,,7,2,9,3600,0,3,5,,2,032,"STODDARD WELLS ROAD",SR-247,9504.00,W,N,A,-,N,,,,,,,,,,Y,2,0,4,1,A,-,03,38305,,N,F,A,A,A,H,-,A,D,0,,,,,Y,,A,42,3,0,1,0,0,0,0,0,0,"- ","- ",34.785270690917969,-117.05518341064453,"SAN BERNARDINO",UNINCORPORATED,-117.0491943359375,34.802734375
92375288,2024,2024-04-25,9860,2024-04-10,1730,022439,,3,2,5,3608,0,1,1,,2,105,"I-10 E/B","TEXAS ST",400.00,W,N,A,-,Y,SBD,,10," "," ",30.310,H,,R,N,2,0,1,2,A,-,07,21658,A,N,C,C,A,A,H,-,A,D,0,,,Y,,Y,,A,01,1,0,0,0,0,0,0,0,1,"- ","- ",34.061878204345703,-117.19290161132812,"SAN BERNARDINO",REDLANDS,-117.19290161132812,34.061862945556641