CASE_ID,ACCIDENT_YEAR,PROC_DATE,JURIS,COLLISION_DATE,COLLISION_TIME,OFFICER_ID,REPORTING_DISTRICT,DAY_OF_WEEK,CHP_SHIFT,POPULATION,CNTY_CITY_LOC,SPECIAL_COND,BEAT_TYPE,CHP_BEAT_TYPE,CITY_DIVISION_LAPD,CHP_BEAT_CLASS,BEAT_NUMBER,PRIMARY_RD,SECONDARY_RD,DISTANCE,DIRECTION,INTERSECTION,WEATHER_1,WEATHER_2,STATE_HWY_IND,CALTRANS_COUNTY,CALTRANS_DISTRICT,STATE_ROUTE,ROUTE_SUFFIX,POSTMILE_PREFIX,POSTMILE,LOCATION_TYPE,RAMP_INTERSECTION,SIDE_OF_HWY,TOW_AWAY,COLLISION_SEVERITY,NUMBER_KILLED,NUMBER_INJURED,PARTY_COUNT,PRIMARY_COLL_FACTOR,PCF_CODE_OF_VIOL,PCF_VIOL_CATEGORY,PCF_VIOLATION,PCF_VIOL_SUBSECTION,HIT_AND_RUN,TYPE_OF_COLLISION,MVIW,PED_ACTION,ROAD_SURFACE,ROAD_COND_1,ROAD_COND_2,LIGHTING,CONTROL_DEVICE,CHP_ROAD_TYPE,PEDESTRIAN_ACCIDENT,BICYCLE_ACCIDENT,MOTORCYCLE_ACCIDENT,TRUCK_ACCIDENT,NOT_PRIVATE_PROPERTY,ALCOHOL_INVOLVED,STWD_VEHTYPE_AT_FAULT,CHP_VEHTYPE_AT_FAULT,COUNT_SEVERE_INJ,COUNT_VISIBLE_INJ,COUNT_COMPLAINT_PAIN,COUNT_PED_KILLED,COUNT_PED_INJURED,COUNT_BICYCLIST_KILLED,COUNT_BICYCLIST_INJURED,COUNT_MC_KILLED,COUNT_MC_INJURED,PRIMARY_RAMP,SECONDARY_RAMP,LATITUDE,LONGITUDE,COUNTY,CITY,POINT_X,POINT_Y
94407810,2024,2024-09-25,9860,2024-09-15,"220 ",022906,,7,3,6,3610,0,1,1,,2,216,"I-215 N/B","27TH STREET",242.00,N,N,A,-,Y,SBD,,215," "," ",9.772,H,,R,Y,2,0,1,3,A,-,08,22107,,N,B,2,A,A,H,-,C,D,0,,,,Y,Y,,D,22,1,0,0,0,0,0,0,0,0,"- ","- ",34.140899658203125,-117.31681060791016,"SAN BERNARDINO","SAN BERNARDINO",-117.31694793701172,34.140846252441406
94409832,2024,2024-09-26,9865,2024-09-19,1843,021841,,4,2,9,3600,0,1,3,,2,011,SR-18,"DALEY CANYON RD",737.00,S,N,A,-,Y,SBD,,18," "," ",23.215,H,,R,Y,2,0,1,1,A,-,08,22107,,N,F,A,A,A,H,-,B,D,0,,,Y,,Y,,C,02,1,0,0,0,0,0,0,0,1,"- ","- ",34.229709625244141,-117.21794891357422,"SAN BERNARDINO",UNINCORPORATED,-117.21795654296875,34.229724884033203
94431423,2024,2024-10-15,9865,2024-09-28,2500,023822,,6,4,9,3600,0,1,3,,2,011,SR-18,"MPM 18.49",65.00,S,N,A,-,Y,SBD,,18," "," ",18.486,H,,R,Y,2,0,1,1,C,-,18,,,N,H,J,A,A,H,-,A,D,0,,,,,Y,,-,"- ",1,0,0,0,0,0,0,0,0,"- ","- ",34.229690551757812,-117.28092956542969,"SAN BERNARDINO",UNINCORPORATED,-117.28095245361328,34.229778289794922
94432014,2024,2024-10-15,9855,2024-08-01,2354,022900,,4,3,9,3600,0,3,5,,2,001,"MERRILL AVENUE (15000 BLOCK)","GUAVA COURT",71.00,E,N,A,-,N,,,,,,,,,,N,1,1,0,2,A,-,11,21954,A,N,G,B,E,A,H,-,C,D,0,Y,,,,Y,,N,60,0,0,0,1,0,0,0,0,0,"- ","- ",34.092029571533203,-117.46363830566406,"SAN BERNARDINO",UNINCORPORATED,-117.46368408203125,34.092048645019531
94438969,2024,2024-10-21,9870,2024-10-13,"620 ",021288,,7,1,9,3600,0,1,3,,1,011,"SR-62 (TWENTYNINE PALMS HWY.)","SAMEL ROAD",201.00,W,N,A,-,Y,SBD,,62," "," ",6.348,H,,R,Y,2,0,1,1,A,-,08,22107,,N,E,I,A,A,H,-,B,D,0,,,,,Y,,A,01,1,0,0,0,0,0,0,0,0,"- ","- ",34.094108581542969,-116.51168823242188,"SAN BERNARDINO",UNINCORPORATED,-116.51158905029297,34.093986511230469
94443794,2024,2024-10-24,9855,2024-10-16,2035,018000,,3,2,6,3607,0,1,3,,2,601,"SR-60 W/B (POMONA FWY)","HAVEN AVENUE",1210.00,E,N,A,-,Y,SBD,,60," ",R,9.146,H,,L,Y,2,0,1,2,A,-,00,21960,A,N,G,B,E,A,H,-,C,D,0,Y,,,,Y,,N,60,1,0,0,0,1,0,0,0,0,"- ","- ",34.027900695800781,-117.57176208496094,"SAN BERNARDINO",ONTARIO,-117.57175445556641,34.027912139892578
94449240,2024,2024-10-29,9855,2024-10-26,"233 ",022510,,6,3,6,3616,0,1,1,,2,203,"SR-210 W/B TO CARNELIAN ST","CARNELIAN ST",413.00,E,N,A,-,Y,,,,,,,,,,Y,2,0,2,1,A,-,01,23152,A,N,E,I,A,A,H,-,D,A,0,,,,,Y,Y,A,01,1,1,0,0,0,0,0,0,0,"- ","- ",34.135368347167969,-117.61473083496094,"SAN BERNARDINO","RANCHO CUCAMONGA",-117.61395263671875,34.135089874267578
94450319,2024,2024-10-30,9860,2024-10-21,1810,022319,,1,2,6,3610,0,1,1,,2,202,"SR-210 E/B","VALENCIA AVE.",150.00,W,N,A,-,Y,SBD,,210," ",R,24.532,H,,R,Y,2,0,1,2,A,-,08,22107,,N,C,2,A,A,H,-,A,D,0,,,Y,,Y,,C,02,1,0,0,0,0,0,0,0,1,"- ","- ",34.144809722900391,-117.27316284179688,"SAN BERNARDINO","SAN BERNARDINO",-117.27316284179688,34.144790649414062
94451405,2024,2024-10-30,9835,2024-10-12,1840,022619,,6,2,9,3600,0,3,5,,2,039,"KINGSTON RD","BIRDS NEST ROAD",1500.00,N,N,A,-,Y,,,,,,,,,,N,2,0,1,2,A,-,01,23152,A,N,A,H,A,A,H,-,D,D,0,,,,,Y,Y,A,07,1,0,0,0,0,0,0,0,0,"- ","- ",35.764251708984375,-115.64305114746094,"SAN BERNARDINO",UNINCORPORATED,-115.64306640625,35.764194488525391
94457634,2024,2024-11-04,9855,2024-03-09,"254 ",022865,,6,3,6,3607,0,1,1,,2,152,"INTERSTATE-15 SOUTHBOUND (ONTARIO FWY)","PHILADELPHIA STREET",1578.00,N,N,A,-,Y,SBD,,15," "," ",0.305,H,,L,Y,1,1,1,2,A,-,01,23152,A,N,D,C,A,A,C,-,C,D,0,,,,,Y,Y,A,01,1,0,0,0,0,0,0,0,0,"- ","- ",34.037879943847656,-117.55046081542969,"SAN BERNARDINO",ONTARIO,-117.55044555664062,34.037879943847656
94460560,2024,2024-11-06,9860,2024-11-01,2055,022679,,5,2,9,3600,0,1,3,,1,010,SR-138,"WAGON TRAIN ROAD",7022.00,E,N,A,-,Y,SBD,,138," "," ",16.955,H,,R,Y,2,0,5,2,A,-,05,21460,A,N,A,C,A,A,H,-,D,D,0,,,,,Y,,D,22,2,2,1,0,0,0,0,0,0,"- ","- ",34.324138641357422,-117.45635986328125,"SAN BERNARDINO",UNINCORPORATED,-117.45636749267578,34.324161529541016
94473474,2024,2024-11-18,9850,2024-09-15,2250,019176,,7,3,9,3600,0,1,2,,2,054,US-395,"DESERT FLOWER RD",2112.00,S,N,A,-,Y,SBD,,395," "," ",20.732,H,,R,Y,1,1,1,2,A,-,05,21460,A,N,A,C,A,A,H,-,D,D,0,,,,,Y,,A,01,0,0,1,0,0,0,0,0,0,"- ","- ",34.641029357910156,-117.43321990966797,"SAN BERNARDINO",UNINCORPORATED,-117.43320465087891,34.641033172607422
9447694,2022,2022-11-04,3610,2022-09-15,1830,51304,,4,5,6,3610,0,0,0,,0,POLICE,"W BASELINE ST","N H ST",0.00,,Y,A,-,N,,,,,,,,,,Y,2,0,1,2,A,-,12,21453,A,N,D,C,A,A,H,-,A,A,0,,,Y,,Y,,C,02,1,0,0,0,0,0,0,0,1,"- ","- ",34.121341705322266,-117.3009033203125,"SAN BERNARDINO","SAN BERNARDINO",-117.30091857910156,34.121330261230469
94481642,2024,2024-11-25,9860,2024-11-10,"20  ",022906,,7,3,6,3610,0,1,1,,2,214,"I-215 S/B TO I-10",I-10,1531.00,N,N,A,-,Y,SBD,,215," "," ",4.364,H,,L,Y,2,0,1,1,A,-,01,23152,A,N,E,J,A,A,H,-,C,D,0,,,Y,,Y,Y,C,02,1,0,0,0,0,0,0,0,1,"- ","- ",34.068641662597656,-117.29604339599609,"SAN BERNARDINO","SAN BERNARDINO",-117.29598236083984,34.068637847900391
9448429,2022,2022-06-27,3600,2022-05-02,0035,I7911,BB100,1,5,2,3680,0,0,0,,0,BB1,"BIG BEAR BL","TALBOT DR",0.00,,-,A,-,Y,SBD,8,18,-,-,45.510,H,-,N,Y,2,0,1,1,A,-,03,22350,,N,F,A,A,A,H,-,D,A,0,,,,,Y,,D,22,1,0,0,0,0,0,0,0,0,"- ","- ",36.236778259277344,-116.96172332763672,"SAN BERNARDINO","BIG BEAR LAKE",-116.96242523193359,34.236839294433594
94490910,2024,2024-12-03,9835,2024-10-24,1944,023106,,4,2,3,3601,0,1,1,,2,071,"INTERSTATE 15 SOUTHBOUND","L ST",4752.00,N,N,A,-,Y,SBD,,15," "," ",72.514,H,,L,Y,1,1,0,1,A,-,08,22107,,N,E,I,A,A,H,-,D,D,0,,,,,Y,,A,07,0,0,0,0,0,0,0,0,0,"- ","- ",34.886348724365234,-117.04102325439453,"SAN BERNARDINO",BARSTOW,-117.04102325439453,34.88629150390625
94499324,2024,2024-12-13,9855,2024-12-02,"937 ",019448,,1,1,9,3600,0,2,4,,2,030,"EUCLID AVENUE","W. EUCLID CRESCENT WAY",0.00,,Y,A,-,N,,,,,,,,,,Y,2,0,1,2,A,-,08,22107,,N,D,C,A,A,H,-,A,D,0,,,Y,,Y,,D,22,1,0,0,0,0,0,0,0,1,"- ","- ",34.157791137695312,-117.65898132324219,"SAN BERNARDINO",UNINCORPORATED,-117.65876770019531,34.157772064208984
94513722,2024,2024-12-23,9855,2024-12-13,2055,023010,,5,2,6,3607,0,1,1,,2,152,"I-15 S/B (ONTARIO FWY)","JURUPA ST.",4000.00,N,N,A,-,Y,SBD,,15," "," ",1.767,H,,L,Y,2,0,1,1,A,-,01,23152,A,N,E,I,A,A,H,-,D,D,0,,,,,Y,Y,D,22,1,0,0,0,0,0,0,0,0,"- ","- ",34.05841064453125,-117.54579925537109,"SAN BERNARDINO",ONTARIO,-117.54566192626953,34.058380126953125
94517784,2024,2024-12-27,9860,2024-12-07,2255,022890,,6,3,5,3608,0,1,1,,2,104,"I-10 E/B","ALABAMA ST.",1267.00,W,N,A,-,Y,SBD,,10," "," ",29.064,H,,R,Y,2,0,2,2,A,-,08,22107,,N,D,2,A,A,H,-,C,D,0,,,,,Y,,A,01,1,0,1,0,0,0,0,0,0,"- ","- ",34.066478729248047,-117.21311187744141,"SAN BERNARDINO",REDLANDS,-117.21311187744141,34.066482543945312
94518099,2024,2024-12-27,9865,2024-12-13,1525,024215,,5,2,9,3600,0,1,3,,2,032,"SR-18 S/B","FOREST SERVICE ROAD 2N97",6336.00,N,N,A,-,Y,SBD,,18," "," ",39.218,H,,L,Y,2,0,1,1,A,-,01,23152,A,N,F,I,A,A,H,-,B,D,0,,,,,Y,Y,A,01,1,0,0,0,0,0,0,0,0,"- ","- ",34.235851287841797,-117.02755737304688,"SAN BERNARDINO",UNINCORPORATED,-117.02755737304688,34.235847473144531
9451917,2022,2022-08-24,3610,2022-04-17,0228,51268,,7,5,6,3610,0,0,0,,0,POLICE,"N CALIFORNIA ST","N COLORADO AV",347.00,N,N,A,-,N,,,,,,,,,,Y,1,1,0,2,A,-,01,23152,A,N,C,E,A,A,H,-,C,D,0,,,Y,,Y,Y,C,06,0,0,0,0,0,0,0,1,0,"- ","- ",,,"SAN BERNARDINO","SAN BERNARDINO",-117.33110046386719,34.123302459716797
94523786,2025,2025-01-02,9860,2025-01-01,"813 ",016575,,3,1,4,3603,0,1,1,,2,214,"I-215 S/B TO WASHINGTON STREET OFF-RAMP","WASHINGTON STREET OVER-CROSSING",446.00,S,N,A,-,Y,SBD,,215," "," ",2.606,H,,L,Y,2,0,3,1,A,-,01,23152,G,N,E,8,A,A,H,-,A,A,0,,,,,Y,Y,A,01,1,2,0,0,0,0,0,0,0,"- ","- ",34.047069549560547,-117.30892181396484,"SAN BERNARDINO",COLTON,-117.30876159667969,34.046913146972656
94531887,2025,2025-01-09,9870,2025-01-08,"555 ",016935,,3,3,9,3600,0,1,3,,1,041,"STATE ROUTE 62 (TWENTYNINE PALMS HIGHWAY)","IRONAGE ROAD",20.00,W,N,A,-,Y,SBD,,62," "," ",55.001,H,,R,Y,2,0,2,2,A,-,01,23152,F,N,C,C,A,A,H,-,D,D,0,,,,,Y,,A,07,1,1,0,0,0,0,0,0,0,"- ","- ",34.109649658203125,-115.68331146240234,"SAN BERNARDINO",UNINCORPORATED,-115.68330383300781,34.109664916992188
94535911,2024,2025-01-13,9865,2024-12-24,1601,018392,,2,2,9,3600,0,1,3,,1,030,SR-18,"USFS RD 2N97",400.00,N,N,C,E,Y,SBD,,18," "," ",39.120,H,,R,Y,2,0,3,2,A,-,01,23152,A,N,A,C,A,B,H,-,A,D,0,,,,,Y,Y,D,22,1,0,2,0,0,0,0,0,0,"- ","- ",34.234519958496094,-117.02703857421875,"SAN BERNARDINO",UNINCORPORATED,-117.02705383300781,34.234519958496094
94540005,2025,2025-01-16,9850,2025-01-04,1615,021639,,6,2,9,3600,0,2,4,,2,037,"BEAR VALLEY RD","CHIPMUNK RD",400.00,E,N,A,-,N,,,,,,,,,,Y,2,0,2,2,A,-,03,22350,,N,C,C,A,A,H,-,A,D,0,,,,,Y,,A,01,1,0,1,0,0,0,0,0,0,"- ","- ",34.471870422363281,-117.14933013916016,"SAN BERNARDINO",UNINCORPORATED,,
94557879,2025,2025-01-31,9870,2025-01-14,1615,016935,,2,2,9,3600,0,1,3,,1,031,"STATE ROUTE 62 (TWENTYNINE PALMS HIGHWAY)","KERR AVENUE",165.00,E,N,A,-,Y,SBD,,62," "," ",24.458,H,,R,Y,1,1,1,4,A,-,07,21658,A,F,B,C,A,A,H,-,A,D,0,,,,Y,Y,,D,22,0,0,1,0,0,0,0,0,0,"- ","- ",34.135078430175781,-116.20709228515625,"SAN BERNARDINO",UNINCORPORATED,-116.20709228515625,34.135124206542969
94562526,2025,2025-02-03,9835,2025-01-25,"535 ",023936,,6,3,9,3600,0,1,1,,2,074,"SB I-15","BASIN RD",15840.00,S,N,A,-,Y,SBD,,15," ",R,118.615,H,,L,Y,2,0,1,2,A,-,03,22350,,N,C,C,A,A,H,-,D,D,0,,,,Y,Y,,A,01,1,0,0,0,0,0,0,0,0,"- ","- ",35.097419738769531,-116.29621887207031,"SAN BERNARDINO",UNINCORPORATED,-116.29621124267578,35.097404479980469
94562673,2024,2025-02-03,9855,2024-10-06,2145,023529,,7,2,4,3605,0,1,1,,2,103,"INTERSTATE 10 EASTBOUND (SAN BERNARDINO FWY)","MONTE VISTA AVENUE",2851.00,W,N,A,-,Y,SBD,,10," "," ",0.219,H,,R,Y,1,1,0,1,A,-,08,22107,,N,E,I,A,A,H,-,D,D,0,,,,,Y,,D,22,0,0,0,0,0,0,0,0,0,"- ","- ",34.081630706787109,-117.70646667480469,"SAN BERNARDINO",MONTCLAIR,-117.70646667480469,34.081768035888672
94566402,2025,2025-02-05,9860,2025-01-08,1835,024096,,3,2,9,3600,0,3,5,,2,002,"STATE ST.","SHORT ST",0.00,,Y,A,-,N,,,,,,,,,,Y,2,0,2,3,A,-,01,23152,A,F,D,C,A,A,H,-,C,A,0,,,,,Y,Y,A,08,1,0,1,0,0,0,0,0,0,"- ","- ",34.153881072998047,-117.33527374267578,"SAN BERNARDINO",UNINCORPORATED,-117.33535766601562,34.153900146484375
94575623,2025,2025-02-12,9865,2025-02-11,"830 ",019019,,2,1,9,3600,0,1,3,,2,045,"STATE ROUTE 38","JENKS LAKE ROAD (WEST)",3696.00,E,N,A,-,Y,SBD,,38," "," ",26.136,H,,R,Y,2,0,3,2,A,-,05,21460,A,N,A,C,A,A,H,-,A,D,0,,,,,Y,,A,01,1,0,2,0,0,0,0,0,0,"- ","- ",34.169101715087891,-116.90151977539062,"SAN BERNARDINO",UNINCORPORATED,-116.9014892578125,34.169094085693359
94578323,2025,2025-02-13,9870,2025-02-03,"817 ",021288,,1,1,9,3600,0,1,3,,2,021,"SR-247 (OLD WOMAN SPRINGS ROAD)","MIKISKA BLVD",0.00,,Y,A,-,Y,SBD,,247," "," ",15.380,H,,R,Y,2,0,3,3,A,-,09,21804,A,N,D,C,A,A,H,-,A,D,0,,,,,Y,,A,07,1,2,0,0,0,0,0,0,0,"- ","- ",34.326560974121094,-116.48355102539062,"SAN BERNARDINO",UNINCORPORATED,-116.48358917236328,34.326541900634766
94578521,2025,2025-02-13,9855,2025-02-09,"200 ",022998,,7,3,6,3607,0,1,3,,2,603,"SR-60 E/B (POMONA FWY)","GROVE AVE.",2994.00,E,N,A,-,Y,SBD,,60," ",R,6.433,H,,R,Y,2,0,3,3,A,-,01,23152,A,N,A,C,A,A,H,-,D,D,0,,,,,Y,Y,A,01,2,1,0,0,0,0,0,0,0,"- ","- ",34.030448913574219,-117.61859893798828,"SAN BERNARDINO",ONTARIO,-117.61859893798828,34.030429840087891
94586275,2025,2025-02-21,9835,2025-02-10,2155,022410,,1,2,9,3600,0,1,1,,2,075,"I-15 N/B","15 SBD MPM 144.6",2000.00,N,N,A,-,Y,SBD,,15," "," ",144.802,H,,R,Y,2,0,2,1,A,-,08,22107,,N,F,A,A,A,H,-,D,D,0,,,,,Y,,A,07,1,1,0,0,0,0,0,0,0,"- ","- ",35.336681365966797,-115.96183013916016,"SAN BERNARDINO",UNINCORPORATED,-115.96186065673828,35.336711883544922
94602335,2025,2025-03-18,9860,2025-02-25,1919,022347,,2,2,4,3640,0,1,1,,2,106,"I-10 E/B","YUCAIPA BOULEVARD",4224.00,W,N,A,-,Y,SBD,,10," "," ",34.679,H,,R,Y,2,0,1,2,A,-,03,22350,,F,C,C,A,A,H,-,D,D,0,,,,,Y,,A,01,1,0,0,0,0,0,0,0,0,"- ","- ",34.030498504638672,-117.1328125,"SAN BERNARDINO",YUCAIPA,-117.13278198242188,34.030548095703125
94610839,2025,2025-03-19,9865,2025-03-12,1140,018392,,3,1,9,3600,0,2,4,,2,013,"LAKE DR","SPRINGWATER RD",0.00,,Y,C,E,N,,,,,,,,,,Y,2,0,2,2,A,-,09,21801,A,N,A,C,A,B,H,-,A,A,0,,,,,Y,,A,01,2,0,0,0,0,0,0,0,0,"- ","- ",34.243419647216797,-117.28019714355469,"SAN BERNARDINO",UNINCORPORATED,-117.28026580810547,34.243381500244141
94627416,2024,2025-03-26,9860,2024-10-20,"210 ",022875,,7,3,4,3603,0,1,1,,2,214,"INTERSTATE 215 SOUTHBOUND","IOWA AVENUE",75.00,N,N,A,-,Y,SBD,,215," "," ",0.432,H,,L,Y,1,1,0,2,A,-,01,23152,A,N,E,8,A,A,H,-,D,D,0,,,,,Y,Y,A,01,0,0,0,0,0,0,0,0,0,"- ","- ",34.024520874023438,-117.33518981933594,"SAN BERNARDINO",COLTON,-117.33514404296875,34.024490356445312
94639459,2025,2025-04-07,9850,2025-03-23,1717,023006,,7,2,9,3600,0,3,5,,2,005,"EL MIRAGE DRY LAKE BED","EL MIRAGE RD",12144.00,N,N,A,-,N,,,,,,,,,,N,2,0,3,1,A,-,08,38314,,N,F,A,A,A,H,-,A,D,0,,,,,Y,,D,22,1,2,0,0,0,0,0,0,0,"- ","- ",34.637401580810547,-117.57752227783203,"SAN BERNARDINO",UNINCORPORATED,,
9464305,2022,2023-04-21,3610,2022-12-01,1707,51195,,4,5,6,3610,0,0,0,,0,BAKER,"W 40TH ST","N F ST",52.00,E,N,A,-,N,,,,,,,,,,Y,1,1,0,2,A,-,11,21955,,F,G,B,D,A,H,-,B,A,0,Y,,,,Y,,N,60,0,0,0,1,0,0,0,0,0,"- ","- ",34.16461181640625,-117.30046081542969,"SAN BERNARDINO","SAN BERNARDINO",-117.302490234375,34.164592742919922
9464354,2022,2022-08-18,3600,2022-04-20,2246,B9547,HE123,3,5,5,3619,0,0,0,,0,HE1,"WILLOW ST","11TH AV",94.00,W,N,A,-,N,,,,,,,,,,Y,1,1,0,1,A,-,08,22107,,N,F,A,A,A,H,-,C,A,0,,,,,Y,,A,01,0,0,0,0,0,0,0,0,0,"- ","- ",,,"SAN BERNARDINO",HESPERIA,-117.32334899902344,34.434745788574219
9464395,2021,2022-09-06,3609,2021-11-05,1725,01720,127,5,5,5,3609,0,0,0,,0,002,"RIVERSIDE AV","CORNELL DR",0.00,,Y,A,-,N,,,,,,,,,,Y,1,1,0,2,A,-,09,21804,A,N,D,C,A,A,H,-,A,D,0,,,Y,,Y,,A,01,0,0,0,0,0,0,0,1,0,"- ","- ",34.11083984375,-117.37036895751953,"SAN BERNARDINO",RIALTO,-117.37036895751953,34.110988616943359
94683656,2025,2025-05-12,9860,2025-05-03,1810,022679,,6,2,6,3610,0,1,1,,2,202,"SR-210 E/B TO HIGHLAND AVENUE","HIGHLAND AVENUE",361.00,W,N,A,-,Y,SBD,,210," ",R,26.619,H,,R,Y,2,0,4,3,A,-,01,23152,A,N,C,2,F,A,H,-,A,D,0,Y,,,,Y,Y,A,07,1,0,3,0,1,0,0,0,0,"- ","- ",34.136550903320312,-117.23876190185547,"SAN BERNARDINO","SAN BERNARDINO",-117.23861694335938,34.136791229248047
9468551,2023,2023-03-15,3600,2023-01-24,1102,14860,AP007,2,5,5,3621,0,0,0,,0,AP2,"RT 18","FLATHEAD RD",0.00,,Y,A,-,Y,SBD,8,18,-,-,90.235,I,5,N,Y,2,0,2,2,D,-,00,,,N,D,C,A,A,H,-,A,A,0,,,,,Y,,-,"- ",1,0,1,0,0,0,0,0,0,"- ","- ",,,"SAN BERNARDINO","APPLE VALLEY",-117.20672607421875,34.514545440673828
94701480,2025,2025-05-27,9860,2025-05-14,1935,022875,,3,2,9,3600,0,3,5,,2,004,"11TH STREET","LINDEN AVE",270.00,W,N,A,-,N,,,,,,,,,,N,2,0,1,2,A,-,05,21651,B,F,D,C,A,A,H,-,B,D,0,,,Y,,Y,Y,C,02,1,0,0,0,0,0,0,0,1,"- ","- ",34.044540405273438,-117.40171051025391,"SAN BERNARDINO",UNINCORPORATED,-117.40162658691406,34.044517517089844
94702409,2025,2025-05-27,9835,2025-05-20,"248 ",022341,,2,3,9,3600,0,1,1,,2,041,"I-40 E/B","DAGGETT RD",7762.00,W,N,A,-,Y,SBD,,40," ",R,8.659,H,,L,Y,2,0,1,2,A,-,02,22400,A,N,C,C,A,A,H,-,D,D,0,,,,Y,Y,,A,01,1,0,0,0,0,0,0,0,0,"- ","- ",34.849948883056641,-116.86476898193359,"SAN BERNARDINO",UNINCORPORATED,-116.86476135253906,34.849967956542969
94703596,2025,2025-05-28,9835,2025-05-25,1111,017111,,7,1,9,3600,0,1,1,,2,047,"I-40 W/B","KELBAKER RD",34320.00,W,N,A,-,Y,SBD,,40," ",R,73.527,H,,L,N,2,0,2,1,A,-,08,22107,,N,F,A,A,A,H,-,A,D,0,,,,,Y,,A,01,2,0,0,0,0,0,0,0,0,"- ","- ",34.717159271240234,-115.76004791259766,"SAN BERNARDINO",UNINCORPORATED,-115.76005554199219,34.717094421386719
94717749,2025,2025-06-09,9860,2025-03-23,1855,022931,,7,2,9,3600,0,2,4,,1,131,"LYTLE CREEK RD","BIG TREE CUCAMONGA",3280.00,N,N,A,-,N,,,,,,,,,,Y,2,0,1,1,A,-,03,22350,,N,E,8,A,A,H,-,B,D,0,,,,,Y,,A,07,1,0,0,0,0,0,0,0,0,"- ","- ",34.207889556884766,-117.45642852783203,"SAN BERNARDINO",UNINCORPORATED,-117.45640563964844,34.207805633544922
94727163,2025,2025-06-16,9855,2025-05-18,"805 ",021371,,7,1,6,3607,0,1,1,,2,103,"INTERSTATE 10 WESTBOUND TO 4TH STREET","4TH STREET",3.00,S,N,A,-,Y,,,,,,,,,,Y,1,1,0,1,A,-,03,22350,,N,E,8,A,A,H,-,A,A,0,,,,,Y,,A,01,0,0,0,0,0,0,0,0,0,"- ","- ",34.077571868896484,-117.62226867675781,"SAN BERNARDINO",ONTARIO,-117.62324523925781,34.077705383300781
94738020,2025,2025-06-24,9830,2025-06-16,"445 ",019883,,1,3,9,3600,0,1,2,,1,063,US-395,"TRONA RD.",1056.00,S,N,A,-,Y,SBD,,395," "," ",72.604,H,,R,Y,2,0,2,2,A,-,05,21460,A,N,A,C,A,A,H,-,B,D,0,,,,,Y,,A,01,1,1,0,0,0,0,0,0,0,"- ","- ",35.365001678466797,-117.61759948730469,"SAN BERNARDINO",UNINCORPORATED,-117.61754608154297,35.365020751953125
94758358,2025,2025-07-11,9860,2025-01-01,"255 ",022439,,3,3,9,3600,0,1,1,,2,216,"INTERSTATE 215 SOUTHBOUND TO 5TH STREET","5TH STREET",750.00,N,N,A,-,Y,SBD,,215," "," ",7.353,H,,L,N,1,1,0,3,A,-,11,21956,A,N,G,B,E,A,H,-,D,D,0,Y,,,,Y,Y,N,60,0,0,0,1,0,0,0,0,0,"- ","- ",34.110691070556641,-117.30306243896484,"SAN BERNARDINO",UNINCORPORATED,-117.30282592773438,34.110687255859375
9478036,2022,2022-08-05,3600,2022-07-08,0957,H7639,YV013,5,5,3,3631,0,0,0,,0,YV1,"JOSHUA DR","GRAND AV",0.00,,Y,A,-,N,,,,,,,,,,Y,2,0,3,2,A,-,01,23152,A,N,D,C,A,A,H,-,A,A,0,,,,,Y,,D,22,1,2,0,0,0,0,0,0,0,"- ","- ",34.104888916015625,-116.42658996582031,"SAN BERNARDINO","YUCCA VALLEY",-116.42661285400391,34.104942321777344
9480679,2022,2022-07-27,3608,2022-06-26,1142,4298,,7,5,5,3608,0,0,0,,0,,"CITRUS AV","EUREKA ST",120.00,E,N,A,-,N,,,,,,,,,,Y,2,0,1,1,A,-,08,22107,,N,E,I,A,A,H,-,A,D,0,,,Y,,Y,,C,02,1,0,0,0,0,0,0,0,1,"- ","- ",,,"SAN BERNARDINO",REDLANDS,-117.18511199951172,34.055496215820312
9484724,2022,2022-08-24,3605,2022-08-02,1236,461,,2,5,4,3605,0,0,0,,0,,"BROOKS ST","MONTE VISTA AV",760.00,E,N,A,-,N,,,,,,,,,,N,2,0,2,2,A,-,08,22107,,N,B,C,A,A,H,-,A,D,0,,,,,Y,,A,07,1,0,1,0,0,0,0,0,0,"- ","- ",,,"SAN BERNARDINO",MONTCLAIR,-117.69577026367188,34.061641693115234