CASE_ID,ACCIDENT_YEAR,PROC_DATE,JURIS,COLLISION_DATE,COLLISION_TIME,OFFICER_ID,REPORTING_DISTRICT,DAY_OF_WEEK,CHP_SHIFT,POPULATION,CNTY_CITY_LOC,SPECIAL_COND,BEAT_TYPE,CHP_BEAT_TYPE,CITY_DIVISION_LAPD,CHP_BEAT_CLASS,BEAT_NUMBER,PRIMARY_RD,SECONDARY_RD,DISTANCE,DIRECTION,INTERSECTION,WEATHER_1,WEATHER_2,STATE_HWY_IND,CALTRANS_COUNTY,CALTRANS_DISTRICT,STATE_ROUTE,ROUTE_SUFFIX,POSTMILE_PREFIX,POSTMILE,LOCATION_TYPE,RAMP_INTERSECTION,SIDE_OF_HWY,TOW_AWAY,COLLISION_SEVERITY,NUMBER_KILLED,NUMBER_INJURED,PARTY_COUNT,PRIMARY_COLL_FACTOR,PCF_CODE_OF_VIOL,PCF_VIOL_CATEGORY,PCF_VIOLATION,PCF_VIOL_SUBSECTION,HIT_AND_RUN,TYPE_OF_COLLISION,MVIW,PED_ACTION,ROAD_SURFACE,ROAD_COND_1,ROAD_COND_2,LIGHTING,CONTROL_DEVICE,CHP_ROAD_TYPE,PEDESTRIAN_ACCIDENT,BICYCLE_ACCIDENT,MOTORCYCLE_ACCIDENT,TRUCK_ACCIDENT,NOT_PRIVATE_PROPERTY,ALCOHOL_INVOLVED,STWD_VEHTYPE_AT_FAULT,CHP_VEHTYPE_AT_FAULT,COUNT_SEVERE_INJ,COUNT_VISIBLE_INJ,COUNT_COMPLAINT_PAIN,COUNT_PED_KILLED,COUNT_PED_INJURED,COUNT_BICYCLIST_KILLED,COUNT_BICYCLIST_INJURED,COUNT_MC_KILLED,COUNT_MC_INJURED,PRIMARY_RAMP,SECONDARY_RAMP,LATITUDE,LONGITUDE,COUNTY,CITY,POINT_X,POINT_Y
6742120,2014,2015-01-02,9855,2014-10-31,1115,17313,,5,1,5,3602,0,1,3,,2,603,"RT 60","MONTE VISTA AV",300.00,E,N,A,-,Y,,,60,,,,,,,Y,2,0,1,2,A,-,03,22350,,N,C,C,A,A,H,-,A,D,0,,,Y,,Y,,C,02,1,0,0,0,0,0,0,0,1,"- ","- ",34.029029999999999,-117.71518,"SAN BERNARDINO",CHINO,-117.71521383,34.029142759999999
6742452,2014,2015-01-27,9860,2014-11-28,2130,20051,,5,2,6,3610,0,3,5,,2,002,"DARBY ST","CALIFORNIA ST",0.00,,Y,A,-,N,,,,,,,,,,Y,2,0,2,1,A,-,03,22350,,F,E,I,A,A,H,-,D,D,0,,,,,Y,,A,01,2,0,0,0,0,0,0,0,0,"- ","- ",34.146700000000003,-117.3312,"SAN BERNARDINO","SAN BERNARDINO",-117.33112006,34.14664011
6747979,2014,2015-01-26,9835,2014-11-20,1911,18085,,4,2,9,3600,0,3,5,,2,039,"MORNING STAR MINE RD","IVANPAH RD",1584.00,W,N,B,-,N,,,,,,,,,,Y,2,0,2,1,A,-,08,22107,,N,F,A,A,A,H,-,D,D,0,,,,,Y,,A,01,1,1,0,0,0,0,0,0,0,"- ","- ",,,"SAN BERNARDINO",UNINCORPORATED,-115.3822059,35.410863689999999
6752062,2014,2015-02-13,3600,2014-12-03,1906,B7126,VC024,3,5,5,3612,0,0,0,,0,VC3,"3RD AV","NISQUALLI RD",0.00,,Y,B,C,N,,,,,,,,,,Y,2,0,3,2,A,-,01,23152,A,N,D,C,A,-,H,-,C,A,0,,,,Y,Y,Y,D,22,2,0,1,0,0,0,0,0,0,"- ","- ",,,"SAN BERNARDINO",VICTORVILLE,-117.30377003,34.485390010000003
6752963,2014,2015-01-23,3600,2014-11-24,1827,F2751,LL011,1,5,3,3615,0,0,0,,0,LL2,"BARTON RD","ANDERSON ST",8.00,E,N,A,-,N,,,,,,,,,,N,2,0,1,2,A,-,11,21950,B,N,G,B,B,A,H,-,C,A,0,Y,,,,Y,,N,60,1,0,0,0,1,0,0,0,0,"- ","- ",,,"SAN BERNARDINO","LOMA LINDA",-117.26108367,34.04842
6763181,2014,2015-01-23,3607,2014-11-23,1005,80465,58,7,5,6,3607,0,0,0,,0,011,"MOUNTAIN AV","I ST",0.00,,Y,A,-,N,,,,,,,,,,Y,2,0,1,2,A,-,09,21801,A,N,A,C,A,A,H,-,A,A,0,,,,,Y,,-,,1,0,0,0,0,0,0,0,0,"- ","- ",,,"SAN BERNARDINO",ONTARIO,-117.67009007,34.074200040000001
6769059,2015,2016-10-11,9860,2015-03-08,2350,19674,,7,3,6,3610,0,1,1,,2,216,"RT 215","PALM AV",420.00,S,N,A,-,Y,SBD,8,215,-,-,13.877,R,2,S,N,2,0,1,1,A,-,03,22350,,N,E,I,A,A,H,-,D,D,1,,,Y,,Y,,C,02,1,0,0,0,0,0,0,0,1,FR,"- ",34.189059999999998,-117.36051999999999,"SAN BERNARDINO","SAN BERNARDINO",-117.35837103999999,34.188827349999997
6769064,2015,2016-10-24,9860,2015-03-15,2140,19674,,7,2,4,3603,0,1,1,,2,214,"RT 215","WASHINGTON ST",450.00,S,N,A,-,Y,SBD,8,215,-,-,2.600,H,-,N,Y,2,0,1,3,A,-,08,22107,,N,B,C,A,A,D,-,D,D,1,,,Y,,Y,,C,02,1,0,0,0,0,0,0,0,1,"- ","- ",34.046939999999999,-117.30819,"SAN BERNARDINO",COLTON,-117.30862,34.046771739999997
6778466,2015,2016-10-04,9860,2015-01-03,2220,20626,,6,3,4,3603,0,1,1,,2,103,"RT 10","RANCHO AV",200.00,W,N,A,-,Y,SBD,8,10,-,R,21.920,H,-,E,Y,2,0,1,2,A,-,03,22350,,N,C,C,A,A,H,-,D,D,1,,,,Y,Y,,A,08,1,0,0,0,0,0,0,0,0,"- ","- ",34.067970000000003,-117.33816,"SAN BERNARDINO",COLTON,-117.33648340000001,34.067592349999998
6779507,2014,2015-02-12,3605,2014-12-05,1205,142,,5,5,4,3605,0,0,0,,0,,"RAMONA AV","DALE ST",0.00,,Y,A,-,N,,,,,,,,,,Y,2,0,4,2,D,-,00,,,N,A,C,A,A,H,-,A,A,0,,,,,Y,,-,"- ",1,0,3,0,0,0,0,0,0,"- ","- ",,,"SAN BERNARDINO",MONTCLAIR,-117.70695010999999,34.057780039999997
6782783,2015,2015-02-20,3604,2015-01-09,2125,1111,,5,5,6,3604,0,0,0,,0,,"REED ST","BLANCHARD AV",40.00,W,N,A,-,N,,,,,,,,,,N,2,0,1,1,A,-,03,22350,,N,A,I,A,A,H,-,C,D,0,,,Y,,Y,,C,02,1,0,0,0,0,0,0,0,1,"- ","- ",,,"SAN BERNARDINO",FONTANA,-117.42892175999999,34.1098
6787728,2014,2015-01-28,3604,2014-11-30,1916,680,,7,5,6,3604,0,0,0,,0,,MULBERRY,CHERRY,125.00,S,N,B,C,N,,,,,,,,,,Y,2,0,2,1,A,-,03,22350,,N,E,I,A,B,H,-,C,A,0,,,,,Y,,A,07,1,1,0,0,0,0,0,0,0,"- ","- ",,,"SAN BERNARDINO",FONTANA,-117.50696814,34.035227470000002
6790117,2015,2015-02-20,9865,2015-01-04,1825,020822,,7,2,9,3600,0,3,5,,2,001,"MAZANITA DR","PINE DR",10.00,S,N,A,-,N,,,,,,,,,,N,2,0,1,1,A,-,13,22515,A,N,H,J,A,A,H,-,D,D,0,,,,,Y,,A,07,1,0,0,0,0,0,0,0,0,"- ","- ",34.254399999999997,-117.17674,"SAN BERNARDINO",UNINCORPORATED,-117.2128,34.27419261
6794913,2014,2015-02-12,9860,2014-12-21,2101,19449,,7,2,5,3609,0,1,1,,2,102,"RT 10","RIVERSIDE AV",80.00,E,N,A,-,Y,,,10,,,,,,,Y,2,0,1,2,A,-,03,22350,,N,C,C,A,A,H,-,D,D,0,,,,,Y,,A,01,1,0,0,0,0,0,0,0,0,"- ","- ",34.069189999999999,-117.36982999999999,"SAN BERNARDINO",RIALTO,-117.36983044,34.068963400000001
6794930,2014,2015-02-12,9860,2014-12-30,1742,18131,,2,2,9,3600,0,1,3,,1,380,"RT 38","WARD WY",1320.00,E,N,C,-,Y,,,38,,,,,,,N,2,0,1,2,A,-,11,21954,A,N,G,B,E,B,H,-,D,D,0,Y,,,,Y,,N,60,1,0,0,0,1,0,0,0,0,"- ","- ",34.073219999999999,-117.08834,"SAN BERNARDINO",UNINCORPORATED,-117.08834045,34.073270839999999
6794962,2014,2015-02-13,9860,2014-12-10,2259,018275,,3,3,6,3610,0,1,1,,2,216,"RT 215","HIGHLAND AV",12.00,N,N,A,-,Y,,,215,,,,,,,Y,2,0,3,1,A,-,01,23152,A,N,E,I,A,A,H,-,C,A,0,,,,,Y,Y,A,07,3,0,0,0,0,0,0,0,0,FR,"- ",34.136159999999997,-117.31175,"SAN BERNARDINO","SAN BERNARDINO",-117.31196799999999,34.13562142
6794983,2015,2016-10-11,9865,2015-01-17,2025,018392,,6,2,9,3600,0,1,3,,2,020,"RT 330","FOREST SERVICE RD 1N09",4752.00,N,N,A,-,Y,SBD,8,330,-,-,36.790,H,-,S,Y,2,0,2,2,A,-,01,23152,A,F,A,C,A,A,H,-,D,D,0,,,,,Y,Y,A,07,1,1,0,0,0,0,0,0,0,"- ","- ",34.179609999999997,-117.14364,"SAN BERNARDINO",UNINCORPORATED,-117.14347729000001,34.179940469999998
6796528,2015,2016-10-11,9860,2015-01-20,0420,18275,,2,3,6,3610,0,1,1,,2,214,"RT 215","INLAND CENTER DR",1200.00,S,N,A,-,Y,SBD,8,215,-,-,5.350,H,-,S,Y,2,0,3,2,A,-,01,23152,A,N,C,C,A,A,H,-,D,D,1,,,,,Y,Y,A,01,1,1,1,0,0,0,0,0,0,"- ","- ",34.082000000000001,-117.29900000000001,"SAN BERNARDINO","SAN BERNARDINO",-117.29923175,34.082197809999997
6799857,2015,2015-03-05,3600,2015-01-10,2313,E3900,VC019,6,5,5,3612,0,0,0,,0,002,"7TH ST","7TH ST 14225",0.00,,N,C,-,N,,,,,,,,,,N,2,0,1,2,D,-,00,,,F,G,B,F,B,H,-,C,-,0,Y,,,,Y,,-,"- ",1,0,0,0,1,0,0,0,0,"- ","- ",,,"SAN BERNARDINO",VICTORVILLE,-117.31965065,34.509657619999999
6806037,2014,2015-02-23,9855,2014-10-08,1140,012923,,3,1,5,3602,0,1,3,,2,603,"RT 60","BENSON AV",2084.00,E,N,A,-,Y,,,60,,,,,,,Y,2,0,1,6,A,-,03,22350,,N,C,C,A,A,H,-,A,D,0,,,,Y,Y,,G,25,1,0,0,0,0,0,0,0,0,"- ","- ",34.030149999999999,-117.67374,"SAN BERNARDINO",CHINO,-117.67374051,34.03026715
6812907,2014,2015-02-18,9865,2014-12-29,2010,014696,,1,2,9,3600,0,1,3,,2,017,"RT 173","RAINBOW LN",2112.00,E,N,A,-,Y,,,,,,,,,,Y,2,0,1,1,A,-,01,23152,A,N,E,I,A,A,H,-,D,A,0,,,,,Y,Y,A,07,1,0,0,0,0,0,0,0,0,"- ","- ",,,"SAN BERNARDINO",UNINCORPORATED,-117.19650719000001,34.243452779999998
6815049,2014,2016-01-12,3600,2014-10-08,1944,E2055,VC042,3,5,5,3612,0,0,0,,0,VC1,"D ST","10TH ST",32.00,E,N,A,-,N,,,,,,,,,,Y,1,1,1,2,A,-,09,21801,A,N,D,C,A,A,H,-,C,A,0,,,Y,,Y,,D,22,0,0,1,0,0,0,0,1,0,"- ","- ",,,"SAN BERNARDINO",VICTORVILLE,-117.29015448,34.534268529999999
6817199,2014,2015-02-20,3610,2014-11-26,1727,50603,,3,5,6,3610,0,0,0,,0,,"N E ST","W 18TH ST",126.00,N,N,A,-,N,,,,,,,,,,N,2,0,1,2,A,-,11,21950,B,N,G,B,D,A,H,-,E,A,0,Y,,,,Y,,N,60,1,0,0,0,1,0,0,0,0,"- ","- ",,,"SAN BERNARDINO","SAN BERNARDINO",-117.29416000000001,34.131785180000001
6818462,2015,2015-02-26,3610,2015-01-07,1854,50525,,3,5,6,3610,0,0,0,,0,,"NORTH ARROWHEAD AV","W 10TH ST",120.00,N,N,A,-,N,,,,,,,,,,Y,2,0,1,2,A,-,11,21954,A,N,G,B,D,A,H,-,C,D,0,Y,,,,Y,,N,60,1,0,0,0,1,0,0,0,0,"- ","- ",,,"SAN BERNARDINO","SAN BERNARDINO",-117.28964999999999,34.117968740000002
6824668,2015,2016-04-29,3609,2015-02-04,1828,3156,119,3,5,5,3609,0,0,0,,0,003,"FOOTHILL BL","MAPLE AV",18.00,E,N,A,-,N,,,,,,,,,,N,2,0,1,2,A,-,11,21950,B,N,G,B,B,A,H,-,C,A,0,Y,,,,Y,,N,60,1,0,0,0,1,0,0,0,0,"- ","- ",,,"SAN BERNARDINO",RIALTO,-117.40521071000001,34.106729999999999
6824861,2015,2015-03-05,3609,2015-01-21,1259,6367,111,3,5,5,3609,0,0,0,,0,002,"N RIVERSIDE AV","N RIVERSIDE AV 1134",0.00,,Y,A,-,N,,,,,,,,,,N,2,0,3,3,B,-,22,,,N,E,I,A,A,H,-,A,D,0,,,,,Y,Y,A,01,1,1,1,0,0,0,0,0,0,"- ","- ",,,"SAN BERNARDINO",RIALTO,-117.37040699000001,34.119913259999997
6829949,2015,2016-12-19,9835,2015-04-10,1620,021001,,5,2,9,3600,0,1,1,,2,047,"RT 40","SIBERIA WASH",13675.00,W,N,A,-,Y,SBD,8,40,-,R,62.800,H,-,W,Y,2,0,1,2,A,-,01,23152,A,N,C,C,A,A,H,-,A,D,1,,,,Y,Y,Y,A,01,1,0,0,0,0,0,0,0,0,"- ","- ",,,"SAN BERNARDINO",UNINCORPORATED,-115.94381844,34.725877480000001
6832672,2015,2016-09-28,9860,2015-01-03,0244,19674,,6,3,6,3610,0,1,1,,2,201,"RT 210","27TH ST",956.00,N,N,A,-,Y,SBD,8,210,-,-,21.565,R,2,E,Y,2,0,4,1,A,-,01,23152,A,N,E,I,A,A,H,-,D,D,1,,,,,Y,Y,A,01,2,1,1,0,0,0,0,0,0,TO,"- ",34.142040000000001,-117.31883999999999,"SAN BERNARDINO","SAN BERNARDINO",-117.32345219,34.140815920000001
6832685,2015,2016-10-11,9860,2015-02-16,0934,12988,,1,1,6,3610,0,1,1,,2,216,"RT 215","DEVORE RD",5280.00,S,N,A,-,Y,SBD,8,215,-,-,16.320,H,-,N,Y,2,0,1,2,A,-,01,23152,A,N,C,C,A,A,D,-,A,D,1,,,,,Y,Y,A,01,1,0,0,0,0,0,0,0,0,"- ","- ",34.213360000000002,-117.39068,"SAN BERNARDINO","SAN BERNARDINO",-117.38975305,34.213072920000002
6832697,2015,2016-09-12,9860,2015-02-21,1740,19419,,6,2,9,3600,0,1,3,,1,010,"RT 138","RT 15",5280.00,E,N,A,-,Y,SBD,8,138,-,T,16.300,H,-,E,Y,2,0,1,1,A,-,08,22107,,N,F,A,A,A,H,-,B,D,0,,,Y,,Y,,C,02,1,0,0,0,0,0,0,0,1,"- ","- ",34.321010000000001,-117.45992,"SAN BERNARDINO",UNINCORPORATED,-117.65969500999999,34.451617130000002
6844687,2015,2016-03-08,9850,2015-02-12,1535,017730,,4,2,9,3600,0,2,4,,2,066,"PHELAN RD","SONORA RD",10.00,E,N,A,-,N,,,,,,,,,,Y,2,0,3,3,A,-,03,22350,,F,C,C,A,A,H,-,A,D,0,,,,,Y,,A,01,1,0,2,0,0,0,0,0,0,"- ","- ",34.426679999999998,-117.51201,"SAN BERNARDINO",UNINCORPORATED,-117.51222693,34.426569999999998
6852630,2015,2016-10-14,9835,2015-02-24,2500,16883,,2,4,9,3600,0,1,1,,2,072,"RT 15","OLD HWY 58",422.00,N,N,A,-,Y,SBD,8,15,-,-,76.960,H,-,S,Y,2,0,2,1,A,-,01,23152,A,F,F,A,A,A,H,-,A,D,1,,,,,Y,Y,A,01,1,1,0,0,0,0,0,0,0,"- ","- ",34.542400000000001,-116.5818,"SAN BERNARDINO",UNINCORPORATED,-116.97134674,34.908426589999998
6854033,2014,2015-03-27,9870,2014-12-30,1730,20829,,2,2,9,3600,0,1,3,,2,021,"RT 247","RECHE RD",0.00,,Y,B,D,Y,SBD,8,247,-,-,10.636,I,5,S,Y,1,1,1,2,A,-,09,21802,A,N,D,C,A,B,H,-,C,A,0,,,,,Y,,A,01,1,0,0,0,0,0,0,0,0,"- ","- ",34.265839999999997,-116.44553000000001,"SAN BERNARDINO",UNINCORPORATED,-116.4454145,34.265853159999999
6854097,2014,2016-01-14,3603,2014-07-02,2338,926,,3,5,4,3603,0,0,0,,0,,"MT VERNON","OLIVE ST",288.00,S,N,A,-,N,,,,,,,,,,Y,1,1,0,1,A,-,03,22350,,N,E,I,A,A,H,-,C,A,0,,,Y,,Y,,C,02,0,0,0,0,0,0,0,1,0,"- ","- ",,,"SAN BERNARDINO",COLTON,-117.31384643,34.07674102
6854200,2014,2015-04-11,3607,2014-09-30,1813,80154,125,2,5,6,3607,0,0,0,,0,012,"HOLT BL","LAUREL AV",0.00,,Y,A,-,N,,,,,,,,,,Y,1,1,1,3,A,-,10,21950,A,N,G,B,B,A,H,-,B,D,0,Y,,,,Y,,-,,0,1,0,1,1,0,0,0,0,"- ","- ",,,"SAN BERNARDINO",ONTARIO,-117.65238005,34.063350030000002
6854306,2014,2015-04-28,3600,2014-10-18,0645,A9600,HE325,6,5,5,3619,0,0,0,,0,003,"CALIENTE RD","EL CENTRO RD",731.00,S,N,A,-,N,,,,,,,,,,Y,1,1,0,1,A,-,05,21650,,N,F,A,A,A,H,-,D,A,0,,,,,Y,,A,01,0,0,0,0,0,0,0,0,0,"- ","- ",,,"SAN BERNARDINO",HESPERIA,-117.41130216000001,34.388583480000001
6854472,2014,2016-01-08,3600,2014-05-11,0656,D4301,HE128,7,5,5,3619,0,0,0,,0,HE128,"BALSAM AV","MAIN ST",17.00,N,N,A,-,N,,,,,,,,,,Y,1,5,1,2,A,-,01,23152,,N,D,C,A,A,H,-,A,A,0,,,,,Y,,A,01,0,0,1,0,0,0,0,0,0,"- ","- ",,,"SAN BERNARDINO",HESPERIA,-117.32972398,34.42689464
6854489,2015,2015-05-01,9860,2015-01-11,1040,18905,,7,1,6,3610,0,1,1,,2,214,"RT 215","5TH ST",298.00,S,N,B,C,Y,SBD,8,215,-,-,7.115,R,3,S,Y,1,1,0,2,A,-,08,22107,,N,E,I,A,B,H,-,A,D,1,,,,,Y,,A,07,0,0,0,0,0,0,0,0,0,"- ","- ",34.106749999999998,-117.30269,"SAN BERNARDINO","SAN BERNARDINO",-117.30296324,34.107312399999998
6854499,2014,2015-07-02,3600,2014-11-25,1345,C9389,VC024,2,5,5,3612,0,0,0,,0,003,"HESPERIA RD","OTTAWA ST",650.00,N,N,A,-,N,,,,,,,,,,Y,1,1,1,2,A,-,01,23152,E,N,A,C,A,A,H,-,A,D,0,,,,,Y,Y,A,01,0,1,0,0,0,0,0,0,0,"- ","- ",,,"SAN BERNARDINO",VICTORVILLE,-117.29186589,34.494497789999997
6854655,2015,2015-07-15,9835,2015-05-11,0229,015354,,1,3,9,3600,0,1,1,,2,076,"RT 15","CIMA RD",20803.00,N,N,A,-,Y,SBD,8,15,-,-,166.530,H,-,S,Y,1,2,4,1,A,-,08,22107,,N,E,I,A,A,H,-,D,D,1,,,,,Y,,A,07,0,4,0,0,0,0,0,0,0,"- ","- ",35.4666,-115.60948999999999,"SAN BERNARDINO",UNINCORPORATED,-115.61310192000001,35.46577242
6854656,2015,2015-07-15,9870,2015-05-17,2110,019709,,7,2,9,3600,0,1,3,,1,031,"RT 62","JUNIPER RD",447.00,E,N,A,-,Y,SBD,8,62,-,-,17.290,H,-,E,Y,1,2,1,2,A,-,01,23152,A,N,C,C,A,A,H,-,C,D,0,,,,,Y,Y,A,01,0,1,0,0,0,0,0,0,0,"- ","- ",34.134860000000003,-116.33074999999999,"SAN BERNARDINO",UNINCORPORATED,-116.33227854,34.13493897
6856130,2015,2015-03-24,3609,2015-03-03,2216,2901,98,2,5,5,3609,0,0,0,,0,002,"BASELINE RD","RIVERSIDE AV",0.00,,Y,A,-,N,,,,,,,,,,Y,2,0,2,2,A,-,12,21453,A,N,D,C,A,A,H,-,C,A,0,,,,,Y,,A,01,1,1,0,0,0,0,0,0,0,"- ","- ",,,"SAN BERNARDINO",RIALTO,-117.37042009,34.121350049999997
6860755,2015,2015-03-25,3607,2015-02-19,1041,80317,810,4,5,6,3607,0,0,0,,0,081,"GROVE AV","EUCALYPTUS AV",0.00,,Y,A,-,N,,,,,,,,,,Y,2,0,1,2,A,-,08,22107,,N,D,C,A,A,G,-,A,D,0,,,,,Y,,-,,1,0,0,0,0,0,0,0,0,"- ","- ",,,"SAN BERNARDINO",ONTARIO,-117.62805007,33.990410089999997
6862647,2015,2015-04-16,9850,2015-03-04,2215,019278,,3,3,9,3600,0,3,5,,2,003,"TUSSING RANCH RD","MOCKINGBIRD AV",600.00,W,N,A,-,N,,,,,,,,,,Y,2,0,2,1,A,-,01,23152,A,N,E,I,A,A,H,-,D,D,0,,,,,Y,,D,22,1,1,0,0,0,0,0,0,0,"- ","- ",34.44238,-117.2192,"SAN BERNARDINO",UNINCORPORATED,-117.21836380000001,34.442457789999999
6865893,2015,2016-09-12,9835,2015-03-15,1720,20993,,7,2,9,3600,0,1,1,,2,043,"RT 40","DESERT OASIS REST AREA",6811.00,E,N,A,-,Y,SBD,8,40,-,R,29.610,H,-,E,Y,2,0,1,1,A,-,01,23152,A,N,F,A,A,A,H,-,A,D,1,,,,,Y,Y,A,07,1,0,0,0,0,0,0,0,0,"- ","- ",34.798099999999998,-116.51000000000001,"SAN BERNARDINO",UNINCORPORATED,-116.50263414,34.79618103
6867268,2015,2015-04-18,9850,2015-03-28,1840,18219,,6,2,9,3600,0,3,5,,2,005,"SAINT BASIL AV","EL MIRAGE RD",165.00,S,N,A,-,N,,,,,,,,,,N,2,0,1,1,C,-,18,,,N,H,A,A,A,H,-,B,D,0,,,,,Y,,-,"- ",1,0,0,0,0,0,0,0,0,"- ","- ",34.601610000000001,-117.63347,"SAN BERNARDINO",UNINCORPORATED,-117.63350247,34.601737819999997
6873778,2015,2015-04-18,9834,2015-03-06,1700,17038,,5,2,9,3600,0,3,5,,2,001,"RIO VISTA DR","LITTLE ROCK AV",77.00,W,N,A,-,N,,,,,,,,,,Y,2,0,1,1,A,-,01,23152,A,N,E,I,A,A,H,-,B,D,0,,,,,Y,Y,D,22,1,0,0,0,0,0,0,0,0,"- ","- ",34.125070000000001,-114.3784,"SAN BERNARDINO",UNINCORPORATED,-114.37829451,34.125172249999999
6877019,2015,2016-10-13,9860,2015-02-22,0045,020393,,7,3,3,3615,0,1,1,,2,104,"RT 10","MOUNTAIN VIEW AV",2640.00,W,N,B,-,Y,SBD,8,10,-,-,26.960,H,-,W,Y,2,0,3,2,A,-,01,23152,A,N,A,C,A,A,H,-,C,D,1,,,,,Y,Y,A,01,1,1,1,0,0,0,0,0,0,"- ","- ",34.066690000000001,-117.24972,"SAN BERNARDINO","LOMA LINDA",-117.24977167,34.06671996
6879488,2015,2015-04-17,3603,2015-02-09,0305,CL4021,COLTO,1,5,4,3603,0,0,0,,0,003,"RIVERSIDE AV","KEY ST",0.00,,Y,A,-,N,,,,,,,,,,Y,2,0,1,1,A,-,05,21650,,N,E,I,A,A,H,-,C,D,0,,,Y,,Y,Y,C,02,1,0,0,0,0,0,0,0,1,"- ","- ",,,"SAN BERNARDINO",COLTON,-117.36243011000001,34.021150009999999
6881983,2015,2015-04-24,3600,2015-03-22,1558,C9497,HE420,7,5,5,3619,0,0,0,,0,HE4,"KENYON AV","KENYON AV 6935",0.00,,N,A,-,N,,,,,,,,,,N,2,0,1,1,A,-,03,22350,,N,E,I,A,A,H,-,A,A,0,,,Y,,Y,,C,06,1,0,0,0,0,0,0,0,1,"- ","- ",,,"SAN BERNARDINO",HESPERIA,-117.28178144,34.376676119999999
6882607,2015,2015-04-23,3607,2015-02-24,1557,14789,153,2,5,6,3607,0,0,0,,0,051,"MOUNTAIN AV","MISSION BL",300.00,S,N,A,-,N,,,,,,,,,,N,2,0,1,3,A,-,05,21202,A,N,D,G,A,A,H,-,A,A,0,,Y,,,Y,,L,04,1,0,0,0,0,0,1,0,0,"- ","- ",,,"SAN BERNARDINO",ONTARIO,-117.66986084,34.055277820000001
6889019,2015,2015-04-28,9860,2015-03-20,0720,16590,,5,1,9,3600,0,2,4,,2,411,"CEDAR AV","MANZANITA DR",80.00,S,N,A,-,N,,,,,,,,,,Y,2,0,2,3,A,-,05,21460,A,N,A,C,A,A,H,-,A,D,0,,,,,Y,,A,01,1,0,1,0,0,0,0,0,0,"- ","- ",34.079349999999998,-117.39643,"SAN BERNARDINO",UNINCORPORATED,-117.39648602,34.07932083
6890225,2015,2016-04-26,3600,2015-03-31,0804,B9092,AP002,2,5,5,3621,0,0,0,,0,001,"RT 18","OLALEE RD",114.00,E,N,A,-,N,,,,,,,,,,N,2,0,1,2,A,-,09,21801,A,N,D,C,A,A,H,-,A,A,0,,,Y,,Y,,A,01,1,0,0,0,0,0,0,0,1,"- ","- ",,,"SAN BERNARDINO","APPLE VALLEY",-117.2643739,34.540005819999998
6894236,2015,2016-04-29,3609,2015-03-19,2227,3156,125,4,5,5,3609,0,0,0,,0,002,"RT 66","MILLARD AV",23.00,W,N,A,-,N,,,,,,,,,,N,2,0,1,2,A,-,10,21950,A,N,G,B,B,A,H,-,C,D,0,Y,,,,Y,,A,01,1,0,0,0,1,0,0,0,0,"- ","- ",,,"SAN BERNARDINO",RIALTO,-117.37699449,34.106750040000001
6896534,2015,2016-09-28,9855,2015-03-22,0105,020460,,7,3,6,3604,0,1,1,,2,101,"RT 10","CITRUS AV",2904.00,W,N,A,-,Y,SBD,8,10,-,-,14.640,H,-,E,Y,2,0,1,1,A,-,01,23152,A,N,E,I,A,A,H,-,C,D,1,,,,,Y,Y,A,01,1,0,0,0,0,0,0,0,0,"- ","- ",34.066070000000003,-117.46608000000001,"SAN BERNARDINO",FONTANA,-117.46318096,34.066360109999998
6896548,2015,2016-11-18,9855,2015-04-06,1720,015498,,1,2,6,3604,0,1,1,,2,101,"RT 10","VALLEY BL",1584.00,E,N,A,-,Y,SBD,8,10,-,-,11.540,H,-,E,Y,2,0,1,2,A,-,03,22350,,N,C,C,A,A,H,-,A,D,1,,,Y,,Y,,C,02,1,0,0,0,0,0,0,0,1,"- ","- ",34.066499999999998,-117.51058999999999,"SAN BERNARDINO",FONTANA,-117.51702607,34.067554899999998
6905601,2015,2017-04-25,9850,2015-03-26,0155,15860,,4,3,9,3600,0,1,1,,2,084,"RT 58","DALE EVANS PKWY",1331.00,N,N,A,-,Y,SBD,8,15,-,-,52.080,H,-,N,Y,1,1,0,2,A,-,05,21651,B,N,A,C,A,A,H,-,D,D,1,,,,,Y,Y,A,01,0,0,0,0,0,0,0,0,0,"- ","- ",34.64743,-117.21602,"SAN BERNARDINO",UNINCORPORATED,-117.21602306,34.647424979999997
6905621,2015,2015-05-15,3611,2015-03-07,0039,2488,WVMC,6,5,5,3611,0,0,0,,0,002,"EUCLID AV","FOOTHILL BL",324.00,S,N,A,-,N,,,,,,,,,,Y,1,1,0,2,A,-,11,21954,A,N,G,B,D,A,H,-,C,D,0,Y,,,,Y,Y,N,60,0,0,0,1,0,0,0,0,0,"- ","- ",,,"SAN BERNARDINO",UPLAND,-117.65139214,34.106099999999998
6905683,2015,2015-05-18,3603,2015-04-18,1809,CL4147,COLTO,6,5,4,3603,0,0,0,,0,004,"BARTON RD","HILLTOP DR",463.00,S,N,A,-,N,,,,,,,,,,Y,1,1,0,1,A,-,05,21650,,N,E,I,A,A,H,-,B,D,0,,,,,Y,,A,01,0,0,0,0,0,0,0,0,0,"- ","- ",,,"SAN BERNARDINO",COLTON,-117.29992914,34.044109800000001
6905699,2015,2015-05-20,9834,2015-04-08,1320,16580,,3,1,9,3600,0,1,3,,1,064,"RT 62","RT 95",73392.00,W,N,A,-,Y,SBD,8,62,-,-,111.750,H,-,E,Y,1,1,0,1,A,-,03,22350,,N,F,A,A,A,H,-,A,D,0,,,Y,,Y,,C,02,0,0,0,0,0,0,0,1,0,"- ","- ",34.082830000000001,-114.77394,"SAN BERNARDINO",UNINCORPORATED,-114.77370187,34.082904849999998