CASE_ID,ACCIDENT_YEAR,PROC_DATE,JURIS,COLLISION_DATE,COLLISION_TIME,OFFICER_ID,REPORTING_DISTRICT,DAY_OF_WEEK,CHP_SHIFT,POPULATION,CNTY_CITY_LOC,SPECIAL_COND,BEAT_TYPE,CHP_BEAT_TYPE,CITY_DIVISION_LAPD,CHP_BEAT_CLASS,BEAT_NUMBER,PRIMARY_RD,SECONDARY_RD,DISTANCE,DIRECTION,INTERSECTION,WEATHER_1,WEATHER_2,STATE_HWY_IND,CALTRANS_COUNTY,CALTRANS_DISTRICT,STATE_ROUTE,ROUTE_SUFFIX,POSTMILE_PREFIX,POSTMILE,LOCATION_TYPE,RAMP_INTERSECTION,SIDE_OF_HWY,TOW_AWAY,COLLISION_SEVERITY,NUMBER_KILLED,NUMBER_INJURED,PARTY_COUNT,PRIMARY_COLL_FACTOR,PCF_CODE_OF_VIOL,PCF_VIOL_CATEGORY,PCF_VIOLATION,PCF_VIOL_SUBSECTION,HIT_AND_RUN,TYPE_OF_COLLISION,MVIW,PED_ACTION,ROAD_SURFACE,ROAD_COND_1,ROAD_COND_2,LIGHTING,CONTROL_DEVICE,CHP_ROAD_TYPE,PEDESTRIAN_ACCIDENT,BICYCLE_ACCIDENT,MOTORCYCLE_ACCIDENT,TRUCK_ACCIDENT,NOT_PRIVATE_PROPERTY,ALCOHOL_INVOLVED,STWD_VEHTYPE_AT_FAULT,CHP_VEHTYPE_AT_FAULT,COUNT_SEVERE_INJ,COUNT_VISIBLE_INJ,COUNT_COMPLAINT_PAIN,COUNT_PED_KILLED,COUNT_PED_INJURED,COUNT_BICYCLIST_KILLED,COUNT_BICYCLIST_INJURED,COUNT_MC_KILLED,COUNT_MC_INJURED,PRIMARY_RAMP,SECONDARY_RAMP,LATITUDE,LONGITUDE,COUNTY,CITY,POINT_X,POINT_Y
8814800,2019,2019-03-07,3610,2019-01-30,1706,50343,,3,5,6,3610,0,0,0,,0,,"N MERIDIAN AV","2ND ST",528.00,N,N,B,-,N,,,,,,,,,,N,2,0,1,2,C,-,18,,,N,G,B,D,A,H,-,A,D,0,Y,,,,Y,,-,"- ",1,0,0,0,1,0,0,0,0,"- ","- ",,,"SAN BERNARDINO","SAN BERNARDINO",-117.34852600097656,34.104576110839844
8831030,2019,2019-03-28,3600,2019-02-28,1847,D2561,VC048,4,5,5,3612,0,0,0,,0,,"VILLAGE DR","TAWNEY RIDGE LN",0.00,,Y,A,-,N,,,,,,,,,,N,2,0,1,2,A,-,"- ",,,N,G,B,D,A,H,-,C,A,0,Y,,,,Y,Y,N,60,1,0,0,0,1,0,0,0,0,"- ","- ",,,"SAN BERNARDINO",VICTORVILLE,-117.31764984130859,34.536388397216797
8834963,2019,2019-05-01,3600,2019-03-07,2010,B8748,LL001,4,5,3,3615,0,0,0,,0,LL2,"BARTON RD","ANDERSON ST",0.00,,Y,A,-,N,,,,,,,,,,Y,2,0,4,3,A,-,09,21453,C,N,G,B,B,A,H,-,C,A,0,Y,,,,Y,,A,07,1,3,0,0,1,0,0,0,0,"- ","- ",,,"SAN BERNARDINO","LOMA LINDA",-117.2611083984375,34.048419952392578
8836551,2019,2019-04-12,3605,2019-03-15,0630,406,,5,5,4,3605,0,0,0,,0,,"HELENA AV","SAN BERNARDINO ST",0.00,,Y,A,-,N,,,,,,,,,,N,2,0,1,1,A,-,03,22350,,N,E,-,A,A,H,-,C,D,0,,,,,Y,,M,93,1,0,0,0,0,0,0,0,0,"- ","- ",,,"SAN BERNARDINO",MONTCLAIR,-117.70262145996094,34.077751159667969
8839414,2019,2019-04-25,3604,2019-04-07,2311,1278,,7,5,6,3604,0,0,0,,0,004,"CHERRY AV","ROSE CT",25.00,S,N,A,-,N,,,,,,,,,,Y,2,0,3,2,A,-,01,23153,B,N,E,I,A,A,H,-,C,D,0,,,,,Y,Y,A,01,1,2,0,0,0,0,0,0,0,"- ","- ",,,"SAN BERNARDINO",FONTANA,-117.48905944824219,34.052852630615234
8840549,2019,2019-04-29,3609,2019-04-13,1320,5403,RI037,6,5,5,3609,0,0,0,,0,001,"CHURCH AV","WILDFLOWER ST",330.00,N,N,A,-,N,,,,,,,,,,Y,2,0,1,2,A,-,11,21956,A,N,G,B,E,A,H,-,A,D,0,Y,,,,Y,Y,N,60,1,0,0,0,1,0,0,0,0,"- ","- ",34.145858764648438,-117.39521026611328,"SAN BERNARDINO",RIALTO,-117.39527893066406,34.145942687988281
8858767,2019,2019-05-17,3600,2019-04-29,2055,F7804,YC3,1,5,4,3640,0,0,0,,0,YC3,"5TH ST","AVENUE E",300.00,N,N,B,-,N,,,,,,,,,,Y,2,0,1,2,A,-,11,21954,A,N,G,B,D,B,H,-,D,D,0,Y,,,,Y,Y,N,60,1,0,0,0,1,0,0,0,0,"- ","- ",34.027671813964844,-117.05625915527344,"SAN BERNARDINO",YUCAIPA,-117.05625152587891,34.027412414550781
8860474,2019,2019-05-21,3600,2019-04-02,1502,E6889,HE128,2,5,5,3619,0,0,0,,0,HE1,"COTTONWOOD AV","JUNIPER ST",8.00,S,N,A,-,N,,,,,,,,,,Y,2,0,1,2,A,-,06,21750,A,N,B,C,A,A,B,-,A,D,0,,,Y,,Y,,C,02,1,0,0,0,0,0,0,0,1,"- ","- ",,,"SAN BERNARDINO",HESPERIA,-117.33843994140625,34.428146362304688
8862952,2019,2019-05-29,3609,2019-05-12,2110,9156,RI133,7,5,5,3609,0,0,0,,0,003,"CEDAR AV","LORRAINE PL",30.00,,N,A,-,N,,,,,,,,,,Y,2,0,1,1,A,-,03,22350,,N,E,I,A,A,H,-,C,A,0,,,,,Y,Y,A,01,1,0,0,0,0,0,0,0,0,"- ","- ",34.105319976806641,-117.39643859863281,"SAN BERNARDINO",RIALTO,-117.39656829833984,34.105129241943359
8868151,2019,2019-05-30,3610,2019-04-01,2239,50280,,1,5,6,3610,0,0,0,,0,BAKER,"W KENDALL DR","N LITTLE MOUNTAIN DR",0.00,,Y,A,-,N,,,,,,,,,,Y,2,0,1,2,A,-,17,21451,A,N,D,C,A,A,H,-,C,A,0,,,Y,,Y,,A,01,1,0,0,0,0,0,0,0,1,"- ","- ",,,"SAN BERNARDINO","SAN BERNARDINO",-117.31642913818359,34.169139862060547
8871250,2019,2019-06-14,3600,2019-05-02,2248,G6721,AP007,4,5,5,3621,0,0,0,,0,AP2,"OUTER HWY 18 SOUTH","DALE EVANS PKWY",2020.00,E,N,A,-,N,,,,,,,,,,N,2,0,1,2,A,-,11,21954,A,N,G,B,D,A,H,-,D,D,0,Y,,,,Y,,N,60,1,0,0,0,1,0,0,0,0,"- ","- ",,,"SAN BERNARDINO","APPLE VALLEY",-117.21253204345703,34.519603729248047
8872518,2019,2019-06-19,3610,2019-04-15,2320,51036,,1,5,6,3610,0,0,0,,0,POLICE,"W 14TH ST","K ST",30.00,W,N,A,-,N,,,,,,,,,,Y,2,0,1,1,A,-,08,22107,,N,E,I,A,A,H,-,C,D,0,,,,,Y,,A,01,1,0,0,0,0,0,0,0,0,"- ","- ",34.121009826660156,-117.27838134765625,"SAN BERNARDINO","SAN BERNARDINO",-117.30755615234375,34.125
8879330,2019,2019-07-02,3604,2019-04-15,0826,769,FONTA,1,5,6,3604,0,0,0,,0,,"SIERRA AV","SANTA ANA AV",39.00,N,N,B,-,N,,,,,,,,,,Y,2,0,4,3,A,-,01,23153,A,N,B,C,A,A,H,-,A,A,0,,,,,Y,Y,A,07,1,0,3,0,0,0,0,0,0,"- ","- ",,,"SAN BERNARDINO",FONTANA,-117.43563079833984,34.055896759033203
8890288,2019,2019-07-09,3604,2019-05-31,0346,1276,,5,5,6,3604,0,0,0,,0,,"VALLEY BL","HEALTHCARE PK",500.00,E,N,A,-,N,,,,,,,,,,N,2,0,1,2,A,-,11,21955,,N,G,B,D,A,H,-,C,D,0,Y,,,,Y,Y,N,60,1,0,0,0,1,0,0,0,0,"- ","- ",,,"SAN BERNARDINO",FONTANA,-117.42768096923828,34.070411682128906
8890544,2019,2019-07-16,3605,2019-06-12,1159,378,3605,3,5,4,3605,0,0,0,,0,,"SAN BERNARDINO ST","FREMONT AV",8.00,W,N,A,-,N,,,,,,,,,,Y,2,0,2,2,A,-,12,21453,A,N,D,C,A,A,H,-,A,A,0,,,,,Y,,A,01,1,0,1,0,0,0,0,0,0,"- ","- ",,,"SAN BERNARDINO",MONTCLAIR,-117.69390869140625,34.077648162841797
8891035,2019,2019-07-16,3604,2019-06-06,1902,1156,,4,5,6,3604,0,0,0,,0,,"JUNIPER AV","ATHOL LN",403.00,N,N,A,-,N,,,,,,,,,,Y,2,0,3,4,A,-,09,21804,A,N,D,C,A,A,H,-,A,D,0,,,,,Y,,A,01,1,2,0,0,0,0,0,0,0,"- ","- ",,,"SAN BERNARDINO",FONTANA,-117.44010925292969,34.089572906494141
8894644,2019,2019-08-23,3610,2019-05-11,2107,51118,,6,5,6,3610,0,0,0,,0,DAVID,"E BASELINE ST","N TIPPECANOE",300.00,E,N,A,-,N,,,,,,,,,,Y,2,0,1,2,A,-,03,22350,,N,C,C,A,A,H,-,C,D,0,,,Y,,Y,Y,C,02,1,0,0,0,0,0,0,0,1,"- ","- ",34.121349334716797,-117.26183319091797,"SAN BERNARDINO","SAN BERNARDINO",-117.2608642578125,34.121318817138672
8895868,2019,2019-07-18,3604,2019-06-26,1313,641,,3,5,6,3604,0,0,0,,0,,"VALLEY BL","BEECH AV",0.00,,Y,A,-,N,,,,,,,,,,Y,2,0,3,2,A,-,03,22350,,N,D,C,A,A,H,-,A,A,0,,,,,Y,,A,01,2,1,0,0,0,0,0,0,0,"- ","- ",,,"SAN BERNARDINO",FONTANA,-117.47126007080078,34.070228576660156
8897724,2019,2019-07-23,3610,2019-05-08,1724,50924,,3,5,6,3610,0,0,0,,0,POLICE,"E BASELINE ST","LUGO AV",87.00,E,N,B,-,N,,,,,,,,,,Y,2,0,4,3,A,-,08,22107,,N,A,C,A,A,H,-,A,A,0,,,,,Y,,A,01,1,2,1,0,0,0,0,0,0,"- ","- ",34.121341705322266,-117.28385162353516,"SAN BERNARDINO","SAN BERNARDINO",-117.28356170654297,34.121341705322266
8903358,2019,2019-08-16,3600,2019-07-08,1728,G7654,YC309,1,5,4,3640,0,0,0,,0,YC3,"CALIMESA BL","AVENUE G",444.00,E,N,A,-,N,,,,,,,,,,Y,2,0,1,2,A,-,06,21751,,F,D,C,A,A,H,-,A,D,0,,,,,Y,,A,01,1,0,0,0,0,0,0,0,0,"- ","- ",,,"SAN BERNARDINO",YUCAIPA,-117.06722259521484,34.009807586669922
8906687,2019,2019-12-06,3610,2019-07-05,1414,50926,,5,5,6,3610,0,0,0,,0,BAKER,"N LITTLE MOUNTAIN DR","N BOND ST",528.00,N,N,A,-,N,,,,,,,,,,Y,2,0,5,2,A,-,08,22107,,N,A,C,A,A,H,-,A,D,0,,,,,Y,Y,A,01,1,4,0,0,0,0,0,0,0,"- ","- ",34.169300079345703,-117.31629180908203,"SAN BERNARDINO","SAN BERNARDINO",-117.32142639160156,34.155086517333984
8907005,2019,2019-08-13,3610,2019-06-30,1618,51040,,7,5,6,3610,0,0,0,,0,POLICE,"OLD WATERMAN CANYON RD","BRIDGE BR 54C0706",160.00,N,N,A,-,N,,,,,,,,,,Y,2,0,4,2,A,-,08,22107,,N,A,C,A,A,H,-,A,D,0,,,,,Y,,D,22,2,1,1,0,0,0,0,0,0,"- ","- ",,,"SAN BERNARDINO","SAN BERNARDINO",,
8910811,2020,2022-06-13,3600,2020-01-12,1851,G9467,AP018,7,5,5,3621,0,0,0,,0,AP4,"BEAR VALLEY RD","JOSHUA RD",170.00,W,N,A,-,N,,,,,,,,,,Y,1,1,1,2,A,-,05,21460,A,N,A,C,A,A,H,-,D,D,0,,,,,Y,,A,01,1,0,0,0,0,0,0,0,0,"- ","- ",34.4718017578125,-117.15573883056641,"SAN BERNARDINO","APPLE VALLEY",-117.15560913085938,34.471775054931641
8910882,2019,2021-05-24,3600,2019-12-03,2241,A8310,VC041,2,5,5,3612,0,0,0,,0,VC1,"D ST","RT 15",242.00,E,N,B,-,Y,SBD,8,18,-,-,96.470,H,-,S,Y,1,2,0,2,A,-,05,21651,A,N,A,C,A,B,H,-,C,A,0,,,,,Y,Y,A,08,0,0,0,0,0,0,0,0,0,"- ","- ",,,"SAN BERNARDINO",VICTORVILLE,-117.30008697509766,34.5439453125
8910891,2020,2020-05-15,3600,2020-01-24,1849,F8945,VC057,5,5,5,3612,0,0,0,,0,VC5,"PALMDALE RD","BOREGO RD",161.00,W,N,A,-,Y,SBD,8,18,-,-,97.250,I,5,S,Y,1,1,0,2,A,-,11,21954,A,N,G,B,D,A,H,-,C,D,0,Y,,,,Y,,N,60,0,0,0,1,0,0,0,0,0,"- ","- ",,,"SAN BERNARDINO",VICTORVILLE,-117.33452606201172,34.506843566894531
8910904,2019,2020-04-07,3600,2019-04-14,1401,C8664,AP010,7,5,5,3621,0,0,0,,0,AP3,"BEAR VALLEY RD","COTTONTAIL LN",536.00,E,N,A,G,N,,,,,,,,,,Y,1,1,4,3,A,-,08,22107,,N,A,C,A,A,H,-,A,D,0,,,,,Y,Y,A,08,1,1,2,0,0,0,0,0,0,"- ","- ",34.471340179443359,-117.22776031494141,"SAN BERNARDINO","APPLE VALLEY",-117.22783660888672,34.471321105957031
8910918,2019,2021-06-01,3610,2019-12-22,1911,50808,,7,5,6,3610,0,0,0,,0,DAVID,"NORTH ARROWHEAD AV","W 8TH ST",0.00,,Y,B,-,N,,,,,,,,,,Y,1,1,0,2,A,-,11,21950,B,N,G,B,E,A,H,-,C,D,0,Y,,,,Y,Y,N,60,0,0,0,1,0,0,0,0,0,"- ","- ",34.113971710205078,-117.28964996337891,"SAN BERNARDINO","SAN BERNARDINO",-117.28964996337891,34.113918304443359
8911000,2019,2020-05-05,3602,2019-11-04,1741,3628,30,1,5,5,3602,0,0,0,,0,001,"CENTRAL AV","PHILADELPHIA ST",349.00,S,N,A,-,N,,,,,,,,,,Y,1,1,0,2,A,-,03,22350,,N,D,C,A,A,H,-,C,A,0,,,Y,,Y,,C,02,0,0,0,0,0,0,0,1,0,"- ","- ",,,"SAN BERNARDINO",CHINO,-117.68954467773438,34.032604217529297
8911024,2020,2022-06-13,3600,2020-03-09,1632,G7656,VC070,1,5,5,3612,0,0,0,,0,VC5,"PRINCETON DR","LUNA RD",0.00,,Y,A,-,N,,,,,,,,,,N,1,1,0,2,A,-,10,21950,A,N,G,B,D,A,H,-,A,A,0,Y,,,,Y,,A,08,0,0,0,1,0,0,0,0,0,"- ","- ",,,"SAN BERNARDINO",VICTORVILLE,-117.37537384033203,34.492149353027344
8911032,2020,2020-05-08,3609,2020-01-09,1752,02281,RI112,4,5,5,3609,0,0,0,,0,002,"RIVERSIDE AV","MADRONA ST",9.00,N,N,A,-,N,,,,,,,,,,Y,1,1,1,2,A,-,11,21954,A,N,G,B,E,A,H,-,C,D,0,Y,,,,Y,,A,01,0,1,0,1,0,0,0,0,0,"- ","- ",,,"SAN BERNARDINO",RIALTO,-117.37039184570312,34.117195129394531
8911288,2020,2022-06-13,3604,2020-05-16,0104,1286,,6,5,6,3604,0,0,0,,0,,"SIERRA AV","OPUS ONE",195.00,S,N,A,-,N,,,,,,,,,,Y,1,1,0,2,A,-,00,21956,B,N,G,B,E,A,H,-,D,D,0,Y,,,,Y,,N,60,0,0,0,1,0,0,0,0,0,"- ","- ",,,"SAN BERNARDINO",FONTANA,,
8911308,2019,2020-07-10,3600,2019-11-15,0716,F6904,RC014,5,5,6,3616,0,0,0,,0,RC6,"TERRA VISTA PKWY","MOUNTAIN VIEW DR",0.00,,Y,A,-,N,,,,,,,,,,Y,1,1,2,3,A,-,01,23152,F,N,D,C,A,A,H,-,A,A,0,,,,,Y,,A,07,1,1,0,0,0,0,0,0,0,"- ","- ",,,"SAN BERNARDINO","RANCHO CUCAMONGA",-117.5526123046875,34.11737060546875
8911356,2020,2022-06-13,3600,2020-01-20,1845,G3224,TW006,1,5,3,3617,0,0,0,,0,TW1,"GOLD PARK RD","STARLIGHT DR",800.00,S,N,A,-,N,,,,,,,,,,Y,1,1,1,1,B,-,22,,,N,E,I,A,A,A,B,D,D,0,,,,,Y,,A,01,0,1,0,0,0,0,0,0,0,"- ","- ",34.108631134033203,-116.02388763427734,"SAN BERNARDINO","TWENTYNINE PALMS",-116.024219,34.108961999999998
8911427,2020,2021-03-19,3601,2020-06-19,2012,COLLEOC/,BARST,5,5,3,3601,0,0,0,,0,PATROL,"E MAIN ST","RT 40",131.00,W,N,A,-,Y,SBD,8,40,-,S,0.070,I,6,W,Y,1,1,0,2,A,-,03,22350,,N,A,C,A,A,H,-,A,A,0,,,,Y,Y,,A,01,0,0,0,0,0,0,0,0,0,"- ","- ",,,"SAN BERNARDINO",BARSTOW,-117.0020751953125,34.892879486083984
8911683,2020,2020-10-13,3600,2020-08-14,1057,G3225,AP013,5,5,5,3621,0,0,0,,0,AP2,"CENTRAL RD","RAMONA AV",478.00,N,N,A,-,N,,,,,,,,,,Y,1,1,2,3,A,-,05,21460,A,N,B,C,A,A,H,-,A,D,0,,,,,Y,,A,01,1,1,0,0,0,0,0,0,0,"- ","- ",34.516510009765625,-117.17282104492188,"SAN BERNARDINO","APPLE VALLEY",-117.17285919189453,34.5164794921875
8911709,2020,2020-10-19,3609,2020-09-18,1615,02284,RI155,5,5,5,3609,0,0,0,,0,003,"MERRILL AV","CEDAR AV",0.00,,Y,A,-,N,,,,,,,,,,Y,1,1,1,2,A,-,09,21801,,N,D,C,A,A,H,-,A,A,0,,,,,Y,,A,01,0,0,1,0,0,0,0,0,0,"- ","- ",,,"SAN BERNARDINO",RIALTO,-117.39652252197266,34.092239379882812
8911938,2020,2021-01-07,3611,2020-05-17,1818,2325,3611,7,5,5,3611,0,0,0,,0,002,"MONTE VISTA AV","ARROW RTE",590.00,S,N,A,-,N,,,,,,,,,,Y,1,1,2,2,A,-,08,22107,,N,A,C,A,A,H,-,A,A,0,,,,,Y,,A,01,0,2,0,0,0,0,0,0,0,"- ","- ",,,"SAN BERNARDINO",UPLAND,-117.69837188720703,34.097911834716797
8911983,2020,2021-01-12,3608,2020-10-25,1823,3675,,7,5,5,3608,0,0,0,,0,,"SAN BERNARDINO AV","CALIFORNIA STREET",0.00,,N,A,-,N,,,,,,,,,,Y,1,2,2,2,A,-,"- ",,,N,C,E,A,A,H,-,B,A,0,,,,Y,Y,,A,01,2,0,0,0,0,0,0,0,0,"- ","- ",,,"SAN BERNARDINO",REDLANDS,-117.22618865966797,34.077571868896484
8926259,2019,2019-08-22,3608,2019-07-29,2138,3675,,1,5,5,3608,0,0,0,,0,,"COLTON AV","CHAPEL AV",0.00,,Y,A,-,N,,,,,,,,,,Y,2,0,1,2,A,-,01,23152,A,N,D,C,A,A,H,-,C,D,0,,,Y,,Y,Y,A,01,1,0,0,0,0,0,0,0,1,"- ","- ",,,"SAN BERNARDINO",REDLANDS,-117.16841125488281,34.062820434570312
8939054,2019,2019-09-30,3604,2019-06-25,0042,473,,2,5,6,3604,0,0,0,,0,,"ARROW BL","PALMETTO AV",212.00,E,N,A,-,N,,,,,,,,,,Y,1,1,0,2,A,-,11,21955,,N,G,B,E,A,H,-,C,A,0,Y,,,,Y,,N,60,0,0,0,1,0,0,0,0,0,"- ","- ",,,"SAN BERNARDINO",FONTANA,-117.42634582519531,34.099399566650391
8939084,2019,2019-10-17,3600,2019-05-07,2010,C4462,VC017,2,5,5,3612,0,0,0,,0,VC2,"DESERT KNOLL DR","DESERT KNOLL DR 16200",0.00,,N,A,-,N,,,,,,,,,,Y,1,1,0,1,A,-,01,23152,A,N,E,I,A,A,H,-,D,D,0,,,,,Y,Y,A,01,0,0,0,0,0,0,0,0,0,"- ","- ",,,"SAN BERNARDINO",VICTORVILLE,,
8939126,2019,2021-05-20,3607,2019-03-26,2141,80521,131,2,5,6,3607,0,0,0,,0,022,"HOLT BL","CUCAMONGA AV",0.00,,Y,A,-,N,,,,,,,,,,Y,1,1,0,2,A,-,11,21954,A,N,G,B,D,A,H,-,C,D,0,Y,,,,Y,Y,N,60,0,0,0,1,0,0,0,0,0,"- ","- ",,,"SAN BERNARDINO",ONTARIO,-117.63192749023438,34.063411712646484
8939128,2019,2021-05-25,3602,2019-03-09,0644,2199,,6,5,5,3602,0,0,0,,0,004,"RIVERSIDE DR","OAKS AV",164.00,E,N,A,-,N,,,,,,,,,,N,1,1,0,2,A,-,11,21954,A,N,G,B,D,A,H,-,A,D,0,Y,,,,Y,,N,60,0,0,0,1,0,0,0,0,0,"- ","- ",,,"SAN BERNARDINO",CHINO,-117.67569732666016,34.019168853759766
8939129,2019,2019-11-05,3602,2019-02-15,1033,3628,,5,5,5,3602,0,0,0,,0,001,"RIVERSIDE DR","RESERVOIR AV",0.00,,Y,A,-,N,,,,,,,,,,N,1,1,0,2,A,-,08,22107,,N,B,G,A,A,H,-,A,A,0,,Y,,Y,Y,,F,27,0,0,0,0,0,1,0,0,0,"- ","- ",,,"SAN BERNARDINO",CHINO,-117.73209381103516,34.018821716308594
8939202,2019,2019-12-12,3610,2019-06-30,0030,50808,,7,5,6,3610,0,0,0,,0,DAVID,"S TIPPECANOE AV","MILL ST",43.00,N,N,A,-,N,,,,,,,,,,Y,1,1,1,2,A,-,03,22350,,N,C,C,A,A,H,-,C,A,0,,,,,Y,Y,D,22,0,0,1,0,0,0,0,0,0,"- ","- ",34.092090606689453,-117.25968170166016,"SAN BERNARDINO","SAN BERNARDINO",-117.25975036621094,34.092258453369141
8939205,2019,2021-05-20,3610,2019-07-07,0010,50571,,7,5,6,3610,0,0,0,,0,BAKER,"W KENDALL DR","WESTERN AV",170.00,W,N,A,-,N,,,,,,,,,,N,1,1,0,2,A,-,01,23152,A,N,D,C,A,A,H,-,C,D,0,,,Y,,Y,Y,A,01,0,0,0,0,0,0,0,1,0,"- ","- ",34.169300079345703,-117.31629180908203,"SAN BERNARDINO","SAN BERNARDINO",-117.31430816650391,34.168392181396484
8939266,2018,2019-12-30,3607,2018-09-18,1243,80483,500,2,5,6,3607,0,0,0,,0,082,"EUCLID AV","CHINO AV",0.00,,Y,A,-,Y,SBD,8,83,-,-,5.420,I,5,N,Y,1,1,0,2,A,-,12,21453,A,N,D,C,A,A,H,-,A,A,0,,,,Y,Y,,A,01,0,0,0,0,0,0,0,0,0,"- ","- ",,,"SAN BERNARDINO",ONTARIO,-117.65074920654297,34.004840850830078
8939267,2018,2020-05-26,3607,2018-11-08,1733,15028,98,4,5,6,3607,0,0,0,,0,012,"MOUNTAIN AV","FLORA ST",9.00,S,N,A,-,N,,,,,,,,,,N,1,1,0,2,A,-,10,21950,A,F,G,B,B,A,H,-,C,D,0,Y,,,,Y,Y,A,01,0,0,0,1,0,0,0,0,0,"- ","- ",,,"SAN BERNARDINO",ONTARIO,-117.67006683349609,34.068737030029297
8939269,2018,2019-12-23,3607,2018-01-04,2345,80310,163,4,5,6,3607,0,0,0,,0,061,"MISSION BL","BON VIEW AV",5.00,E,N,A,-,N,,,,,,,,,,Y,1,1,1,3,A,-,01,23153,A,N,G,B,E,A,H,-,C,A,0,Y,,,,Y,Y,A,01,0,0,1,1,0,0,0,0,0,"- ","- ",,,"SAN BERNARDINO",ONTARIO,-117.63657379150391,34.055061340332031
8939272,2018,2019-12-23,3607,2018-05-28,2340,15028,101,1,5,6,3607,0,0,0,,0,012,"D ST","VINE AV",286.00,W,N,A,-,N,,,,,,,,,,N,1,1,1,3,A,-,01,23153,A,N,G,B,F,A,H,-,C,D,0,Y,,,,Y,Y,A,01,0,1,0,1,1,0,0,0,0,"- ","- ",,,"SAN BERNARDINO",ONTARIO,-117.65685272216797,34.066978454589844
8939275,2018,2019-12-23,3607,2018-12-26,0831,80521,210,3,5,6,3607,0,0,0,,0,071,"MISSION BL","HELLMAN AV",500.00,W,N,A,-,N,,,,,,,,,,Y,1,1,0,1,A,-,08,22107,,N,E,I,A,A,H,-,A,D,0,,,,,Y,Y,A,01,0,0,0,0,0,0,0,0,0,"- ","- ",,,"SAN BERNARDINO",ONTARIO,-117.60368347167969,34.047592163085938
8939360,2019,2019-11-05,3600,2019-05-28,1216,F7786,RC005,2,5,6,3616,0,0,0,,0,006,"DRY CREEK BL","VICTORIA GARDENS LN",0.00,,Y,A,-,N,,,,,,,,,,Y,1,1,1,1,C,-,18,,,N,A,I,A,A,H,-,A,A,0,,,,,Y,,-,"- ",0,1,0,0,0,0,0,0,0,"- ","- ",,,"SAN BERNARDINO","RANCHO CUCAMONGA",-117.53724200000001,34.108308999999998
8939384,2019,2019-11-20,3600,2019-05-13,1345,F3794,VC074,1,5,5,3612,0,0,0,,0,VC6,"AMARGOSA RD","MOJAVE DR",0.00,,Y,A,-,N,,,,,,,,,,Y,1,1,2,2,A,-,09,21453,C,N,D,C,A,A,H,-,A,A,0,,,,,Y,,A,07,0,0,2,0,0,0,0,0,0,"- ","- ",,,"SAN BERNARDINO",VICTORVILLE,-117.33039093017578,34.528659820556641
8939386,2019,2021-05-20,3604,2019-07-19,0302,718,,5,5,6,3604,0,0,0,,0,,"SIERRA AV","REED ST",0.00,,Y,A,-,N,,,,,,,,,,Y,1,1,0,1,A,-,01,23152,A,N,E,I,A,A,H,-,C,D,0,,,,,Y,Y,A,01,0,0,0,0,0,0,0,0,0,"- ","- ",,,"SAN BERNARDINO",FONTANA,-117.43580627441406,34.109821319580078
8939409,2019,2019-12-04,3607,2019-01-12,0439,80538,159,6,5,6,3607,0,0,0,,0,061,"MISSION BL","EUCLID AV",40.00,E,N,C,-,Y,SBD,8,83,-,-,8.879,I,6,N,Y,1,1,0,2,A,-,03,22350,,F,G,B,D,B,H,-,C,D,0,Y,,,,Y,Y,A,08,0,0,0,1,0,0,0,0,0,"- ","- ",,,"SAN BERNARDINO",ONTARIO,-117.65081024169922,34.055000305175781
8939560,2019,2021-06-02,3600,2019-10-16,1906,E6889,HE118,3,5,5,3619,0,0,0,,0,HE1,"MARIPOSA RD","LIVE OAK ST",410.00,S,N,A,-,N,,,,,,,,,,N,1,1,0,2,A,-,11,21954,A,N,G,B,E,A,H,-,D,D,0,Y,,,,Y,Y,N,60,0,0,0,1,0,0,0,0,0,"- ","- ",,,"SAN BERNARDINO",HESPERIA,-117.37480926513672,34.433200836181641
8939573,2019,2020-02-05,3603,2019-09-05,2126,4856,CPD,4,5,4,3603,0,0,0,,0,002,"FAIRWAY DR","G ST",0.00,,Y,A,-,N,,,,,,,,,,Y,1,1,0,2,A,-,01,23152,F,N,G,B,E,A,H,-,C,D,0,Y,,,,Y,,A,07,0,0,0,1,0,0,0,0,0,"- ","- ",34.068630218505859,-117.31159973144531,"SAN BERNARDINO",COLTON,-117.31154632568359,34.068618774414062
8939585,2019,2020-02-05,3608,2019-11-30,2319,4027,,6,5,5,3608,0,0,0,,0,,"W COLTON AV","REDLANDS BL",125.00,N,N,B,-,N,,,,,,,,,,Y,1,1,1,1,D,-,00,,,N,E,I,A,A,H,-,E,A,0,,,,,Y,Y,-,"- ",0,1,0,0,0,0,0,0,0,"- ","- ",,,"SAN BERNARDINO",REDLANDS,-117.20578765869141,34.062652587890625
8939588,2019,2020-02-05,3600,2019-11-17,1934,F6295,HI010,7,5,4,3618,0,0,0,,0,HI2,"VICTORIA AV","MILLAR ST",348.00,S,N,A,-,N,,,,,,,,,,Y,1,1,1,2,A,-,11,21954,A,N,G,B,D,A,H,-,C,D,0,Y,,,,Y,,N,60,0,0,1,1,0,0,0,0,0,"- ","- ",34.130821228027344,-117.22627258300781,"SAN BERNARDINO",HIGHLAND,-117.22621917724609,34.130836486816406
8939601,2019,2020-02-13,3600,2019-09-14,2045,E8738,CH005,6,5,5,3630,0,0,0,,0,CH3,"EUCALYPTUS AV","GALLOPING HILLS RD",0.00,,Y,A,-,N,,,,,,,,,,N,1,1,0,2,A,-,03,22350,,N,G,B,B,A,H,-,C,D,0,Y,,,,Y,,A,01,0,0,0,1,0,0,0,0,0,"- ","- ",,,"SAN BERNARDINO","CHINO HILLS",-117.74365997314453,33.985580444335938
8939702,2023,2025-03-13,3610,2023-12-09,"153 ",50789,,6,5,6,3610,0,0,0,,0,,"W 5TH ST","GARNER AV",175.00,W,N,A,-,Y,SBD,8,66,-,-,22.520,H,-,W,Y,1,1,1,3,A,-,11,21956,,N,G,B,D,A,H,-,C,D,0,Y,,,,Y,Y,N,60,1,0,0,1,1,0,0,0,0,"- ","- ",,,"SAN BERNARDINO","SAN BERNARDINO",-117.31208038330078,34.108379364013672