CASE_ID,ACCIDENT_YEAR,PROC_DATE,JURIS,COLLISION_DATE,COLLISION_TIME,OFFICER_ID,REPORTING_DISTRICT,DAY_OF_WEEK,CHP_SHIFT,POPULATION,CNTY_CITY_LOC,SPECIAL_COND,BEAT_TYPE,CHP_BEAT_TYPE,CITY_DIVISION_LAPD,CHP_BEAT_CLASS,BEAT_NUMBER,PRIMARY_RD,SECONDARY_RD,DISTANCE,DIRECTION,INTERSECTION,WEATHER_1,WEATHER_2,STATE_HWY_IND,CALTRANS_COUNTY,CALTRANS_DISTRICT,STATE_ROUTE,ROUTE_SUFFIX,POSTMILE_PREFIX,POSTMILE,LOCATION_TYPE,RAMP_INTERSECTION,SIDE_OF_HWY,TOW_AWAY,COLLISION_SEVERITY,NUMBER_KILLED,NUMBER_INJURED,PARTY_COUNT,PRIMARY_COLL_FACTOR,PCF_CODE_OF_VIOL,PCF_VIOL_CATEGORY,PCF_VIOLATION,PCF_VIOL_SUBSECTION,HIT_AND_RUN,TYPE_OF_COLLISION,MVIW,PED_ACTION,ROAD_SURFACE,ROAD_COND_1,ROAD_COND_2,LIGHTING,CONTROL_DEVICE,CHP_ROAD_TYPE,PEDESTRIAN_ACCIDENT,BICYCLE_ACCIDENT,MOTORCYCLE_ACCIDENT,TRUCK_ACCIDENT,NOT_PRIVATE_PROPERTY,ALCOHOL_INVOLVED,STWD_VEHTYPE_AT_FAULT,CHP_VEHTYPE_AT_FAULT,COUNT_SEVERE_INJ,COUNT_VISIBLE_INJ,COUNT_COMPLAINT_PAIN,COUNT_PED_KILLED,COUNT_PED_INJURED,COUNT_BICYCLIST_KILLED,COUNT_BICYCLIST_INJURED,COUNT_MC_KILLED,COUNT_MC_INJURED,PRIMARY_RAMP,SECONDARY_RAMP,LATITUDE,LONGITUDE,COUNTY,CITY,POINT_X,POINT_Y
90526688,2017,2017-08-21,9850,2017-08-10,1335,019908,,4,1,9,3600,0,1,1,,2,084,"I-15 N/B","STODDARD WELLS RD",3485.00,N,N,A,-,Y,,,15,,,,,,N,Y,2,0,2,2,A,-,07,21658,A,N,B,C,A,A,H,-,A,D,0,,,,Y,Y,,A,01,2,0,0,0,0,0,0,0,0,"- ","- ",34.598640000000003,-117.25320000000001,"SAN BERNARDINO",UNINCORPORATED,-117.25331153,34.598727099999998
90527485,2017,2017-08-21,9865,2017-08-12,1200,021725,,6,1,6,3610,0,1,3,,2,031,"STATE ROUTE 38","CANYON RD.",1282.00,W,N,B,-,Y,,,,,,,,,,Y,2,0,3,1,A,-,03,22350,,N,F,A,A,A,H,-,A,D,0,,,,,Y,,A,07,3,0,0,0,0,0,0,0,0,"- ","- ",34.264159999999997,-116.93462,"SAN BERNARDINO","SAN BERNARDINO",,
90533678,2017,2017-08-25,9835,2017-08-05,0340,021522,,6,3,9,3600,0,1,1,,2,076,"I-15 N/B","CIMA RD",23232.00,N,N,B,-,Y,,,15,,,,,,N,Y,2,0,4,2,A,-,07,21658,A,N,C,E,A,A,H,-,D,D,0,,,,Y,Y,,G,25,1,3,0,0,0,0,0,0,0,"- ","- ",35.468699999999998,-115.60359,"SAN BERNARDINO",UNINCORPORATED,-115.60361202999999,35.468762650000002
90534745,2017,2017-08-28,9860,2017-08-26,0225,020387,,6,3,9,3600,0,1,1,,2,151,"I-15 SOUTHBOUND","MATHEWS RANCH RD",3000.00,N,N,A,-,Y,,,15,,,,,,S,Y,2,0,3,1,A,-,08,22107,,N,E,I,A,A,H,-,D,D,0,,,,,Y,,A,01,1,2,0,0,0,0,0,0,0,"- ","- ",34.250430000000001,-117.44423999999999,"SAN BERNARDINO",UNINCORPORATED,-117.44431468000001,34.250248380000002
90535585,2017,2017-08-28,9855,2017-07-07,1532,020002,,5,2,5,3611,0,1,1,,2,203,"SR-210 E/B (FOOTHILL FWY)","BASE LINE RD.",925.00,E,N,A,-,Y,,,210,,,,,,E,Y,1,1,0,2,A,-,03,22350,,N,C,C,A,A,H,-,A,D,0,,,Y,,Y,,C,02,0,0,0,0,0,0,0,1,0,"- ","- ",34.124049999999997,-117.69279,"SAN BERNARDINO",UPLAND,-117.69276558999999,34.12401818
90540849,2017,2017-09-05,9835,2017-08-28,1350,016787,,1,1,9,3600,0,3,5,,2,037,"AMBOY ROAD","NATIONAL TRAILS HIGHWAY",275.00,S,N,A,-,N,,,,,,,,,,Y,2,0,1,1,A,-,03,22350,,N,F,A,A,A,H,-,A,D,0,,,Y,,Y,,C,02,1,0,0,0,0,0,0,0,1,"- ","- ",34.55509,-115.75655999999999,"SAN BERNARDINO",UNINCORPORATED,-115.75636,34.554690010000002
90545998,2016,2017-09-12,9860,2016-08-19,1554,015618,,5,2,4,3603,0,1,1,,2,214,"I-215 SOUTHBOUND","WASHINGTON ST",693.00,S,N,A,-,Y,,,215,,,,,,S,Y,2,0,2,3,A,-,08,22107,,N,C,C,A,A,H,-,A,D,0,,,Y,,Y,,C,02,2,0,0,0,0,0,0,0,1,"- ","- ",34.046720000000001,-117.30882,"SAN BERNARDINO",COLTON,-117.30889105,34.046821979999997
90548798,2017,2017-09-15,9860,2017-09-08,0630,016590,,5,1,6,3610,0,1,1,,2,214,"I-215 S/B","ORANGE SHOW RD.",1372.00,S,N,A,-,Y,,,215,,,,,,S,Y,2,0,2,2,A,-,08,22107,,N,E,I,A,A,H,-,A,D,0,,,,Y,Y,,A,01,1,0,1,0,0,0,0,0,0,"- ","- ",34.075189999999999,-117.29585,"SAN BERNARDINO","SAN BERNARDINO",-117.29572309,34.075199400000002
90549345,2017,2017-09-18,9855,2017-09-08,0930,017649,,5,1,9,3600,0,3,5,,2,001,"CHERRY AVENUE","ARROW ROUTE",0.00,,Y,A,-,N,,,,,,,,,,Y,2,0,1,2,A,-,17,21451,A,N,D,C,A,A,H,-,A,A,0,,,Y,,Y,,C,02,1,0,0,0,0,0,0,0,1,"- ","- ",34.098869999999998,-117.49329,"SAN BERNARDINO",UNINCORPORATED,-117.4887901,34.099310060000001
90549958,2017,2017-09-18,9855,2017-09-10,2358,020081,,7,3,6,3607,0,1,3,,2,603,"SR-60 E/B (POMONA FWY)","VINEYARD AVE.",1900.00,W,N,A,-,Y,,,60,,,,,,E,Y,2,0,5,4,A,-,03,22350,,N,C,C,E,A,H,-,C,D,0,Y,,,,Y,Y,A,07,1,2,2,0,1,0,0,0,0,"- ","- ",34.030380000000001,-117.61753,"SAN BERNARDINO",ONTARIO,-117.61753022000001,34.030436899999998
90552023,2017,2017-09-20,9835,2017-07-11,2340,16683,,2,3,9,3600,0,3,5,,2,037,"KELBAKER ROAD",I-40,58080.00,N,N,A,-,N,,,,,,,,,,Y,1,1,1,2,A,-,05,21650,,N,A,C,A,A,H,-,D,D,0,,,,,Y,Y,A,01,0,1,0,0,0,0,0,0,0,"- ","- ",34.854469999999999,-115.63381,"SAN BERNARDINO",UNINCORPORATED,-115.63244199,34.851908379999998
90559982,2017,2017-09-29,9835,2017-08-07,0920,021160,,1,1,3,3601,0,1,1,,2,071,"INTERSTATE 15 NORTHBOUND",SR-58,3010.00,N,N,A,-,Y,,,,,,,,,,Y,2,0,1,1,A,-,01,23152,F,N,F,I,A,A,H,-,A,D,0,,,,,Y,,A,07,1,0,0,0,0,0,0,0,0,"- ","- ",34.525300000000001,-117.0454,"SAN BERNARDINO",BARSTOW,,
9056149,2020,2020-03-13,3600,2020-01-17,1524,G8603,RC001,5,5,6,3616,0,0,0,,0,RC06,"SANTA ANNA AV","4TH ST",12.00,E,N,A,-,N,,,,,,,,,,Y,2,0,2,1,A,-,03,22350,,N,E,I,A,A,H,-,A,D,0,,,,,Y,,A,01,1,1,0,0,0,0,0,0,0,"- ","- ",,,"SAN BERNARDINO","RANCHO CUCAMONGA",,
90563625,2017,2017-10-05,9855,2017-09-28,1033,018313,,4,1,5,3630,0,1,3,,2,071,"SR-71 N/B (CHINO FWY)","PINE AVE.",2500.00,S,N,A,-,Y,,,71,,,,,,N,Y,2,0,1,6,A,-,03,22350,,N,C,C,A,A,H,-,A,D,0,,,,Y,Y,,F,26,1,0,0,0,0,0,0,0,0,"- ","- ",33.943469999999998,-117.67095,"SAN BERNARDINO","CHINO HILLS",-117.67099673,33.943425820000002
90565913,2017,2017-10-09,9835,2017-09-03,2245,21186,,7,3,9,3600,0,2,4,,1,017,"IRWIN RD","BISHOP RD",208.00,N,N,A,-,N,,,,,,,,,,Y,1,1,0,1,A,-,08,22107,,N,E,I,A,A,H,-,D,D,0,,,,,Y,,A,01,0,0,0,0,0,0,0,0,0,"- ","- ",34.956789999999998,-117.01902,"SAN BERNARDINO",UNINCORPORATED,-117.01909673999999,34.956737820000001
90567676,2017,2017-10-11,9860,2017-10-02,1305,016821,,1,1,9,3600,0,3,5,,2,002,"PACIFIC STREET","STERLING AVENUE",270.00,W,N,A,-,N,,,,,,,,,,Y,2,0,1,2,A,-,08,22107,,N,C,E,A,A,H,-,A,D,0,,,Y,,Y,,C,02,1,0,0,0,0,0,0,0,1,"- ","- ",34.128619999999998,-117.24445,"SAN BERNARDINO",UNINCORPORATED,-117.24454928999999,34.128561759999997
90569879,2017,2017-10-13,9855,2017-10-08,1750,020231,,7,2,6,3607,0,1,1,,2,103,"I-10 W/B TO VINEYARD AVENUE","VINEYARD AVE.",151.00,E,N,A,-,Y,,,10,,,,R,,W,Y,2,0,1,1,A,-,03,22350,,N,E,I,A,A,H,-,A,D,0,,,Y,,Y,,C,02,1,0,0,0,0,0,0,0,1,"- ","- ",34.071710000000003,-117.61067,"SAN BERNARDINO",ONTARIO,-117.61067,34.071710000000003
9057260,2020,2020-06-16,3600,2020-02-16,2203,G8527,CH019,7,5,5,3630,0,0,0,,0,CH03,"WOODVIEW RD","CORONET ST",1510.00,E,N,A,-,N,,,,,,,,,,Y,2,0,2,1,A,-,03,22350,,N,F,-,A,A,H,-,D,A,0,,,,,Y,,A,01,1,1,0,0,0,0,0,0,0,"- ","- ",,,"SAN BERNARDINO","CHINO HILLS",-117.72389984130859,33.964687347412109
90575823,2017,2017-10-23,9860,2017-10-14,0225,021169,,6,3,5,3608,0,1,1,,2,106,"I-10 WB TO WABASH AVE","WABASH AVE",218.00,E,N,A,-,Y,,,10,,,,R,,W,Y,2,0,2,1,A,-,01,23152,A,N,E,I,A,A,H,-,C,D,0,,,,,Y,Y,A,01,2,0,0,0,0,0,0,0,0,"- ","- ",34.033410000000003,-117.13787000000001,"SAN BERNARDINO",REDLANDS,-117.13787000000001,34.033410000000003
90582777,2017,2017-10-30,9855,2017-10-22,0250,020690,,7,3,5,3602,0,1,3,,2,603,"SR-60 W/B (POMONA FWY)","MOUNTAIN AVE.",2573.00,W,N,A,-,N,,,,,,,,,,N,2,0,2,1,A,-,01,23152,A,N,E,I,A,A,H,-,D,D,0,,,,,Y,Y,A,01,1,0,1,0,0,0,0,0,0,"- ","- ",34.135039999999996,-117.64277,"SAN BERNARDINO",CHINO,-117.67608995000001,34.03043461
90583128,2017,2017-10-31,9850,2017-10-15,1425,019278,,7,2,5,3619,0,1,1,,2,082,"I-15 S/B TO JOSHUA ST","JOSHUA ST",2.00,N,N,A,-,Y,,,15,,,,R,,S,Y,2,0,1,1,A,-,01,23152,A,N,E,I,A,A,H,-,A,A,0,,,,,Y,Y,A,01,1,0,0,0,0,0,0,0,0,"- ","- ",34.407200000000003,-117.398,"SAN BERNARDINO",HESPERIA,-117.398,34.407200000000003
90584178,2017,2017-10-31,9850,2017-09-02,1409,017730,,6,2,9,3600,0,1,3,,2,060,"STATE ROUTE 138","PONDEROSA ROAD",20.00,E,N,A,-,Y,,,138,,,,,,,Y,1,1,1,2,A,-,03,22350,,N,F,A,A,A,H,-,A,D,0,,,Y,,Y,,C,02,0,0,1,0,0,0,0,1,0,"- ","- ",34.437469999999998,-117.63800000000001,"SAN BERNARDINO",UNINCORPORATED,-117.63800505,34.437462259999997
90584439,2017,2017-11-01,9865,2017-10-03,1707,014696,,2,2,9,3600,0,1,3,,2,017,SR-173,"HOSPITAL ROAD",588.00,E,N,A,-,Y,,,173,,,,,,,Y,2,0,3,2,A,-,01,23152,F,M,A,C,A,A,H,-,A,A,0,,,,,Y,,A,07,1,2,0,0,0,0,0,0,0,"- ","- ",34.264679999999998,-117.16986,"SAN BERNARDINO",UNINCORPORATED,-117.16977996999999,34.26473833
90585049,2017,2017-11-01,9834,2017-10-28,1310,020342,,6,1,9,3600,0,1,2,,1,091,"US-95 N/B",SR-62,84480.00,N,N,A,-,Y,,,95,,,,,,N,Y,2,0,3,2,A,-,08,22107,,F,E,I,A,A,H,-,A,D,0,,,,,Y,,-,99,1,2,0,0,0,0,0,0,0,"- ","- ",34.402119999999996,-114.65260000000001,"SAN BERNARDINO",UNINCORPORATED,-114.65261092999999,34.402120330000002
90585082,2017,2017-11-01,9850,2017-10-27,1320,019197,,5,1,9,3600,0,3,5,,2,003,"DEEP CREEK RD","OCOTILLO WAY",1056.00,N,N,A,-,N,,,,,,,,,,Y,2,0,1,1,A,-,08,22107,,N,F,A,A,A,H,-,A,D,0,,,,,Y,,A,07,1,0,0,0,0,0,0,0,0,"- ","- ",34.431060000000002,-117.2251,"SAN BERNARDINO",UNINCORPORATED,-117.22510522,34.430772380000001
90585254,2017,2017-11-01,9860,2017-10-21,2225,020387,,6,3,9,3600,0,1,3,,1,012,SR-138,"RASTALL RD.",510.00,W,N,A,-,N,,,138,,,,,,,Y,2,0,2,2,A,-,08,22107,,N,A,C,A,A,D,-,D,D,0,,,,,Y,,A,07,2,0,0,0,0,0,0,0,0,"- ","- ",34.352620000000002,-117.52758,"SAN BERNARDINO",UNINCORPORATED,-117.52760574,34.352603870000003
90587379,2017,2017-11-06,9860,2017-10-28,1140,020051,,6,1,6,3610,0,1,1,,2,214,"I-215 S/B","MILL ST.",975.00,N,N,A,-,Y,,,215,,,,,,S,Y,2,0,1,3,A,-,07,21658,A,N,B,C,A,A,H,-,A,D,0,,,Y,Y,Y,,A,01,1,0,0,0,0,0,0,0,1,"- ","- ",34.094940000000001,-117.30212,"SAN BERNARDINO","SAN BERNARDINO",-117.30201470999999,34.094940899999997
9059078,2020,2020-05-20,3600,2020-02-14,1817,SCHAU,CH010,5,5,5,3630,0,0,0,,0,003,"TUPELO ST","ACORN ST",0.00,,Y,A,-,N,,,,,,,,,,N,2,0,1,2,A,-,03,22350,,N,D,C,A,A,H,-,C,D,0,,,Y,,Y,,C,02,1,0,0,0,0,0,0,0,1,"- ","- ",,,"SAN BERNARDINO","CHINO HILLS",-117.72962188720703,33.983428955078125
90591856,2017,2017-11-09,9834,2017-10-15,1350,016922,,7,1,9,3600,0,1,1,,2,044,"INTERSTATE 40",US-95,15840.00,W,N,A,-,Y,,,40,,,,,,,Y,1,2,2,1,A,-,08,22107,,N,F,A,A,A,H,-,A,D,0,,,,,Y,,A,07,1,1,0,0,0,0,0,0,0,"- ","- ",34.876480000000001,-114.80620999999999,"SAN BERNARDINO",UNINCORPORATED,-114.80619041999999,34.876417459999999
90592463,2017,2017-11-13,9860,2017-11-08,2325,020282,,3,3,9,3600,0,3,5,,2,004,"LOCUST AVE","7TH ST",110.00,N,N,A,-,N,,,,,,,,,,Y,2,0,2,1,A,-,01,23152,A,N,E,J,A,A,H,-,C,D,0,,,,,Y,Y,A,08,2,0,0,0,0,0,0,0,0,"- ","- ",34.04092,-117.40924,"SAN BERNARDINO",UNINCORPORATED,-117.40946911,34.040881259999999
90596222,2017,2017-11-16,9855,2017-11-07,1603,019732,,2,2,6,3607,0,1,1,,2,103,"I-10 E/B (SAN BERNARDINO FWY)","ARCHIBALD AVE.",2500.00,W,N,B,-,Y,,,10,,,,,,E,Y,2,0,1,4,A,-,08,22107,,F,B,C,A,A,A,H,A,D,0,,,Y,,Y,,-,99,1,0,0,0,0,0,0,0,1,"- ","- ",34.06756,-117.5979,"SAN BERNARDINO",ONTARIO,-117.59789993,34.067567500000003
90596990,2017,2017-11-17,9865,2017-11-12,1227,019318,,7,1,9,3600,0,1,3,,2,045,SR-38,"MANZANITA RD.",22176.00,E,N,B,-,Y,,,38,,,,,,,Y,2,0,1,1,A,-,03,22350,,N,E,I,A,A,H,-,A,D,0,,,Y,,Y,,C,02,1,0,0,0,0,0,0,0,1,"- ","- ",34.158499999999997,-116.92577,"SAN BERNARDINO",UNINCORPORATED,-116.92586525999999,34.158447760000001
90597607,2017,2017-11-20,9850,2017-11-03,2118,020898,,5,2,9,3600,0,2,4,,2,056,"JOHNSON RD","SUNSET RD",0.00,,Y,A,-,N,,,,,,,,,,Y,2,0,4,2,A,-,21,22106,,N,D,C,A,A,H,-,D,D,0,,,,,Y,Y,A,01,3,0,1,0,0,0,0,0,0,"- ","- ",34.459150000000001,-117.55511,"SAN BERNARDINO",UNINCORPORATED,-117.55512007999999,34.459100030000002
90598348,2017,2017-11-20,9855,2017-11-09,0735,012923,,4,1,9,3600,0,3,5,,2,001,"MERRILL AVE.","BEECH AVE.",102.00,E,N,B,C,N,,,,,,,,,,N,2,0,1,2,A,-,11,21954,A,N,G,B,D,A,H,-,A,D,0,Y,,,,Y,,N,60,1,0,0,0,1,0,0,0,0,"- ","- ",34.091999999999999,-117.47101000000001,"SAN BERNARDINO",UNINCORPORATED,-117.47082406,34.092021250000002
90613766,2017,2017-12-11,9860,2017-12-03,1335,020051,,7,1,9,3600,0,3,5,,2,003,"4TH ST.","WATERMAN AVE",390.00,E,N,A,-,N,,,,,,,,,,Y,2,0,2,3,A,-,08,22107,,N,C,E,A,A,H,-,A,D,0,,,,,Y,,A,01,1,0,1,0,0,0,0,0,0,"- ","- ",34.10642,-117.27734,"SAN BERNARDINO",UNINCORPORATED,-117.27748563,34.106451870000001
90613948,2017,2017-12-11,9855,2017-11-20,0139,021048,,1,3,6,3607,0,1,1,,2,103,"I-10 E/B (SAN BERNARDINO FWY)","VINEYARD AVE.",1981.00,W,N,A,-,Y,,,10,,,,,,E,Y,2,0,4,6,A,-,03,22350,,N,C,C,A,A,H,-,D,D,0,,,,,Y,,A,01,1,2,1,0,0,0,0,0,0,"- ","- ",34.073689999999999,-117.61672,"SAN BERNARDINO",ONTARIO,-117.61671647999999,34.073696140000003
90615337,2017,2017-12-12,9860,2017-11-29,1450,014777,,3,2,9,3600,0,3,5,,2,001,"CAJON BOULEVARD","SWARTHOUT CANYON ROAD",712.00,N,N,A,-,N,,,,,,,,,,Y,2,0,1,1,A,-,08,22107,,N,E,I,A,A,H,-,A,D,0,,,,,Y,,A,07,1,0,0,0,0,0,0,0,0,"- ","- ",34.275649999999999,-117.45166,"SAN BERNARDINO",UNINCORPORATED,-117.45252771,34.277051810000003
90617970,2017,2017-12-14,9860,2017-12-13,1241,012988,,3,1,9,3600,0,3,5,,2,003,"SAN BERNARDINO AVE","NEVADA ST",440.00,E,N,A,-,N,,,,,,,,,,Y,2,0,1,2,A,-,09,21801,A,N,D,C,A,A,H,-,A,D,0,,,Y,Y,Y,,F,25,1,0,0,0,0,0,0,0,1,"- ","- ",34.077500000000001,-117.21594,"SAN BERNARDINO",UNINCORPORATED,-117.21604152,34.077570000000001
90618942,2017,2017-12-18,9860,2017-12-07,1750,019706,,4,2,4,3603,0,1,1,,2,103,"I-10 EASTBOUND","MOUNT VERNON AVE",1880.00,E,N,A,-,Y,,,10,,,,,,E,Y,2,0,1,2,A,-,07,21658,A,N,B,C,A,A,H,-,C,D,0,,,Y,,Y,,A,01,1,0,0,0,0,0,0,0,1,"- ","- ",34.065010000000001,-117.30725,"SAN BERNARDINO",COLTON,-117.30725035,34.065072530000002
90622016,2017,2017-12-20,9850,2017-12-04,1330,020758,,1,1,9,3600,0,1,3,,2,060,"STATE ROUTE 138","PINE TREE ROAD",122.00,E,N,A,-,Y,,,138,,,,,,,Y,1,1,3,2,A,-,01,23152,A,N,E,I,A,A,H,-,A,D,0,,,,,Y,Y,D,22,3,0,0,0,0,0,0,0,0,"- ","- ",34.430680000000002,-117.62738,"SAN BERNARDINO",UNINCORPORATED,-117.62745289,34.430568719999997
90622869,2017,2017-12-21,9855,2017-11-17,1735,020533,,5,2,5,3602,0,1,3,,2,603,"SR-60 E/B (POMONA FWY)","MOUNTAIN AVE.",1260.00,E,N,A,-,Y,,,60,,,,,,E,Y,2,0,1,2,A,-,08,22107,,N,B,C,A,A,H,-,C,D,0,,,Y,,Y,,C,02,1,0,0,0,0,0,0,0,1,"- ","- ",34.030169999999998,-117.66361000000001,"SAN BERNARDINO",CHINO,-117.66361073,34.030284549999998
90625474,2017,2018-03-01,9855,2017-12-07,1444,020110,,4,2,6,3616,1,4,S,,2,901,"CHURCH STREET","TERRA VISTA PARKWAY",10.00,W,N,A,-,N,,,,,,,,,,N,2,0,1,2,A,-,06,21750,A,F,B,G,A,A,H,-,A,D,0,,Y,,,Y,,H,13,1,0,0,0,0,0,1,0,0,"- ","- ",34.113259999999997,-117.57191,"SAN BERNARDINO","RANCHO CUCAMONGA",-117.57261755,34.113625030000001
90625723,2017,2017-12-25,9865,2017-12-15,1150,021064,,5,1,9,3600,0,3,5,,2,003,"BALDWIN LANE","HERITAGE TRAIL",17.00,E,N,A,-,N,,,,,,,,,,N,2,0,1,2,A,-,05,21650,,N,H,G,A,A,H,-,A,D,0,,Y,,,Y,,L,04,1,0,0,0,0,0,1,0,0,"- ","- ",34.250399999999999,-116.81798999999999,"SAN BERNARDINO",UNINCORPORATED,-116.81804395,34.250430000000001
90626134,2017,2017-12-26,9870,2017-12-14,1040,016935,,4,1,9,3600,0,1,3,,2,021,"STATE ROUTE 247 (OLD WOMAN SPRINGS RD)","GIN ROAD",3168.00,N,N,A,-,Y,,,247,,,,,,,Y,2,0,1,1,A,-,01,23152,A,N,E,I,A,A,H,-,A,D,0,,,,,Y,Y,A,01,1,0,0,0,0,0,0,0,0,"- ","- ",34.369250000000001,-116.59934,"SAN BERNARDINO",UNINCORPORATED,-116.59933906000001,34.36929267
90627724,2017,2017-12-27,9850,2017-12-17,2209,021758,,7,3,5,3612,0,1,1,,2,083,"I-15 N/B","D ST",544.00,S,N,A,-,Y,,,15,,,,,,N,Y,2,0,1,1,A,-,01,23152,A,N,E,I,A,A,H,-,D,D,0,,,,,Y,Y,A,01,1,0,0,0,0,0,0,0,0,"- ","- ",34.544780000000003,-117.30135,"SAN BERNARDINO",VICTORVILLE,-117.30141408999999,34.544881330000003
90628517,2017,2017-12-28,9834,2017-12-25,2155,021525,,1,2,9,3600,0,1,2,,1,093,"US-95 N/B","COMPRESSOR PLANT ROAD",17952.00,S,N,A,-,Y,,,95,,,,,,N,Y,2,0,1,1,A,-,08,22107,,N,F,A,A,A,H,-,E,D,0,,,,,Y,,A,07,1,0,0,0,0,0,0,0,0,"- ","- ",34.649859999999997,-114.62726000000001,"SAN BERNARDINO",UNINCORPORATED,-114.62722094999999,34.649856479999997
90628780,2017,2018-01-30,9860,2017-11-01,1359,017098,,3,1,9,3600,0,1,3,,1,012,"STATE ROUTE 138","SAND STONE ROAD",517.00,W,N,A,-,Y,,,138,,,,,,,Y,1,2,1,2,A,-,05,21650,,N,A,C,A,A,H,-,A,D,0,,,,Y,Y,,A,08,0,1,0,0,0,0,0,0,0,"- ","- ",34.369309999999999,-117.54299,"SAN BERNARDINO",UNINCORPORATED,-117.54287558,34.369416479999998
90629240,2017,2017-12-29,9860,2017-12-20,0810,016821,,3,1,9,3600,0,2,4,,1,410,"VALLEY BOULEVARD","ALDER AVENUE",0.00,,Y,A,-,Y,,,,,,,,,,N,2,0,1,2,A,-,10,21950,A,N,G,B,B,A,H,-,A,A,0,Y,,,,Y,,A,08,1,0,0,0,1,0,0,0,0,"- ","- ",34.070419999999999,-117.41819,"SAN BERNARDINO",UNINCORPORATED,-117.41824001000001,34.070430029999997
90630035,2017,2017-12-29,9834,2017-12-22,1640,020342,,5,2,9,3600,0,1,2,,1,091,"US-95 N/B",SR-62,800.00,N,N,A,-,Y,,,95,,,,,,N,Y,2,0,1,3,C,-,18,,,N,H,B,E,A,H,-,D,D,0,Y,,,Y,Y,,-,"- ",1,0,0,0,1,0,0,0,0,"- ","- ",34.190179999999998,-114.5762,"SAN BERNARDINO",UNINCORPORATED,-114.57624303,34.190091250000002
90634571,2017,2018-01-08,9860,2017-12-30,1455,018858,,6,2,4,3603,0,1,1,,2,103,"I-10 W/B TO I-215 N/B","SANTA AN RIVER",430.00,S,N,A,-,Y,,,10,,,,R,,W,Y,2,0,1,1,A,-,08,22107,,N,F,A,A,A,H,-,A,D,0,,,,,Y,,A,01,1,0,0,0,0,0,0,0,0,"- ","- ",34.065530000000003,-117.29465,"SAN BERNARDINO",COLTON,-117.29465,34.065530000000003
9064040,2020,2020-03-17,3600,2020-01-23,0843,6919,053,4,5,5,3612,0,0,0,,0,005,"KENTWOOD BL","RAMONA AV",0.00,,Y,A,-,N,,,,,,,,,,Y,2,0,1,2,A,-,09,21802,A,N,D,C,A,A,H,-,A,D,0,,,Y,,Y,Y,A,01,1,0,0,0,0,0,0,0,1,"- ","- ",,,"SAN BERNARDINO",VICTORVILLE,-117.32749176025391,34.508590698242188
9064072,2020,2020-03-17,3600,2020-01-24,1937,8945,067,5,5,5,3612,0,0,0,,0,006,"AIR EXPRESS WY","GEORGE BL",561.00,E,N,A,-,N,,,,,,,,,,Y,2,0,4,3,A,-,01,23152,A,N,A,C,A,A,H,-,D,D,0,,,,,Y,Y,A,07,3,1,0,0,0,0,0,0,0,"- ","- ",,,"SAN BERNARDINO",VICTORVILLE,-117.35868072509766,34.572097778320312
90644993,2017,2018-01-22,9835,2017-10-16,0106,21186,,1,3,9,3600,0,1,1,,2,047,"I-40 W/B","CRUCERO RD",2024.00,E,N,A,-,Y,,,40,,,,,,W,N,1,1,0,2,A,-,11,21954,A,N,G,B,E,A,H,-,D,D,0,Y,,,Y,Y,,N,60,0,0,0,1,0,0,0,0,0,"- ","- ",34.725960000000001,-116.15644,"SAN BERNARDINO",UNINCORPORATED,-116.1564396,34.725951469999998
90645100,2017,2018-04-02,9855,2017-09-09,2155,020664,,6,2,9,3600,0,2,4,,1,012,"ARROW ROUTE","CHERRY AVENUE",281.00,W,N,A,-,N,,,,,,,,,,N,1,1,0,2,A,-,11,21954,A,F,G,B,E,A,H,-,C,D,0,Y,,,,Y,,N,60,0,0,0,1,0,0,0,0,0,"- ","- ",34.09928,-117.49034,"SAN BERNARDINO",UNINCORPORATED,-117.48971557,34.099306990000002
90645252,2018,2018-01-23,9850,2018-01-15,1450,021422,,1,2,9,3600,0,2,4,,2,057,"RANCHO ROAD","SHEEP CREEK ROAD",0.00,,Y,A,-,N,,,,,,,,,,Y,2,0,1,2,A,-,09,21804,A,N,D,C,A,A,H,-,A,D,0,,,Y,,Y,,C,06,1,0,0,0,0,0,0,0,1,"- ","- ",34.558120727539062,-117.57817840576172,"SAN BERNARDINO",UNINCORPORATED,-117.57820129394531,34.558048248291016
90647638,2018,2018-01-25,9860,2018-01-17,1735,019484,,3,2,6,3610,0,1,1,,2,214,"I-215 S/B",I-10,1056.00,S,N,A,-,Y,,,,,,,,,,Y,2,0,3,4,A,-,03,22350,,N,C,C,A,A,D,-,D,D,0,,,,,Y,,A,01,1,2,0,0,0,0,0,0,0,"- ","- ",34.060558319091797,-117.29704284667969,"SAN BERNARDINO","SAN BERNARDINO",,
90649441,2018,2018-01-26,9860,2018-01-17,1352,017098,,3,1,9,3600,0,1,1,,2,152,"I-15 N/B",SR-138,1000.00,S,N,A,-,Y,,,15,,,,,,N,Y,2,0,1,1,A,-,03,22350,,N,F,A,A,A,H,-,A,D,0,,,Y,,Y,,C,02,1,0,0,0,0,0,0,0,1,"- ","- ",34.310108184814453,-117.47235870361328,"SAN BERNARDINO",UNINCORPORATED,-117.47245025634766,34.310001373291016