CASE_ID,ACCIDENT_YEAR,PROC_DATE,JURIS,COLLISION_DATE,COLLISION_TIME,OFFICER_ID,REPORTING_DISTRICT,DAY_OF_WEEK,CHP_SHIFT,POPULATION,CNTY_CITY_LOC,SPECIAL_COND,BEAT_TYPE,CHP_BEAT_TYPE,CITY_DIVISION_LAPD,CHP_BEAT_CLASS,BEAT_NUMBER,PRIMARY_RD,SECONDARY_RD,DISTANCE,DIRECTION,INTERSECTION,WEATHER_1,WEATHER_2,STATE_HWY_IND,CALTRANS_COUNTY,CALTRANS_DISTRICT,STATE_ROUTE,ROUTE_SUFFIX,POSTMILE_PREFIX,POSTMILE,LOCATION_TYPE,RAMP_INTERSECTION,SIDE_OF_HWY,TOW_AWAY,COLLISION_SEVERITY,NUMBER_KILLED,NUMBER_INJURED,PARTY_COUNT,PRIMARY_COLL_FACTOR,PCF_CODE_OF_VIOL,PCF_VIOL_CATEGORY,PCF_VIOLATION,PCF_VIOL_SUBSECTION,HIT_AND_RUN,TYPE_OF_COLLISION,MVIW,PED_ACTION,ROAD_SURFACE,ROAD_COND_1,ROAD_COND_2,LIGHTING,CONTROL_DEVICE,CHP_ROAD_TYPE,PEDESTRIAN_ACCIDENT,BICYCLE_ACCIDENT,MOTORCYCLE_ACCIDENT,TRUCK_ACCIDENT,NOT_PRIVATE_PROPERTY,ALCOHOL_INVOLVED,STWD_VEHTYPE_AT_FAULT,CHP_VEHTYPE_AT_FAULT,COUNT_SEVERE_INJ,COUNT_VISIBLE_INJ,COUNT_COMPLAINT_PAIN,COUNT_PED_KILLED,COUNT_PED_INJURED,COUNT_BICYCLIST_KILLED,COUNT_BICYCLIST_INJURED,COUNT_MC_KILLED,COUNT_MC_INJURED,PRIMARY_RAMP,SECONDARY_RAMP,LATITUDE,LONGITUDE,COUNTY,CITY,POINT_X,POINT_Y
90656026,2018,2018-02-06,9860,2018-01-09,2041,018275,,2,2,6,3610,0,1,1,,2,214,"I-215 S/B","INLAND CENTER DR",300.00,S,N,C,-,Y,,,215,,,,,,S,Y,2,0,1,2,A,-,07,21658,A,F,B,C,A,B,H,-,D,D,0,,,,,Y,,-,99,1,0,0,0,0,0,0,0,0,"- ","- ",34.084049224853516,-117.30055236816406,"SAN BERNARDINO","SAN BERNARDINO",-117.30046081542969,34.0841064453125
90657759,2018,2018-02-08,9855,2018-01-10,1230,015919,,3,1,6,3607,0,1,1,,2,103,"I-10 W/B (SAN BERNARDINO FWY)","VINEYARD AVE.",75.00,E,N,B,-,Y,,,10,,,,,,W,Y,2,0,15,4,A,-,01,23152,A,N,D,C,A,A,H,-,A,D,0,,,,,Y,Y,A,01,1,1,13,0,0,0,0,0,0,"- ","- ",34.070728302001953,-117.61096954345703,"SAN BERNARDINO",ONTARIO,-117.61099243164062,34.0706787109375
90658924,2018,2018-02-12,9860,2018-02-06,1430,016646,,2,2,3,3690,0,1,1,,2,214,"I-215 SB","NEWPORT AVENUE",1130.00,N,N,A,-,Y,,,,,,,,,,Y,2,0,3,3,A,-,01,23152,F,N,C,C,A,A,H,-,A,D,0,,,,Y,Y,,A,01,2,0,1,0,0,0,0,0,0,"- ","- ",34.040138244628906,-117.11731719970703,"SAN BERNARDINO","GRAND TERRACE",-117.31688690185547,34.041072845458984
90659327,2018,2018-02-12,9870,2018-02-01,1600,018236,,4,2,9,3600,0,1,3,,1,031,"STATE ROUTE 62 (29 PALMS HWY)","SUNSET ROAD",102.00,E,N,A,-,Y,,,,,,,,,,N,2,0,1,2,A,-,11,21954,A,N,G,B,D,A,H,-,A,D,0,Y,,,,Y,Y,N,60,1,0,0,0,1,0,0,0,0,"- ","- ",34.134838104248047,-116.31671905517578,"SAN BERNARDINO",UNINCORPORATED,,
90662144,2017,2018-02-15,9835,2017-11-26,1805,19992,,7,2,9,3600,0,1,1,,2,047,"I-40 WB","CRUCERO ROAD",4224.00,E,N,A,-,Y,,,40,,,,,,W,Y,1,1,1,1,A,-,08,22107,,N,E,I,A,A,H,-,D,D,0,,,,,Y,,D,22,1,0,0,0,0,0,0,0,0,"- ","- ",34.726120000000002,-116.14927,"SAN BERNARDINO",UNINCORPORATED,-116.14927873000001,34.72629869
9066338,2020,2020-09-02,3610,2020-04-21,1955,50977,,2,5,6,3610,0,0,0,,0,POLICE,"EAST HIGHLAND AV","CEDAR ST",80.00,E,N,A,-,N,,,,,,,,,,Y,2,0,2,2,A,-,11,21954,A,N,G,B,E,A,H,-,C,D,0,Y,,,,Y,,N,60,1,1,0,0,1,0,0,0,0,"- ","- ",34.135898590087891,-117.27249145507812,"SAN BERNARDINO","SAN BERNARDINO",-117.26776885986328,34.135898590087891
90663494,2018,2019-06-04,9850,2018-01-25,0035,021405,,4,3,9,3600,0,3,5,,2,001,"DRIFTWOOD DRIVE","SPRING VALLEY PARKWAY",724.00,E,N,A,-,N,,,,,,,,,,Y,2,0,1,4,A,-,08,22107,,M,B,E,A,A,H,-,C,D,0,,,,,Y,,D,22,1,0,0,0,0,0,0,0,0,"- ","- ",34.506881713867188,-117.27214050292969,"SAN BERNARDINO",UNINCORPORATED,-117.27246856689453,34.506904602050781
90664586,2018,2018-02-20,9834,2018-01-07,2000,015182,,7,2,9,3600,0,1,3,,1,064,"STATE ROUTE 62","RT 95",19536.00,W,N,A,-,Y,,,62,,,,,,,Y,1,1,1,1,A,-,08,22107,,N,E,I,A,A,H,-,D,D,0,,,,,Y,,A,01,1,0,0,0,0,0,0,0,0,"- ","- ",34.161018371582031,-114.62650299072266,"SAN BERNARDINO",UNINCORPORATED,-114.62652587890625,34.161052703857422
90664945,2018,2018-02-20,9855,2018-02-10,1140,016220,,6,1,6,3616,0,1,1,,2,152,"I-15 S/B (ONTARIO FWY)","SIXTH STREET",30.00,N,N,A,-,Y,,,15,,,,,,S,Y,2,0,4,2,A,-,08,22107,,N,C,C,A,A,H,-,A,D,0,,,,,Y,,A,07,1,1,2,0,0,0,0,0,0,"- ","- ",34.088138580322266,-117.54493713378906,"SAN BERNARDINO","RANCHO CUCAMONGA",-117.54483032226562,34.088134765625
90668003,2018,2018-02-23,9835,2018-02-21,2350,017111,,3,3,3,3601,0,1,3,,1,012,"SR-58 E/B","LENWOOD RD",4013.00,E,N,A,-,Y,,,,,,,,,,Y,2,0,3,1,A,-,01,23152,A,N,F,A,A,A,H,-,D,D,0,,,,,Y,Y,A,07,1,2,0,0,0,0,0,0,0,"- ","- ",34.913299560546875,-117.10469818115234,"SAN BERNARDINO",BARSTOW,-117.10552215576172,34.913784027099609
90668057,2018,2018-02-23,9860,2018-02-14,1805,020346,,3,2,9,3600,0,3,5,,2,004,"SLOVER AVE","SPRUCE AVE",0.00,,Y,A,-,N,,,,,,,,,,Y,2,0,1,4,A,-,09,21801,A,N,A,C,A,A,H,-,D,A,0,,,,Y,Y,,A,01,1,0,0,0,0,0,0,0,0,"- ","- ",34.063159942626953,-117.38762664794922,"SAN BERNARDINO",UNINCORPORATED,-117.38771820068359,34.063220977783203
90669964,2017,2018-02-26,9835,2017-12-10,1910,21824,,7,2,9,3600,0,1,1,,2,077,"I-15 S/B","YATES WELL RD",14995.00,S,N,A,-,Y,,,15,,,,,,S,Y,1,1,0,1,A,-,08,22107,,N,F,A,A,A,H,-,D,D,0,,,,,Y,,A,07,0,0,0,0,0,0,0,0,0,"- ","- ",35.500309999999999,-115.43741,"SAN BERNARDINO",UNINCORPORATED,-115.43731087,35.500267540000003
90671920,2018,2018-02-28,9865,2018-02-26,1555,021841,,1,2,9,3600,0,1,3,,2,020,SR-330,"FOREST ROAD 1N09",2640.00,S,N,A,-,Y,,,330,,,,,,,Y,2,0,1,1,A,-,08,22107,,N,E,I,A,A,H,-,A,D,0,,,,,Y,,A,01,1,0,0,0,0,0,0,0,0,"- ","- ",34.179821014404297,-117.16246795654297,"SAN BERNARDINO",UNINCORPORATED,-117.1624755859375,34.179813385009766
90672805,2018,2018-03-01,9850,2018-02-26,1947,021758,,1,2,9,3600,0,2,4,,2,056,"JOHNSON RD","DUNCAN RD",0.00,,Y,A,-,N,,,,,,,,,,Y,2,0,3,2,A,-,12,22450,A,N,D,C,A,A,H,-,D,A,0,,,,,Y,,D,22,2,1,0,0,0,0,0,0,0,"- ","- ",34.469928741455078,-117.55516815185547,"SAN BERNARDINO",UNINCORPORATED,-117.55518341064453,34.469940185546875
90676135,2017,2018-03-06,9855,2017-10-31,1349,019732,,2,1,5,3611,0,1,1,,2,103,"I-10 W/B (SAN BERNARDINO FWY)","SAN ANTONIO AVE.",755.00,W,N,B,-,Y,,,10,,,,,,W,Y,2,0,2,5,A,-,08,22107,,N,C,C,E,A,H,-,A,A,0,Y,,,Y,Y,,D,22,1,1,0,0,2,0,0,0,0,"- ","- ",34.087499999999999,-117.66336,"SAN BERNARDINO",UPLAND,-117.66335983,34.08743149
90676661,2018,2018-03-07,9855,2018-02-25,2329,020913,,7,3,6,3607,0,1,1,,2,101,"I-10 E/B (SAN BERNARDINO FWY)",I-15,400.00,E,N,A,-,Y,,,10,,,,,,E,Y,2,0,2,2,A,-,03,22350,,N,B,C,A,A,H,-,D,D,0,,,Y,,Y,,C,02,1,1,0,0,0,0,0,0,2,"- ","- ",34.067180633544922,-117.54328155517578,"SAN BERNARDINO",ONTARIO,-117.54328155517578,34.067352294921875
90679082,2018,2018-03-12,9860,2018-03-03,0515,019429,,6,3,4,3603,0,1,1,,2,214,"I-215 S/B","IOWA AVE",528.00,N,N,B,C,Y,,,215,,,,,,S,Y,2,0,2,3,A,-,08,22107,,F,B,C,A,B,H,-,D,D,0,,,,,Y,,D,22,1,0,1,0,0,0,0,0,0,"- ","- ",34.025669097900391,-117.33405303955078,"SAN BERNARDINO",COLTON,-117.33405303955078,34.025676727294922
9068015,2020,2020-03-12,3601,2020-01-07,1717,P91,BARST,2,5,3,3601,0,0,0,,0,,"MURIEL DR","ARMORY RD",12.00,N,N,A,-,N,,,,,,,,,,Y,2,0,3,2,A,-,03,22350,,N,E,I,A,A,H,-,C,D,0,,,,,Y,Y,-,,1,0,2,0,0,0,0,0,0,"- ","- ",,,"SAN BERNARDINO",BARSTOW,-117.01228332519531,34.884059906005859
90682034,2018,2018-04-04,9850,2018-03-06,1418,021422,,2,2,9,3600,0,1,3,,2,044,"S/R 247 (OLD WOMAN SPRINGS ROAD)","LOCUST AVE",974.00,S,N,A,-,Y,,,,,,,,,,Y,2,0,2,2,A,-,06,21750,A,N,D,C,A,A,H,-,A,D,0,,,,Y,Y,,A,01,1,0,1,0,0,0,0,0,0,"- ","- ",34.444068908691406,-116.90750885009766,"SAN BERNARDINO",UNINCORPORATED,,
90682173,2018,2018-03-14,9870,2018-03-04,1745,021650,,7,2,9,3600,0,3,5,,2,002,"PIONEERTOWN ROAD","SHELTER COVE LANE",360.00,S,N,A,-,N,,,,,,,,,,Y,2,0,1,1,A,-,01,23152,A,N,F,A,A,A,H,-,D,D,0,,,Y,,Y,Y,C,02,1,0,0,0,0,0,0,0,1,"- ","- ",34.135089874267578,-116.45823669433594,"SAN BERNARDINO",UNINCORPORATED,-116.46309661865234,34.138401031494141
90682250,2018,2018-03-14,9855,2018-02-27,1540,018335,,2,2,9,3600,0,3,5,,2,001,"ARROW RTE.","BEECH AVE.",0.00,,Y,A,-,N,,,,,,,,,,Y,2,0,1,2,A,-,01,23152,A,N,D,C,A,A,H,-,A,A,0,,,,,Y,Y,A,01,1,0,0,0,0,0,0,0,0,"- ","- ",34.099189758300781,-117.47103118896484,"SAN BERNARDINO",UNINCORPORATED,-117.47122192382812,34.099281311035156
90683539,2018,2019-11-08,9835,2018-01-18,1920,015354,,4,2,9,3600,0,1,1,,2,075,"WEST  BAKER BLVD","STATE ROUTE 127",404.00,W,N,A,-,N,,,,,,,,,,N,1,1,0,3,A,-,10,21954,,N,G,B,D,A,H,-,C,D,0,Y,,,,Y,Y,N,60,0,0,0,1,0,0,0,0,0,"- ","- ",35.155101776123047,-116.43509674072266,"SAN BERNARDINO",UNINCORPORATED,-116.0760498046875,35.26470947265625
90686436,2018,2018-03-21,9834,2018-03-15,0429,015771,,4,3,9,3600,0,1,1,,2,048,"I-40 E/B","PARK MOABI ROAD O/C",2640.00,W,N,A,-,Y,,,40,,,,,,E,Y,2,0,1,1,A,-,08,22107,,N,E,I,A,A,H,-,D,D,0,,,,,Y,,A,08,1,0,0,0,0,0,0,0,0,"- ","- ",34.717121124267578,-114.51985168457031,"SAN BERNARDINO",UNINCORPORATED,-114.51984405517578,34.717018127441406
90686772,2018,2018-03-21,9850,2018-03-11,2044,022015,,7,2,9,3600,0,3,5,,2,004,"RABBIT SPRINGS RD",SR-18,4730.00,E,N,A,-,N,,,,,,,,,,Y,1,1,0,1,A,-,08,22107,,N,E,I,A,A,H,-,D,D,0,,,,,Y,Y,A,01,0,0,0,0,0,0,0,0,0,"- ","- ",34.450649261474609,-116.99067687988281,"SAN BERNARDINO",UNINCORPORATED,-116.99045562744141,34.450672149658203
90687056,2018,2018-03-21,9870,2018-03-16,1700,020280,,5,2,9,3600,0,1,3,,1,011,"STATE ROUTE 62 (29 PALMS HIGHWAY)","EAST DRIVE",624.00,E,N,A,-,Y,,,,,,,,,,Y,2,0,2,1,A,-,01,23152,A,N,E,I,A,A,H,-,A,D,0,,,,,Y,Y,A,01,1,1,0,0,0,0,0,0,0,"- ","- ",34.055469512939453,-116.57154083251953,"SAN BERNARDINO",UNINCORPORATED,,
90687648,2018,2018-03-22,9860,2018-01-18,1135,017018,,4,1,5,3608,0,1,1,,2,104,"INTERSTATE 10 EASTBOUND","CALIFORNIA STREET",484.00,W,N,A,-,Y,,,10,,,,,,E,Y,1,1,0,1,A,-,08,22107,,N,E,I,A,A,H,-,A,D,0,,,,,Y,,A,01,0,0,0,0,0,0,0,0,0,"- ","- ",34.066410064697266,-117.22760772705078,"SAN BERNARDINO",REDLANDS,-117.22760772705078,34.066513061523438
90688067,2018,2018-03-22,9850,2018-03-09,1210,017034,,5,1,9,3600,0,3,5,,2,005,"COALINGA ROAD","CAHUENGA ROAD",8.00,E,N,A,-,N,,,,,,,,,,N,2,0,1,3,A,-,11,21950,B,N,G,B,B,A,H,-,A,D,0,Y,,,,Y,,N,60,1,0,0,0,1,0,0,0,0,"- ","- ",34.493560791015625,-117.33866119384766,"SAN BERNARDINO",UNINCORPORATED,-117.33875274658203,34.493579864501953
90695245,2018,2018-03-30,9835,2018-03-24,0006,21035,,6,3,9,3600,0,1,2,,1,014,US-395,SR-58,6125.00,S,N,A,-,Y,,,395,,,,,,,Y,2,0,3,2,A,-,06,21751,,N,A,C,A,A,H,-,D,D,0,,,,,Y,,A,07,2,1,0,0,0,0,0,0,0,"- ","- ",34.976001739501953,-117.53700256347656,"SAN BERNARDINO",UNINCORPORATED,-117.53704071044922,34.975990295410156
90696938,2018,2018-04-02,9860,2018-03-30,2357,021030,,5,3,9,3600,0,3,5,,2,003,"CAPRI AVE.","OLIVINE AVE",350.00,E,N,A,-,N,,,,,,,,,,Y,2,0,1,2,A,-,01,23152,A,N,E,I,A,A,H,-,C,D,0,,,,,Y,Y,D,22,1,0,0,0,0,0,0,0,0,"- ","- ",34.074649810791016,-117.1278076171875,"SAN BERNARDINO",UNINCORPORATED,-117.12720489501953,34.074802398681641
90697727,2018,2018-04-03,9855,2018-03-23,1955,020006,,5,2,6,3607,0,1,1,,2,103,"I-10 E/B TO HAVEN AVE.","HAVEN AVE.",465.00,W,N,A,-,Y,,,10,,,,R,,E,Y,2,0,1,1,A,-,08,22107,,N,F,I,A,A,H,-,D,D,0,,,Y,,Y,,C,02,1,0,0,0,0,0,0,0,1,"- ","- ",34.066921234130859,-117.57760620117188,"SAN BERNARDINO",ONTARIO,-117.57760620117188,34.066921234130859
90697733,2018,2018-07-13,9834,2018-03-31,1058,016922,,6,1,9,3600,0,1,2,,1,093,US-95,"COMPRESSOR PLANT ROAD",17952.00,S,N,A,-,Y,,,95,,,,,,,Y,1,1,0,1,A,-,01,23152,A,N,E,I,A,A,H,-,A,D,0,,,,,Y,Y,A,01,0,0,0,0,0,0,0,0,0,"- ","- ",34.648941040039062,-114.62727355957031,"SAN BERNARDINO",UNINCORPORATED,-114.62729644775391,34.648941040039062
90697969,2018,2018-04-03,9834,2018-02-27,1125,016253,,2,1,9,3600,0,1,1,,2,044,"INTERSTATE 40 (NEEDLES FREEWAY)","WATER ROAD",26400.00,E,N,B,C,Y,,,40,,,,,,,Y,1,2,1,2,A,-,08,22107,,N,B,C,A,B,H,-,A,D,0,,,,,Y,,D,22,1,0,0,0,0,0,0,0,0,"- ","- ",34.854721069335938,-114.88971710205078,"SAN BERNARDINO",UNINCORPORATED,-114.88972473144531,34.854938507080078
90698263,2018,2018-04-04,9870,2018-03-25,0925,020280,,7,1,9,3600,0,3,5,,2,001,"PIPES CANYON ROAD",SR-247,3168.00,W,N,A,-,N,,,,,,,,,,N,2,0,1,1,A,-,03,22350,,N,E,I,A,A,H,-,A,D,0,,,Y,,Y,,C,03,1,0,0,0,0,0,0,0,1,"- ","- ",34.189949035644531,-116.45088958740234,"SAN BERNARDINO",UNINCORPORATED,-116.44983673095703,34.190372467041016
90700525,2018,2018-04-06,9850,2018-03-31,2146,022028,,6,2,9,3600,0,1,3,,2,052,"SR-18 N/B","SMITH RD",200.00,W,N,A,-,N,,,18,,,,,,N,Y,2,0,2,2,A,-,01,23152,A,N,A,C,A,A,H,-,D,D,0,,,,,Y,Y,A,07,1,0,1,0,0,0,0,0,0,"- ","- ",34.506790161132812,-117.53095245361328,"SAN BERNARDINO",UNINCORPORATED,-117.53095245361328,34.506782531738281
90700961,2018,2018-04-09,9860,2018-04-01,1555,019674,,7,2,9,3600,0,1,3,,1,012,SR-138,"LONE PINE CANYON RD",240.00,W,N,A,-,Y,,,138,,,,,,,Y,2,0,3,5,A,-,03,22350,,N,B,C,A,A,H,-,A,D,0,,,,Y,Y,,G,27,2,1,0,0,0,0,0,0,0,"- ","- ",34.316150665283203,-117.49659729003906,"SAN BERNARDINO",UNINCORPORATED,-117.49658966064453,34.316184997558594
90705433,2018,2018-04-16,9835,2018-04-12,1134,021083,,4,1,9,3600,0,1,1,,2,072,"I-15 N/B","OLD HWY 58",1162.00,N,N,A,G,Y,,,,,,,,,,Y,2,0,2,2,A,-,01,23152,A,F,B,C,A,A,H,-,A,D,0,,,,,Y,Y,A,07,1,0,1,0,0,0,0,0,0,"- ","- ",34.907501220703125,-116.96479797363281,"SAN BERNARDINO",UNINCORPORATED,,
90705434,2018,2018-04-16,9860,2018-04-13,0220,021030,,5,3,9,3600,0,1,1,,2,151,"I-15 S/B","CLEGHORN RD",5280.00,S,N,A,-,Y,,,,,,,,,,Y,2,0,1,1,A,-,08,22107,,N,F,I,A,A,H,-,D,D,0,,,,,Y,,A,01,1,0,0,0,0,0,0,0,0,"- ","- ",34.273410797119141,-117.45075225830078,"SAN BERNARDINO",UNINCORPORATED,,
90707106,2017,2018-04-17,9855,2017-11-15,2335,018335,,3,3,6,3607,0,1,1,,2,103,"I-10 E/B (SAN BERNARDINO FWY)","HAVEN AVE.",781.00,W,N,A,-,Y,,,10,,,,,,E,Y,1,1,1,4,A,-,01,23152,A,N,C,C,A,A,H,-,C,D,0,,,,Y,Y,Y,A,01,0,1,0,0,0,0,0,0,0,"- ","- ",34.067419999999998,-117.57926999999999,"SAN BERNARDINO",ONTARIO,-117.57926971000001,34.067477320000002
90708960,2018,2018-04-19,9855,2018-04-09,0100,020913,,1,3,5,3611,0,1,1,,2,203,"SR-210 W/B (FOOTHILL FWY)","CAMPUS AVE.",1950.00,W,N,A,-,Y,,,210,,,,,,W,Y,2,0,2,2,A,-,01,23152,A,N,C,C,A,A,H,-,D,D,0,,,,,Y,Y,A,01,1,0,1,0,0,0,0,0,0,"- ","- ",34.13494873046875,-117.64228057861328,"SAN BERNARDINO",UPLAND,-117.64228057861328,34.134941101074219
90709496,2018,2018-04-19,9860,2018-04-10,2100,021392,,2,2,6,3610,0,3,5,,2,002,"GLASGOW AVE. (7200 BLOCK)","BASELINE RD",10.00,N,N,A,-,N,,,,,,,,,,N,2,0,1,2,A,-,10,21950,A,N,G,B,B,A,H,-,C,D,0,Y,,,,Y,,D,22,1,0,0,0,1,0,0,0,0,"- ","- ",34.121448516845703,-117.25456237792969,"SAN BERNARDINO","SAN BERNARDINO",-117.25453948974609,34.121345520019531
9070994,2020,2020-05-15,3609,2020-02-06,1130,4247,RI139,4,5,5,3609,0,0,0,,0,002,"FOOTHILL BL","RIVERSIDE AV",320.00,E,N,A,-,N,,,,,,,,,,Y,2,0,1,3,A,-,09,21804,A,N,D,C,A,A,H,-,A,D,0,,,Y,,Y,,A,01,1,0,0,0,0,0,0,0,1,"- ","- ",34.107059478759766,-117.36992645263672,"SAN BERNARDINO",RIALTO,-117.37037658691406,34.106758117675781
90710353,2018,2018-04-23,9860,2018-04-15,1950,020135,,7,2,6,3610,0,1,1,,2,103,"I-10W/B TO I-215 N/B","HUNTS LN",480.00,W,N,A,-,Y,,,10,,,,R,,,Y,2,0,1,1,A,-,01,23152,A,N,F,I,A,A,H,-,D,D,0,,,,,Y,Y,A,07,1,0,0,0,0,0,0,0,0,"- ","- ",34.064010620117188,-117.28919219970703,"SAN BERNARDINO","SAN BERNARDINO",-117.28919219970703,34.064010620117188
90713495,2018,2018-04-26,9855,2018-04-18,0843,014637,,3,1,6,3604,0,1,1,,2,201,"SR-210 W/B (FOOTHILL FWY)","CHERRY AVE.",250.00,W,N,A,-,Y,,,210,,,,,,W,Y,2,0,2,3,A,-,03,22350,,N,C,C,A,A,H,-,A,D,0,,,,,Y,,A,07,1,1,0,0,0,0,0,0,0,"- ","- ",34.136329650878906,-117.49057006835938,"SAN BERNARDINO",FONTANA,-117.49057769775391,34.136516571044922
90716094,2018,2018-04-30,9835,2018-04-22,1345,21448,,7,1,9,3600,0,1,1,,2,072,"I-15 S/B","OLD HWY 58",5386.00,N,N,A,-,Y,,,15,,,,,,S,Y,2,0,2,2,A,-,03,22350,,N,C,C,A,A,H,-,A,D,0,,,Y,,Y,,C,02,1,0,1,0,0,0,0,0,2,"- ","- ",34.906448364257812,-116.95651245117188,"SAN BERNARDINO",UNINCORPORATED,-116.95648956298828,34.906566619873047
90719869,2018,2018-05-04,9855,2018-04-26,2150,017313,,4,2,6,3607,0,1,1,,2,103,"I-10 E/B (SAN BERNARDINO FWY)","VINEYARD AVE.",2400.00,W,N,A,-,Y,,,10,,,,,,E,Y,2,0,2,2,A,-,01,23152,A,N,C,C,A,A,H,-,D,D,0,,,,,Y,Y,A,01,1,1,0,0,0,0,0,0,0,"- ","- ",34.074489593505859,-117.61920166015625,"SAN BERNARDINO",ONTARIO,-117.61892700195312,34.074966430664062
90720381,2018,2018-05-04,9860,2018-04-26,0655,019429,,4,1,9,3600,0,1,1,,2,152,"I-15 S/B",SR-138,4752.00,N,N,A,-,Y,,,15,,,,,,S,Y,2,0,1,2,D,-,00,,,N,B,C,A,A,H,-,A,D,0,,,Y,,Y,,-,"- ",1,0,0,0,0,0,0,0,1,"- ","- ",34.323818206787109,-117.48230743408203,"SAN BERNARDINO",UNINCORPORATED,-117.4822998046875,34.323822021484375
90720802,2018,2018-05-07,9865,2018-04-27,0610,020725,,5,1,9,3600,0,1,3,,2,021,SR-330,"LIVE OAK DR",21120.00,S,N,A,-,Y,,,330,,,,,,,Y,2,0,3,2,A,-,03,22350,,N,D,C,A,A,H,-,B,D,0,,,,,Y,,D,22,1,2,0,0,0,0,0,0,0,"- ","- ",34.187301635742188,-117.14836120605469,"SAN BERNARDINO",UNINCORPORATED,-117.14836120605469,34.187274932861328
90721932,2018,2018-05-08,9855,2018-04-25,0210,018000,,3,3,6,3604,0,1,1,,2,101,"I-10 E/B (SAN BERNARDINO FWY)","ETIWANDA AVE.",1385.00,E,N,A,-,Y,,,10,,,,,,E,Y,2,0,1,1,A,-,01,23152,A,N,E,I,A,A,H,-,C,D,0,,,,,Y,Y,D,22,1,0,0,0,0,0,0,0,0,"- ","- ",34.06732177734375,-117.5194091796875,"SAN BERNARDINO",FONTANA,-117.51941680908203,34.067497253417969
90724934,2018,2018-05-11,9855,2018-03-30,1638,020110,,5,2,9,3600,0,3,5,,2,001,"BEECH AVE.","SEQUOIA AVE",145.00,N,N,A,-,N,,,,,,,,,,N,2,0,1,2,A,-,08,22107,,N,B,C,A,A,H,-,A,D,0,,,Y,,Y,,C,02,1,0,0,0,0,0,0,0,1,"- ","- ",34.082389831542969,-117.47119140625,"SAN BERNARDINO",UNINCORPORATED,-117.47120666503906,34.0823974609375
90725200,2018,2018-05-14,9860,2018-05-07,1215,017949,,1,1,9,3600,0,3,5,,2,003,"OAK GLEN ROAD","POTATO CANYON RD",2059.00,N,N,A,-,N,,,,,,,,,,Y,2,0,1,1,A,-,08,22107,,N,E,I,A,A,H,-,A,D,0,,,Y,,Y,,C,02,1,0,0,0,0,0,0,0,1,"- ","- ",34.058071136474609,-117.974853515625,"SAN BERNARDINO",UNINCORPORATED,-116.97484588623047,34.058113098144531
90728184,2018,2018-05-17,9860,2018-01-01,0111,020596,,1,3,9,3600,0,3,5,,2,002,"CAJON BOULEVARD","1ST AVENUE",125.00,S,N,A,-,N,,,,,,,,,,N,1,1,0,2,A,-,08,22107,,F,H,G,A,A,H,-,D,D,0,,Y,,,Y,,A,01,0,0,0,0,0,1,0,0,0,"- ","- ",34.160648345947266,-117.338623046875,"SAN BERNARDINO",UNINCORPORATED,-117.33857727050781,34.160709381103516
9073029,2020,2020-05-18,3600,2020-01-22,1459,E2055,HE312,3,5,5,3619,0,0,0,,0,HE5,"MUSCATEL ST","MUSCATEL ST 15655",0.00,,Y,A,-,N,,,,,,,,,,N,2,0,1,2,B,-,22,,,N,G,B,F,A,H,-,A,D,0,Y,,,,Y,,A,08,1,0,0,0,1,0,0,0,0,"- ","- ",,,"SAN BERNARDINO",HESPERIA,-117.321568,34.410811000000002
90730815,2018,2018-05-21,9860,2018-04-28,0019,020626,,6,3,6,3610,0,1,1,,2,201,"SR-210 W/B","CAJON BLVD",185.00,E,N,A,-,Y,,,210,,,,,,W,Y,2,0,1,1,A,-,08,22107,,N,E,I,A,A,H,-,C,D,0,,,,,Y,,A,01,1,0,0,0,0,0,0,0,0,"- ","- ",34.143360137939453,-117.32118988037109,"SAN BERNARDINO","SAN BERNARDINO",-117.32125854492188,34.143451690673828
90736250,2018,2018-05-29,9834,2018-05-19,0950,016043,,6,1,9,3600,0,1,1,,2,040,"I-40 W/B","ESSEX RD",46992.00,W,N,A,-,Y,,,40,,,,,,W,Y,2,0,2,1,A,-,01,23152,A,N,E,I,A,A,H,-,A,D,0,,,,,Y,Y,A,08,2,0,0,0,0,0,0,0,0,"- ","- ",34.770488739013672,-115.46855163574219,"SAN BERNARDINO",UNINCORPORATED,-115.46858215332031,34.770538330078125
90736359,2018,2018-05-29,9865,2018-05-20,1140,020725,,7,1,9,3600,0,1,3,,1,022,SR-18,"DEEP CREEK DR",680.00,N,N,A,-,Y,,,18,,,,,,,Y,2,0,1,1,C,-,18,,,N,E,I,A,A,H,-,A,D,0,,,,,Y,,-,"- ",1,0,0,0,0,0,0,0,0,"- ","- ",34.211299896240234,-117.08319854736328,"SAN BERNARDINO",UNINCORPORATED,-117.083251953125,34.211334228515625