CASE_ID,ACCIDENT_YEAR,PROC_DATE,JURIS,COLLISION_DATE,COLLISION_TIME,OFFICER_ID,REPORTING_DISTRICT,DAY_OF_WEEK,CHP_SHIFT,POPULATION,CNTY_CITY_LOC,SPECIAL_COND,BEAT_TYPE,CHP_BEAT_TYPE,CITY_DIVISION_LAPD,CHP_BEAT_CLASS,BEAT_NUMBER,PRIMARY_RD,SECONDARY_RD,DISTANCE,DIRECTION,INTERSECTION,WEATHER_1,WEATHER_2,STATE_HWY_IND,CALTRANS_COUNTY,CALTRANS_DISTRICT,STATE_ROUTE,ROUTE_SUFFIX,POSTMILE_PREFIX,POSTMILE,LOCATION_TYPE,RAMP_INTERSECTION,SIDE_OF_HWY,TOW_AWAY,COLLISION_SEVERITY,NUMBER_KILLED,NUMBER_INJURED,PARTY_COUNT,PRIMARY_COLL_FACTOR,PCF_CODE_OF_VIOL,PCF_VIOL_CATEGORY,PCF_VIOLATION,PCF_VIOL_SUBSECTION,HIT_AND_RUN,TYPE_OF_COLLISION,MVIW,PED_ACTION,ROAD_SURFACE,ROAD_COND_1,ROAD_COND_2,LIGHTING,CONTROL_DEVICE,CHP_ROAD_TYPE,PEDESTRIAN_ACCIDENT,BICYCLE_ACCIDENT,MOTORCYCLE_ACCIDENT,TRUCK_ACCIDENT,NOT_PRIVATE_PROPERTY,ALCOHOL_INVOLVED,STWD_VEHTYPE_AT_FAULT,CHP_VEHTYPE_AT_FAULT,COUNT_SEVERE_INJ,COUNT_VISIBLE_INJ,COUNT_COMPLAINT_PAIN,COUNT_PED_KILLED,COUNT_PED_INJURED,COUNT_BICYCLIST_KILLED,COUNT_BICYCLIST_INJURED,COUNT_MC_KILLED,COUNT_MC_INJURED,PRIMARY_RAMP,SECONDARY_RAMP,LATITUDE,LONGITUDE,COUNTY,CITY,POINT_X,POINT_Y
91191235,2019,2020-02-21,9835,2019-11-20,0852,022393,,3,1,9,3600,0,1,3,,1,019,SR-247,"BRACK RD",2112.00,N,N,B,-,Y,,,247,,,,,,,Y,1,1,0,1,A,-,08,22107,,N,E,I,A,A,H,-,A,D,0,,,,,Y,,A,01,0,0,0,0,0,0,0,0,0,"- ","- ",34.708328247070312,-116.98133850097656,"SAN BERNARDINO",UNINCORPORATED,-116.98139190673828,34.708301544189453
91191383,2020,2020-02-21,9860,2020-02-08,1550,021392,,6,2,9,3600,0,1,1,,2,152,"I-15 N/B","OAK HILL RD",5280.00,S,N,A,-,Y,,,15,,,,,,N,Y,2,0,1,2,D,-,00,,,N,B,C,A,A,H,-,A,D,0,,,Y,,Y,,-,"- ",1,0,0,0,0,0,0,0,1,"- ","- ",34.345829010009766,-117.44415283203125,"SAN BERNARDINO",UNINCORPORATED,-117.44413757324219,34.345806121826172
91191828,2020,2020-02-24,9855,2020-02-12,2100,015919,,3,2,6,3607,0,1,1,,2,101,"I-10 W/B (SAN BERNARDINO FWY)",I-15,1310.00,W,N,A,-,Y,,,10,,,,,,W,Y,2,0,1,1,A,-,08,22107,,N,E,I,A,A,H,-,C,D,0,,,,,Y,,A,01,1,0,0,0,0,0,0,0,0,"- ","- ",34.067440032958984,-117.54974365234375,"SAN BERNARDINO",ONTARIO,-117.54973602294922,34.067520141601562
91191834,2019,2020-03-03,9855,2019-10-26,0125,020564,,6,3,6,3604,0,1,1,,2,201,"SR-210 W/B (FOOTHILL FWY)","SIERRA AVE.",1900.00,W,N,A,-,Y,,,210,,,,,,W,Y,1,1,3,2,A,-,03,22350,,N,D,C,A,A,H,-,C,D,0,,,,,Y,,A,01,1,0,2,0,0,0,0,0,0,"- ","- ",34.136470794677734,-117.44248962402344,"SAN BERNARDINO",FONTANA,-117.44248962402344,34.136539459228516
91192116,2020,2020-02-24,9865,2020-02-20,1045,018392,,4,1,9,3600,0,1,3,,1,010,SR-18,"USFS RD. 2N40",2112.00,N,N,A,-,Y,,,18,,,,,,,N,2,0,1,1,A,-,03,22350,,N,E,I,A,A,H,-,A,D,0,,,Y,,Y,,C,02,1,0,0,0,0,0,0,0,1,"- ","- ",34.226791381835938,-117.30616760253906,"SAN BERNARDINO",UNINCORPORATED,-117.30624389648438,34.226753234863281
91192394,2019,2020-02-24,9860,2019-07-10,0110,021392,,3,3,4,3618,0,1,1,,2,202,"STATE ROUTE 210 WESTBOUND","ARDEN AVENUE",1230.00,E,N,A,-,Y,,,210,,,,,,W,Y,1,1,1,2,A,-,01,23152,A,F,C,C,A,A,H,-,C,D,0,,,,,Y,Y,A,01,0,0,1,0,0,0,0,0,0,"- ","- ",34.133769989013672,-117.23052215576172,"SAN BERNARDINO",HIGHLAND,-117.23052215576172,34.133754730224609
91192605,2020,2020-02-24,9850,2020-02-17,1330,018211,,1,1,9,3600,0,3,5,,2,005,"GOSS ROAD","BELLFLOWER STREET",265.00,W,N,A,-,N,,,,,,,,,,N,2,0,1,2,A,-,03,38305,,N,A,C,A,A,H,-,A,D,0,,,Y,,Y,,C,02,1,0,0,0,0,0,0,0,1,"- ","- ",34.455810546875,-117.41803741455078,"SAN BERNARDINO",UNINCORPORATED,-117.41810607910156,34.455799102783203
91193551,2020,2020-02-25,9855,2020-02-19,0630,020110,,3,1,6,3607,0,1,1,,2,101,"I-10 W/B (SAN BERNARDINO FWY)","EUCLID AVE.",75.00,E,N,A,-,Y,,,10,,,,,,W,Y,2,0,1,2,A,-,07,21658,A,N,B,C,A,A,H,-,A,D,0,,,Y,,Y,,A,01,1,0,0,0,0,0,0,0,1,"- ","- ",34.087398529052734,-117.65062713623047,"SAN BERNARDINO",ONTARIO,-117.65062713623047,34.087379455566406
91194362,2020,2020-02-26,9850,2020-02-18,1407,021991,,2,2,9,3600,0,3,5,,2,005,"GOSS ROAD","VALLE VISTA ROAD",239.00,E,N,A,-,N,,,,,,,,,,Y,2,0,2,2,A,-,03,22350,,N,C,C,A,A,H,-,A,D,0,,,,,Y,,A,08,1,0,1,0,0,0,0,0,0,"- ","- ",34.455410003662109,-117.56320190429688,"SAN BERNARDINO",UNINCORPORATED,-117.56308746337891,34.455432891845703
91201398,2020,2020-03-04,9855,2020-02-23,2340,020564,,7,3,6,3604,0,1,1,,2,101,"I-10 W/B TO CITRUS AVENUE","CITRUS AVE.",500.00,E,N,A,-,Y,,,10,,,,R,,W,Y,2,0,1,1,A,-,01,23152,A,N,E,I,A,A,H,-,C,D,0,,,,,Y,Y,A,01,1,0,0,0,0,0,0,0,0,"- ","- ",34.067588806152344,-117.45175933837891,"SAN BERNARDINO",FONTANA,-117.45175933837891,34.067588806152344
91202052,2020,2020-03-05,9855,2020-02-24,0255,020913,,1,3,6,3616,0,1,1,,2,153,"I-15 S/B (ONTARIO FWY)","BASE LINE RD.",1600.00,N,N,A,-,Y,,,15,,,,,,S,Y,2,0,2,2,A,-,03,22350,,N,C,C,A,A,H,-,D,D,0,,,,,Y,,A,01,1,1,0,0,0,0,0,0,0,"- ","- ",34.124561309814453,-117.51062774658203,"SAN BERNARDINO","RANCHO CUCAMONGA",-117.51058197021484,34.124507904052734
9120366,2020,2020-09-08,3610,2020-02-21,0153,51145,,5,5,6,3610,0,0,0,,0,POLICE,"W CENTRAL AV","NORTH ARROWHEAD AV",17.00,W,N,A,-,N,,,,,,,,,,Y,2,0,1,1,A,-,12,21453,A,N,F,I,A,A,H,-,C,A,0,,,,,Y,Y,A,07,1,0,0,0,0,0,0,0,0,"- ","- ",34.086021423339844,-117.28962707519531,"SAN BERNARDINO","SAN BERNARDINO",-117.28971862792969,34.086021423339844
9120615,2020,2020-07-13,3600,2020-03-15,0109,67662,RC11,7,5,6,3616,0,0,0,,0,RC3,"VICTORIA PARK LN","VICTORIA WINDROWS LOOP",10.00,W,N,A,-,N,,,,,,,,,,Y,2,0,1,1,A,-,01,23152,A,N,A,I,A,A,H,-,C,A,0,,,,,Y,Y,A,01,1,0,0,0,0,0,0,0,0,"- ","- ",,,"SAN BERNARDINO","RANCHO CUCAMONGA",-117.53321838378906,34.129230499267578
91206780,2020,2020-03-12,9860,2020-02-27,1934,019062,,4,2,9,3600,0,1,1,,2,152,"I-15 N/B TO CAJON PLATFORM SCALES",SR-138,3696.00,S,N,A,-,Y,,,15,,,,R,,N,Y,2,0,2,2,A,-,03,22350,,N,C,C,A,A,H,-,C,D,0,,,,Y,Y,,A,01,1,0,1,0,0,0,0,0,0,"- ","- ",34.304721832275391,-117.46425628662109,"SAN BERNARDINO",UNINCORPORATED,-117.46425628662109,34.304721832275391
91206962,2020,2020-03-12,9860,2020-03-04,0048,020856,,3,3,9,3600,0,1,1,,2,216,"I-215 NORTHBOUND","DEVORE ROAD",2000.00,S,N,A,-,Y,,,215,,,,,,N,Y,2,0,1,1,A,-,01,23152,A,N,E,I,A,A,H,-,D,D,0,,,,,Y,Y,A,07,1,0,0,0,0,0,0,0,0,"- ","- ",34.216789245605469,-117.39441680908203,"SAN BERNARDINO",UNINCORPORATED,-117.39446258544922,34.21673583984375
91211044,2020,2020-03-18,9860,2020-02-01,0123,020766,,6,3,6,3610,0,1,1,,2,202,"STATE ROUTE 210 WESTBOUND","ARDEN AVENUE",1320.00,E,N,A,-,Y,,,210,,,,,,W,Y,1,1,0,2,A,-,11,21954,A,N,G,B,E,A,H,-,C,D,0,Y,,,,Y,Y,N,60,0,0,0,1,0,0,0,0,0,"- ","- ",34.134471893310547,-117.23200988769531,"SAN BERNARDINO","SAN BERNARDINO",-117.23204803466797,34.134372711181641
9121276,2020,2020-08-18,3601,2020-05-22,0932,"P 75",3601,5,5,3,3601,0,0,0,,0,PATROL,"E MAIN ST","BARSTOW RD",0.00,,Y,A,-,N,,,,,,,,,,Y,2,0,1,1,A,-,03,22350,,N,E,I,A,A,H,-,A,A,0,,,,,Y,,A,01,1,0,0,0,0,0,0,0,0,"- ","- ",,,"SAN BERNARDINO",BARSTOW,-117.02300262451172,34.898731231689453
91215869,2020,2020-03-25,9860,2020-03-16,0250,020766,,1,3,3,3690,0,1,1,,2,214,"I-215 S/B","NEWPORT AVE",1056.00,N,N,B,-,Y,,,215,,,,,,S,Y,2,0,1,1,A,-,01,23152,A,N,E,I,A,A,H,-,D,D,0,,,,,Y,Y,A,01,1,0,0,0,0,0,0,0,0,"- ","- ",34.041030883789062,-117.31722259521484,"SAN BERNARDINO","GRAND TERRACE",-117.31713104248047,34.040924072265625
91222911,2019,2020-05-01,9860,2019-12-18,0440,020518,,3,3,5,3608,0,1,1,,2,104,"INTERSTATE 10 WESTBOUND FROM ALABAMA ST","ALABAMA STREET",729.00,W,N,A,-,Y,,,10,,,,R,,W,Y,1,1,0,2,A,-,11,21954,A,N,G,B,E,A,H,-,D,D,0,Y,,,,Y,Y,N,60,0,0,0,1,0,0,0,0,0,"- ","- ",34.067050933837891,-117.21125030517578,"SAN BERNARDINO",REDLANDS,-117.21125030517578,34.067050933837891
91224753,2020,2020-04-13,9860,2020-04-06,1835,020346,,1,2,3,3615,0,1,1,,2,104,"I-10 W/B","MOUNTAIN VIEW AVE",1000.00,W,N,C,-,Y,,,10,,,,,,W,Y,2,0,1,1,A,-,03,22350,,N,E,I,A,B,H,-,A,D,0,,,,,Y,,A,07,1,0,0,0,0,0,0,0,0,"- ","- ",34.06671142578125,-117.25031280517578,"SAN BERNARDINO","LOMA LINDA",-117.25031280517578,34.066719055175781
91226262,2020,2020-04-16,9850,2020-04-08,2300,022510,,3,3,9,3600,0,2,4,,2,053,"EL MIRAGE RD","AUBURN AVE",150.00,E,N,C,-,N,,,,,,,,,,Y,2,0,3,1,A,-,03,22350,,N,E,I,A,B,F,-,D,D,0,,,,,Y,,A,01,2,1,0,0,0,0,0,0,0,"- ","- ",34.601959228515625,-117.57440185546875,"SAN BERNARDINO",UNINCORPORATED,-117.574431,34.601953999999999
91226746,2020,2020-04-17,9855,2020-02-16,1645,018989,,7,2,5,3602,0,1,3,,2,603,"SR-60 W/B (POMONA FWY)","MONTE VISTA AVE.",151.00,E,N,A,-,Y,,,60,,,,,,W,Y,1,1,0,1,A,-,08,22107,,N,E,I,A,A,D,-,A,D,0,,,Y,,Y,,C,02,0,0,0,0,0,0,0,1,0,"- ","- ",34.030200958251953,-117.69709777832031,"SAN BERNARDINO",CHINO,-117.69709777832031,34.030300140380859
91227104,2020,2020-04-20,9860,2020-02-19,1303,016658,,3,1,5,3608,0,1,1,,2,104,"INTERSTATE 10 WESTBOUND","NEVADA STREET",248.00,E,N,A,-,Y,,,10,,,,,,W,Y,1,1,0,1,A,-,08,22107,,N,E,I,A,A,H,-,A,D,0,,,,,Y,,A,01,0,0,0,0,0,0,0,0,0,"- ","- ",34.066680908203125,-117.21611022949219,"SAN BERNARDINO",REDLANDS,-117.21611022949219,34.066753387451172
91227344,2020,2020-04-20,9835,2020-04-11,2000,020109,,6,2,9,3600,0,2,4,,1,018,"FORT IRWIN RD","IRWIN RD",19008.00,N,N,A,-,N,,,,,,,,,,Y,2,0,2,1,A,-,03,22350,,N,F,I,A,A,H,-,D,D,0,,,,,Y,,A,01,1,1,0,0,0,0,0,0,0,"- ","- ",35.033409118652344,-116.89250183105469,"SAN BERNARDINO",UNINCORPORATED,-116.98886871337891,34.988384246826172
91227402,2020,2020-04-20,9835,2020-04-08,0634,020327,,3,1,9,3600,0,1,1,,2,047,"I-40 EASTBOUND","CRUCERO ROAD",16896.00,E,N,B,F,Y,,,40,,,,,,E,Y,2,0,8,1,A,-,08,22107,,N,F,A,A,C,H,-,B,D,0,,,,,Y,,A,08,1,1,6,0,0,0,0,0,0,"- ","- ",34.727020263671875,-116.10717010498047,"SAN BERNARDINO",UNINCORPORATED,-116.10717010498047,34.726974487304688
91227730,2020,2020-04-20,9860,2020-04-19,1400,020533,,7,2,9,3600,0,2,4,,2,411,"CEDAR AVE","BLOOMINGTON AVE",0.00,,Y,A,-,N,,,,,,,,,,Y,2,0,1,2,A,-,01,23152,A,N,D,C,A,A,H,-,A,A,0,,,,,Y,Y,D,22,1,0,0,0,0,0,0,0,0,"- ","- ",34.072059631347656,-117.39627075195312,"SAN BERNARDINO",UNINCORPORATED,-117.39634704589844,34.071998596191406
91228168,2020,2020-04-21,9850,2020-04-12,1314,019278,,7,1,5,3619,0,1,1,,2,081,"I-15 N/B","OAK HILL RD",2600.00,N,N,A,-,Y,,,15,,,,,,N,Y,2,0,1,1,C,-,18,,,N,E,I,A,A,H,-,A,D,0,,,,,Y,,-,"- ",1,0,0,0,0,0,0,0,0,"- ","- ",34.367961883544922,-117.42791748046875,"SAN BERNARDINO",HESPERIA,-117.42793273925781,34.367969512939453
91228603,2020,2020-04-22,9855,2020-04-15,0448,018727,,3,3,6,3616,0,1,1,,2,201,"SR-210 E/B (FOOTHILL FWY)","MILLIKEN AVE.",617.00,W,N,A,-,Y,,,210,,,,,,E,Y,2,0,1,2,A,-,01,23152,A,N,B,C,A,A,H,-,C,D,0,,,,,Y,Y,A,01,1,0,0,0,0,0,0,0,0,"- ","- ",34.136501312255859,-117.56355285644531,"SAN BERNARDINO","RANCHO CUCAMONGA",-117.56355285644531,34.136543273925781
91228709,2020,2020-04-23,9835,2020-04-15,2225,022209,,3,3,9,3600,0,1,1,,2,074,"I-15 S/B","RASOR RD",1214.00,S,N,A,-,Y,,,15,,,,,,S,Y,2,0,1,1,A,-,01,23152,F,N,F,A,A,A,H,-,D,D,0,,,,,Y,,A,07,1,0,0,0,0,0,0,0,0,"- ","- ",35.131290435791016,-116.21436309814453,"SAN BERNARDINO",UNINCORPORATED,-116.21428680419922,35.131206512451172
91228929,2019,2020-04-23,9860,2019-12-03,1805,020346,,2,2,4,3640,0,1,1,,2,106,"INTERSTATE 10 WESTBOUND","COUNTY LINE ROAD",2640.00,W,N,B,-,Y,,,10,,,,,,W,Y,1,1,1,1,C,-,18,,,N,E,I,A,A,D,-,D,D,0,,,,Y,Y,,-,"- ",0,0,1,0,0,0,0,0,0,"- ","- ",34.010311126708984,-117.06864166259766,"SAN BERNARDINO",YUCAIPA,-117.06877899169922,34.010162353515625
91229409,2020,2020-04-24,9835,2020-04-20,1829,015842,,1,2,9,3600,0,1,1,,2,075,"I-15 N/B","HALLORAN SPRINGS RD",16896.00,N,N,B,-,Y,,,15,,,,,,N,Y,2,0,1,1,A,-,08,22107,,N,F,A,A,A,H,-,A,D,0,,,,,Y,,A,01,1,0,0,0,0,0,0,0,0,"- ","- ",35.388889312744141,-115.84442901611328,"SAN BERNARDINO",UNINCORPORATED,-115.84437561035156,35.388710021972656
91229423,2019,2020-04-24,9855,2019-11-23,1935,017323,,6,2,4,3605,0,1,1,,2,103,"I-10 W/B (SAN BERNARDINO FWY)","CENTRAL AVENUE",108.00,W,N,B,-,Y,,,10,,,,,,W,N,1,1,0,3,A,-,11,21954,A,N,G,B,E,A,H,-,D,D,0,Y,,,,Y,,N,60,0,0,0,1,0,0,0,0,0,"- ","- ",34.085418701171875,-117.68991088867188,"SAN BERNARDINO",MONTCLAIR,-117.68993377685547,34.085468292236328
91230788,2020,2020-04-29,9834,2020-04-24,1803,016267,,5,2,9,3600,0,1,2,,1,093,US-95,"COMPRESSOR PLANT RD.",4963.00,N,N,A,-,Y,,,95,,,,,,,Y,2,0,1,1,A,-,05,21460,A,N,E,I,A,A,H,-,A,D,0,,,,,Y,,A,01,1,0,0,0,0,0,0,0,0,"- ","- ",34.707210540771484,-114.61344146728516,"SAN BERNARDINO",UNINCORPORATED,-114.61334228515625,34.707237243652344
91231298,2020,2020-04-30,9850,2020-04-19,2330,022494,,7,3,9,3600,0,1,3,,2,040,"STATE ROUTE 18","JOSHUA ROAD",544.00,W,N,A,-,Y,,,18,,,,,,,Y,1,1,0,1,A,-,08,22107,,N,E,I,A,A,H,-,D,D,0,,,,,Y,Y,A,01,0,0,0,0,0,0,0,0,0,"- ","- ",34.450801849365234,-117.05339813232422,"SAN BERNARDINO",UNINCORPORATED,-117.05340576171875,34.450763702392578
91232547,2020,2020-05-01,9850,2020-04-23,2020,021675,,4,2,5,3619,0,1,1,,2,081,"I-15 N/B",US-395,2640.00,S,N,A,-,Y,,,15,,,,,,N,Y,2,0,1,1,A,-,01,23152,A,N,E,I,A,A,H,-,C,D,0,,,Y,,Y,Y,C,02,1,0,0,0,0,0,0,0,1,"- ","- ",34.393680572509766,-117.40641021728516,"SAN BERNARDINO",HESPERIA,-117.40634155273438,34.393611907958984
91233020,2020,2020-05-04,9835,2020-04-24,2200,020389,,5,3,9,3600,0,1,3,,1,019,"SR 247 N/B","NANDIN ROAD",205.00,N,N,A,-,Y,,,247,,,,,,N,Y,2,0,1,1,A,-,01,23152,A,N,E,I,A,A,H,-,D,D,0,,,,,Y,Y,A,01,1,0,0,0,0,0,0,0,0,"- ","- ",34.746471405029297,-117.00250244140625,"SAN BERNARDINO",UNINCORPORATED,-117.00254058837891,34.746448516845703
91233553,2020,2020-05-04,9835,2020-04-24,1840,020053,,5,2,9,3600,0,2,4,,1,017,"IRWIN RD","SPADRA ST",3062.00,N,N,A,-,N,,,,,,,,,,Y,2,0,2,1,A,-,03,22350,,N,E,I,A,A,H,-,A,D,0,,,,,Y,,A,01,2,0,0,0,0,0,0,0,0,"- ","- ",34.932060241699219,-117.027587890625,"SAN BERNARDINO",UNINCORPORATED,-117.02751922607422,34.93194580078125
91234852,2020,2020-05-07,9835,2020-04-16,2154,015354,,4,2,9,3600,0,1,1,,2,075,"INTERSTATE 15 SOUTHBOUND","E. BAKER BOULEVARD",27667.00,N,N,A,-,Y,,,15,,,,,,S,Y,1,1,1,2,A,-,11,21954,A,N,G,B,E,A,H,-,D,D,0,Y,,,,Y,,N,60,0,1,0,1,0,0,0,0,0,"- ","- ",35.352241516113281,-115.9371337890625,"SAN BERNARDINO",UNINCORPORATED,-115.93732452392578,35.352546691894531
91234967,2020,2020-05-07,9835,2020-04-20,0920,017101,,1,1,9,3600,0,1,1,,2,075,"I-15 S/B","HALLORAN SPRINGS RD",21120.00,S,N,A,-,Y,,,15,,,,,,S,Y,2,0,4,1,A,-,08,22107,,N,F,A,A,A,H,-,A,D,0,,,,,Y,,A,01,3,0,1,0,0,0,0,0,0,"- ","- ",35.345268249511719,-115.94840240478516,"SAN BERNARDINO",UNINCORPORATED,-115.94853210449219,35.345481872558594
91237338,2020,2020-05-27,9835,2020-04-10,0250,020389,,5,3,9,3600,0,1,1,,2,072,"I-15 S/B","CALICO RD",2507.00,S,N,C,-,Y,,,15,,,,,,S,Y,1,1,0,2,C,-,18,,,N,D,C,A,B,C,-,D,D,0,,,,Y,Y,,-,"- ",0,0,0,0,0,0,0,0,0,"- ","- ",34.908248901367188,-116.84686279296875,"SAN BERNARDINO",UNINCORPORATED,-116.84685516357422,34.908241271972656
91237474,2020,2020-05-13,9830,2020-05-02,1445,021788,,6,2,9,3600,0,3,5,,2,005,"OSDICK ROAD","BUTTE AVENUE",15.00,E,N,A,-,N,,,,,,,,,,N,2,0,1,1,A,-,08,22107,,N,E,I,A,A,H,-,A,D,0,,,Y,,Y,,C,06,1,0,0,0,0,0,0,0,1,"- ","- ",35.344120025634766,-117.63146209716797,"SAN BERNARDINO",UNINCORPORATED,,
9124072,2020,2020-11-25,3600,2020-06-16,1448,F5565,LL,2,5,3,3615,0,0,0,,0,0LL,"ANDERSON ST","RT 10",0.00,,Y,A,-,Y,SBD,8,10,-,-,26.525,R,4,E,Y,2,0,1,2,A,-,09,21453,C,N,A,C,A,A,H,-,A,A,0,,,Y,,Y,,A,01,1,0,0,0,0,0,0,0,1,"- ","- ",,,"SAN BERNARDINO","LOMA LINDA",-117.25717163085938,34.065235137939453
91242006,2020,2020-05-26,9835,2020-05-19,0400,022303,,2,3,9,3600,0,3,5,,2,034,"GHOST TOWN ROAD","OASIS ST",755.00,N,N,A,-,N,,,,,,,,,,Y,2,0,2,1,A,-,01,23152,A,N,F,I,A,A,H,-,D,D,0,,,,,Y,Y,A,01,1,1,0,0,0,0,0,0,0,"- ","- ",34.921161651611328,-116.88668060302734,"SAN BERNARDINO",UNINCORPORATED,-116.88661193847656,34.926925659179688
91242335,2020,2020-05-26,9860,2020-05-17,1629,021138,,7,2,9,3600,0,1,1,,2,152,"I-15 N/B","OAK HILL RD",8976.00,S,N,A,-,Y,,,15,,,,,,N,Y,2,0,3,2,A,-,01,23152,A,N,C,C,A,A,H,-,A,D,0,,,,Y,Y,Y,A,01,3,0,0,0,0,0,0,0,0,"- ","- ",34.344379425048828,-117.44769287109375,"SAN BERNARDINO",UNINCORPORATED,-117.44768524169922,34.344356536865234
91246224,2020,2020-06-02,9860,2020-05-23,2015,019467,,6,2,6,3610,0,1,1,,2,214,"I-215 S/B","INLAND CENTER DR",30.00,N,N,A,-,Y,,,215,,,,,,S,Y,2,0,1,1,A,-,08,22107,,N,E,I,A,A,H,-,D,D,0,,,,,Y,,A,07,1,0,0,0,0,0,0,0,0,"- ","- ",34.085281372070312,-117.30145263671875,"SAN BERNARDINO","SAN BERNARDINO",-117.30123901367188,34.085384368896484
91246325,2020,2020-06-02,9855,2020-05-24,0140,020664,,7,3,6,3604,0,1,1,,2,153,"I-15 N/B TO SR-210 E/B","SR-210 E/B",462.00,S,N,A,-,Y,,,,,,,,,,Y,2,0,1,1,A,-,08,22107,,N,E,I,A,A,H,-,C,D,0,,,,,Y,,A,01,1,0,0,0,0,0,0,0,0,"- ","- ",34.134880065917969,-117.49278259277344,"SAN BERNARDINO",FONTANA,,
91246987,2020,2020-06-03,9850,2020-05-25,1055,022494,,1,1,9,3600,0,1,3,,2,044,"OLD WOMAN SPRINGS RD","MIDWAY AVE.",20.00,W,N,A,-,Y,,,,,,,,,,Y,2,0,1,2,A,-,03,22350,,N,C,C,A,A,H,-,A,D,0,,,,,Y,,A,01,1,0,0,0,0,0,0,0,0,"- ","- ",34.444000244140625,-116.902099609375,"SAN BERNARDINO",UNINCORPORATED,,
91248588,2020,2020-06-08,9860,2020-06-03,2340,020135,,3,3,6,3610,0,1,1,,2,201,"SR-210 E/B","27TH STREET",520.00,W,N,A,-,Y,,,210,,,,,,E,Y,2,0,1,1,A,-,01,23152,A,N,E,J,A,A,H,-,D,D,0,,,,,Y,Y,A,01,1,0,0,0,0,0,0,0,0,"- ","- ",34.141441345214844,-117.3223876953125,"SAN BERNARDINO","SAN BERNARDINO",-117.3226318359375,34.141681671142578
91250293,2020,2020-06-10,9860,2020-06-01,2230,021371,,1,3,9,3600,0,3,5,,2,002,"5TH STREET","SUNNYSIDE AVENUE",417.00,E,N,A,-,N,,,,,,,,,,Y,2,0,4,1,A,-,03,22350,,N,E,I,A,A,H,-,C,D,0,,,,,Y,,A,01,2,0,2,0,0,0,0,0,0,"- ","- ",34.108360290527344,-117.26120758056641,"SAN BERNARDINO",UNINCORPORATED,-117.26116943359375,34.108329772949219
91251949,2020,2020-06-15,9855,2020-06-05,2242,019675,,5,3,6,3607,0,1,1,,2,152,"I-15 S/B TO I-10 E/B","ONTARIO MILLS PKWY",810.00,N,N,A,-,Y,,,15,,,,R,,S,Y,2,0,1,2,A,-,03,22350,,N,C,C,A,A,H,-,C,D,0,,,,,Y,,D,22,1,0,0,0,0,0,0,0,0,"- ","- ",34.072288513183594,-117.54531097412109,"SAN BERNARDINO",ONTARIO,-117.54531097412109,34.072288513183594
9125274,2020,2020-09-11,3610,2020-06-06,2109,51172,,6,5,6,3610,0,0,0,,0,BAKER,"N DAVIDSON AV","W 27TH ST",111.00,N,N,A,-,N,,,,,,,,,,Y,2,0,1,3,A,-,01,23152,A,N,C,E,A,A,A,-,D,A,0,,,,,Y,Y,A,01,1,0,0,0,0,0,0,0,0,"- ","- ",34.137901306152344,-117.30544281005859,"SAN BERNARDINO","SAN BERNARDINO",-117.31023406982422,34.140960693359375
91257390,2020,2020-06-25,9835,2020-05-30,1030,021959,,6,1,9,3600,0,3,5,,2,037,"KELBAKER RD","HIDDEN HILL RD",5808.00,N,N,B,-,Y,,,,,,,,,,Y,1,1,2,1,A,-,03,22350,,N,F,A,A,A,H,-,A,D,0,,,,,Y,,A,01,2,0,0,0,0,0,0,0,0,"- ","- ",34.807868957519531,-115.60817718505859,"SAN BERNARDINO",UNINCORPORATED,-115.608154296875,34.808155059814453
91260131,2020,2020-06-29,9835,2020-06-21,0820,021482,,7,1,9,3600,0,1,1,,2,047,"I-40 W/B","CRUCERO RD",71808.00,E,N,A,-,Y,,,40,,,,,,W,Y,2,0,2,1,A,-,08,22107,,N,F,A,A,A,H,-,A,D,0,,,,,Y,,D,22,1,0,1,0,0,0,0,0,0,"- ","- ",34.727489471435547,-115.92965698242188,"SAN BERNARDINO",UNINCORPORATED,-115.92967224121094,34.727619171142578
91261029,2020,2020-06-30,9835,2020-06-28,0200,021399,,7,3,9,3600,0,1,1,,2,076,"I-15 N/B","HALLORAN SUMMIT RD",8606.00,N,N,A,-,Y,,,15,,,,,,N,Y,2,0,1,1,A,-,08,22107,,N,E,J,A,A,H,-,D,D,0,,,,,Y,,A,01,1,0,0,0,0,0,0,0,0,"- ","- ",35.412151336669922,-115.76406860351562,"SAN BERNARDINO",UNINCORPORATED,-115.76408386230469,35.412200927734375