CASE_ID,ACCIDENT_YEAR,PROC_DATE,JURIS,COLLISION_DATE,COLLISION_TIME,OFFICER_ID,REPORTING_DISTRICT,DAY_OF_WEEK,CHP_SHIFT,POPULATION,CNTY_CITY_LOC,SPECIAL_COND,BEAT_TYPE,CHP_BEAT_TYPE,CITY_DIVISION_LAPD,CHP_BEAT_CLASS,BEAT_NUMBER,PRIMARY_RD,SECONDARY_RD,DISTANCE,DIRECTION,INTERSECTION,WEATHER_1,WEATHER_2,STATE_HWY_IND,CALTRANS_COUNTY,CALTRANS_DISTRICT,STATE_ROUTE,ROUTE_SUFFIX,POSTMILE_PREFIX,POSTMILE,LOCATION_TYPE,RAMP_INTERSECTION,SIDE_OF_HWY,TOW_AWAY,COLLISION_SEVERITY,NUMBER_KILLED,NUMBER_INJURED,PARTY_COUNT,PRIMARY_COLL_FACTOR,PCF_CODE_OF_VIOL,PCF_VIOL_CATEGORY,PCF_VIOLATION,PCF_VIOL_SUBSECTION,HIT_AND_RUN,TYPE_OF_COLLISION,MVIW,PED_ACTION,ROAD_SURFACE,ROAD_COND_1,ROAD_COND_2,LIGHTING,CONTROL_DEVICE,CHP_ROAD_TYPE,PEDESTRIAN_ACCIDENT,BICYCLE_ACCIDENT,MOTORCYCLE_ACCIDENT,TRUCK_ACCIDENT,NOT_PRIVATE_PROPERTY,ALCOHOL_INVOLVED,STWD_VEHTYPE_AT_FAULT,CHP_VEHTYPE_AT_FAULT,COUNT_SEVERE_INJ,COUNT_VISIBLE_INJ,COUNT_COMPLAINT_PAIN,COUNT_PED_KILLED,COUNT_PED_INJURED,COUNT_BICYCLIST_KILLED,COUNT_BICYCLIST_INJURED,COUNT_MC_KILLED,COUNT_MC_INJURED,PRIMARY_RAMP,SECONDARY_RAMP,LATITUDE,LONGITUDE,COUNTY,CITY,POINT_X,POINT_Y
91264209,2020,2020-07-07,9860,2020-06-29,2050,021375,,1,2,5,3608,0,1,1,,2,203,"SR-210 E/B","SAN BERNARDINO AVE",1400.00,E,N,A,-,Y,,,210,,,,,,E,Y,2,0,1,2,A,-,03,22350,,N,C,C,A,A,H,-,C,D,0,,,,,Y,,A,08,1,0,0,0,0,0,0,0,0,"- ","- ",34.073169708251953,-117.20086669921875,"SAN BERNARDINO",REDLANDS,-117.20085906982422,34.073169708251953
91265210,2020,2020-07-08,9860,2020-07-06,0235,021169,,1,3,6,3610,0,1,1,,2,214,"I-215 N/B","ORANGE SHOW RD",500.00,S,N,A,-,Y,,,215,,,,,,N,Y,2,0,1,1,A,-,08,22107,,N,E,I,A,A,H,-,D,D,0,,,,,Y,,A,01,1,0,0,0,0,0,0,0,0,"- ","- ",34.076728820800781,-117.29576873779297,"SAN BERNARDINO","SAN BERNARDINO",-117.29572296142578,34.076744079589844
91265758,2020,2020-07-09,9860,2020-06-25,2317,021229,,4,3,6,3610,0,1,1,,2,201,"SR-210 E/B","27TH ST",80.00,W,N,A,-,Y,,,210,,,,,,E,Y,2,0,2,1,A,-,01,23152,A,N,E,I,A,A,H,-,D,D,0,,,,,Y,Y,A,01,2,0,0,0,0,0,0,0,0,"- ","- ",34.140029907226562,-117.32392883300781,"SAN BERNARDINO","SAN BERNARDINO",-117.32406616210938,34.140155792236328
91267747,2020,2020-09-23,9855,2020-07-05,0209,021233,,7,3,6,3607,0,1,3,,2,601,"SR-60 E/B (POMONA FWY)","CAMPUS AVE.",1000.00,E,N,A,-,Y,,,,,,,,,,Y,2,0,2,2,A,-,03,22350,,N,C,C,A,A,D,-,D,D,0,,,,Y,Y,Y,A,01,2,0,0,0,0,0,0,0,0,"- ","- ",33.030258178710938,-117.63925170898438,"SAN BERNARDINO",ONTARIO,-117.63817596435547,34.030357360839844
91268585,2020,2020-07-14,9865,2020-07-05,1644,021502,,7,2,9,3600,0,1,3,,1,010,"STATE ROUTE 18","MORMON RD",1220.00,S,N,A,-,Y,,,18,,,,,,,Y,2,0,2,1,A,-,08,22107,,N,F,A,A,A,H,-,A,D,0,,,Y,,Y,,C,02,1,1,0,0,0,0,0,0,2,"- ","- ",34.229778289794922,-117.2969970703125,"SAN BERNARDINO",UNINCORPORATED,-117.29700469970703,34.229782104492188
91269195,2020,2020-07-15,9855,2020-07-03,0654,017323,,5,1,4,3605,0,1,1,,2,103,"I-10 E/B (SAN BERNARDINO FWY)","INDIAN HILL BLVD.",3960.00,E,N,A,-,Y,,,10,,,,,,E,Y,2,0,2,2,A,-,07,21658,A,N,C,C,A,A,D,-,A,D,0,,,Y,,Y,,C,02,2,0,0,0,0,0,0,0,1,"- ","- ",34.081779479980469,-117.70735168457031,"SAN BERNARDINO",MONTCLAIR,-117.70735168457031,34.081779479980469
91269675,2020,2020-07-16,9870,2020-07-10,0745,017420,,5,1,9,3600,0,3,5,,2,002,"LINN ROAD","LOUIS DRIVE",140.00,E,N,A,-,N,,,,,,,,,,N,2,0,1,1,C,-,18,,,N,D,H,A,A,H,-,A,D,0,,Y,,,Y,,-,"- ",1,0,0,0,0,0,1,0,0,"- ","- ",34.295299530029297,-116.45213317871094,"SAN BERNARDINO",UNINCORPORATED,-116.45213,34.295310000000001
91270672,2020,2020-07-20,9855,2020-07-11,2052,017597,,6,2,6,3616,0,1,1,,2,201,"SR-210 E/B (FOOTHILL FWY)","MILLIKEN AVE.",2935.00,E,N,A,-,Y,,,210,,,,,,E,Y,2,0,1,4,A,-,01,23152,A,N,B,C,A,A,H,-,C,D,0,,,Y,,Y,Y,A,01,1,0,0,0,0,0,0,0,1,"- ","- ",34.136459350585938,-117.54866027832031,"SAN BERNARDINO","RANCHO CUCAMONGA",-117.54866027832031,34.136482238769531
91271121,2020,2020-07-20,9860,2020-06-17,0333,020856,,3,3,9,3600,0,1,3,,1,010,"STATE ROUTE 138","MANTOVA DRIVE",528.00,E,N,A,-,Y,,,138,,,,,,,Y,1,1,0,2,A,-,11,21956,,N,G,B,E,A,H,-,D,D,0,Y,,,,Y,,N,60,0,0,0,1,0,0,0,0,0,"- ","- ",34.322689056396484,-117.50965881347656,"SAN BERNARDINO",UNINCORPORATED,-117.50962829589844,34.322742462158203
9127526,2020,2020-11-09,3610,2020-07-04,2208,51153,,6,5,6,3610,0,0,0,,0,POLICE,"W BASELINE ST","N MT VERNON AV",0.00,,Y,A,-,N,,,,,,,,,,Y,2,0,5,3,A,-,12,21453,A,N,D,C,A,A,H,-,C,A,0,,,,,Y,,A,01,1,2,2,0,0,0,0,0,0,"- ","- ",34.121341705322266,-117.31381988525391,"SAN BERNARDINO","SAN BERNARDINO",-117.3138427734375,34.121330261230469
91275787,2020,2020-07-28,9860,2020-04-20,0411,020518,,1,3,9,3600,0,3,5,,2,003,"OAK GLEN ROAD (37600 BLOCK)","POTATO CANYON ROAD",660.00,E,N,B,E,N,,,,,,,,,,N,1,1,0,2,A,-,11,21956,,N,G,B,E,A,H,-,D,D,0,Y,,,,Y,,N,60,0,0,0,1,0,0,0,0,0,"- ","- ",34.054969787597656,-116.98387908935547,"SAN BERNARDINO",UNINCORPORATED,-116.97605895996094,34.056449890136719
91276900,2020,2020-07-30,9834,2020-07-27,0955,013633,,1,1,9,3600,0,1,1,,2,042,"INTERSTATE 40 (EASTBOUND)","MOUNTAIN SPRINGS ROAD",7392.00,W,N,A,-,Y,,,40,,,,,,,Y,2,0,1,1,A,-,08,22107,,N,F,A,A,A,H,-,A,D,0,,,,,Y,,A,07,1,0,0,0,0,0,0,0,0,"- ","- ",34.825321197509766,-115.08164978027344,"SAN BERNARDINO",UNINCORPORATED,-115.08165740966797,34.825401306152344
91278509,2020,2020-07-31,9860,2020-07-25,1115,020426,,6,1,9,3600,0,1,3,,1,380,SR-38,"SAPPHIRE ROAD",0.00,,Y,A,-,N,,,38,,,,,,,Y,2,0,1,2,A,-,06,21755,,N,A,C,A,A,H,-,A,D,0,,,Y,,Y,,C,02,1,0,0,0,0,0,0,0,1,"- ","- ",34.069721221923828,-117.11264801025391,"SAN BERNARDINO",UNINCORPORATED,-117.11264801025391,34.069732666015625
91279255,2020,2020-08-03,9855,2020-07-26,0200,021855,,7,3,4,3605,0,1,1,,2,103,"I-10 W/B (SAN BERNARDINO FWY)","CENTRAL AVE.",193.00,E,N,A,-,Y,,,10,,,,,,W,Y,2,0,1,2,A,-,08,22107,,N,E,I,A,A,H,-,C,D,0,,,,,Y,,A,07,1,0,0,0,0,0,0,0,0,"- ","- ",34.086151123046875,-117.68874359130859,"SAN BERNARDINO",MONTCLAIR,-117.68868255615234,34.086006164550781
9128021,2020,2020-09-24,3600,2020-06-05,0126,G4629,CH017,5,5,5,3630,0,0,0,,0,CH03,"CARBON CANYON RD","ROSEMARY AV",401.00,E,N,F,-,Y,SBD,8,142,-,-,0.170,H,-,W,Y,2,0,1,1,A,-,01,23152,A,N,F,A,A,B,H,-,D,A,0,,,,,Y,Y,A,01,1,0,0,0,0,0,0,0,0,"- ","- ",,,"SAN BERNARDINO","CHINO HILLS",-117.77984619140625,33.947013854980469
91281470,2020,2020-08-06,9860,2020-07-23,1810,019674,,4,2,9,3600,0,3,5,,2,003,"CHRYSOLITE AVE","CAPRI AVE",0.00,,Y,A,-,N,,,,,,,,,,N,2,0,1,2,A,-,12,22450,A,N,D,C,A,A,H,-,A,A,0,,,,,Y,,A,01,1,0,0,0,0,0,0,0,0,"- ","- ",34.074951171875,-117.13729858398438,"SAN BERNARDINO",UNINCORPORATED,-117.13742065429688,34.074989318847656
91282392,2020,2020-08-07,9855,2020-08-01,0345,021176,,6,3,4,3605,0,1,1,,2,103,"I-10 W/B (SAN BERNARDINO FWY)","CENTRAL AVE.",238.00,E,N,A,-,Y,,,10,,,,,,W,Y,2,0,1,2,A,-,08,22107,,N,E,I,A,A,H,-,D,D,0,,,,,Y,,A,01,1,0,0,0,0,0,0,0,0,"- ","- ",34.085029602050781,-117.69100189208984,"SAN BERNARDINO",MONTCLAIR,-117.69099426269531,34.085010528564453
91282648,2020,2020-08-07,9865,2020-07-26,1745,021669,,7,2,9,3600,0,3,5,,2,003,"MAPLE LANE","LAUREL LANE",15.00,S,N,A,-,N,,,,,,,,,,Y,2,0,1,2,A,-,03,22350,,N,C,C,A,A,H,-,A,D,0,,,Y,,Y,,C,02,1,0,0,0,0,0,0,0,1,"- ","- ",34.245429992675781,-116.82521057128906,"SAN BERNARDINO",UNINCORPORATED,-116.82518768310547,34.245399475097656
91282892,2020,2020-08-10,9855,2020-07-31,0115,020690,,5,3,6,3607,0,1,3,,2,601,"SR-60 E/B (POMONA FWY)","GROVE AVE.",50.00,E,N,A,-,Y,,,60,,,,,,E,Y,2,0,2,2,A,-,01,23152,A,N,C,C,A,A,H,-,D,A,0,,,,,Y,Y,A,01,1,1,0,0,0,0,0,0,0,"- ","- ",34.030288696289062,-117.62789154052734,"SAN BERNARDINO",ONTARIO,-117.62789154052734,34.030391693115234
91283572,2020,2020-08-13,9870,2020-08-06,0012,020213,,4,3,9,3600,0,1,3,,1,011,"E/B SR-62 (TWENTYNINE PALMS HWY)","SUNDOWN TRAIL",550.00,E,N,A,-,Y,,,62,,,,,,,Y,2,0,2,2,A,-,01,23152,A,N,C,C,A,A,H,-,D,D,0,,,,,Y,Y,A,07,1,0,1,0,0,0,0,0,0,"- ","- ",34.080280303955078,-116.53549957275391,"SAN BERNARDINO",UNINCORPORATED,-116.53553771972656,34.080348968505859
91285510,2020,2020-10-15,9850,2020-07-16,0040,020648,,4,3,5,3619,0,1,1,,2,082,"INTERSTATE 15 NORTHBOUND","BEAR VALLEY ROAD",5386.00,S,N,A,-,Y,,,15,,,,,,N,Y,1,1,0,2,A,-,03,22350,,F,C,C,A,A,H,-,D,D,0,,,,,Y,,A,07,0,0,0,0,0,0,0,0,0,"- ","- ",34.457878112792969,-117.35578918457031,"SAN BERNARDINO",HESPERIA,-117.3558349609375,34.457916259765625
91285896,2020,2020-12-08,9860,2020-05-21,1950,018275,,4,2,6,3610,0,1,1,,2,216,"INTERSTATE 215 NORTHBOUND","27TH STREET",520.00,S,N,A,-,Y,,,215,,,,,,N,Y,1,1,2,1,A,-,01,23152,A,N,E,I,A,A,H,-,B,D,0,,,,,Y,Y,A,07,2,0,0,0,0,0,0,0,0,"- ","- ",34.138729095458984,-117.31571960449219,"SAN BERNARDINO","SAN BERNARDINO",-117.31564331054688,34.138786315917969
91286236,2020,2020-08-14,9850,2020-08-02,0555,017775,,7,3,9,3600,0,2,4,,2,055,"NATIONAL TRAILS HIGHWAY","BRYMAN ROAD",907.00,N,N,A,-,N,,,,,,,,,,Y,1,2,0,2,A,-,01,23152,G,N,A,C,A,A,H,-,B,D,0,,,,,Y,Y,A,01,0,0,0,0,0,0,0,0,0,"- ","- ",34.677150726318359,-117.33930206298828,"SAN BERNARDINO",UNINCORPORATED,-117.33929443359375,34.677116394042969
91286655,2020,2020-08-17,9865,2020-08-04,2200,020393,,2,3,9,3600,0,3,5,,2,002,"KUFFEL CANYON RD","IVY LN",25.00,N,N,A,-,N,,,,,,,,,,Y,2,0,1,1,A,-,01,23152,A,N,E,I,A,A,H,-,D,D,0,,,,,Y,Y,D,22,1,0,0,0,0,0,0,0,0,"- ","- ",34.237850189208984,-117.17983245849609,"SAN BERNARDINO",UNINCORPORATED,,
91289904,2020,2020-08-20,9870,2020-08-15,1935,019208,,6,2,9,3600,0,3,5,,2,001,"JUNIPER AVENUE","PALO VERDE ROAD",80.00,S,N,A,-,N,,,,,,,,,,Y,2,0,2,1,A,-,03,22350,,N,E,I,A,A,H,-,B,D,0,,,,,Y,,A,01,1,1,0,0,0,0,0,0,0,"- ","- ",34.060840606689453,-116.58936309814453,"SAN BERNARDINO",UNINCORPORATED,-116.58940124511719,34.061061859130859
91295883,2020,2020-08-31,9865,2020-08-19,2035,014696,,3,2,9,3600,0,1,3,,2,014,SR-138,SR-173,157.00,E,N,A,-,Y,,,138,,,,,,,Y,2,0,1,1,D,-,00,,,N,F,A,A,A,H,-,D,D,0,,,Y,,Y,,-,"- ",1,0,0,0,0,0,0,0,1,"- ","- ",34.311771392822266,-117.34615325927734,"SAN BERNARDINO",UNINCORPORATED,-117.34610748291016,34.311782836914062
91296253,2020,2020-08-31,9835,2020-08-21,1548,022324,,5,2,9,3600,0,3,5,,2,032,"HINKLEY RD","BROWN RANCH RD",215.00,N,N,A,-,N,,,,,,,,,,Y,2,0,1,1,A,-,08,22107,,N,F,I,A,A,H,-,A,D,0,,,,,Y,,A,07,1,0,0,0,0,0,0,0,0,"- ","- ",35.021320343017578,-117.18919372558594,"SAN BERNARDINO",UNINCORPORATED,-117.18912400000001,35.021293999999997
91296507,2020,2020-08-31,9835,2020-08-17,1333,021765,,1,1,9,3600,0,3,5,,2,032,"MAIN ST","OAK GROVE RD",3696.00,E,N,A,-,N,,,,,,,,,,Y,2,0,1,1,A,-,08,22107,,N,E,I,A,A,H,-,A,D,0,,,,,Y,,E,22,1,0,0,0,0,0,0,0,0,"- ","- ",34.846271514892578,-117.15329742431641,"SAN BERNARDINO",UNINCORPORATED,-117.15814899999999,34.842849000000001
91298732,2020,2020-09-03,9860,2020-08-26,0755,014963,,3,1,4,3603,0,1,1,,2,103,"I-10 W/B",I-215,2640.00,W,N,A,-,Y,,,10,,,,,,W,Y,2,0,1,2,A,-,03,22350,,N,C,C,A,A,H,-,A,D,0,,,Y,,Y,,C,02,1,0,0,0,0,0,0,0,1,"- ","- ",34.06536865234375,-117.30477905273438,"SAN BERNARDINO",COLTON,-117.30477905273438,34.065357208251953
91301757,2020,2020-09-09,9855,2020-09-01,1601,017506,,2,2,6,3616,0,1,1,,2,201,"SR-210 W/B (FOOTHILL FWY)","EAST AVE.",800.00,E,N,A,-,Y,,,210,,,,,,W,Y,2,0,2,1,A,-,08,22107,,N,E,I,A,A,H,-,A,D,0,,,,,Y,,A,01,2,0,0,0,0,0,0,0,0,"- ","- ",34.136501312255859,-117.5115966796875,"SAN BERNARDINO","RANCHO CUCAMONGA",-117.5115966796875,34.136463165283203
91302446,2020,2020-09-10,9834,2020-08-18,1522,016267,,2,2,9,3600,0,1,1,,2,044,"INTERSTATE 40 EASTBOUND","US-95 N/B",15365.00,W,N,B,-,Y,,,40,,,,,,E,Y,1,1,1,1,A,-,08,22107,,N,E,I,A,A,H,-,A,D,0,,,,Y,Y,,G,25,1,0,0,0,0,0,0,0,0,"- ","- ",34.876808166503906,-114.80509185791016,"SAN BERNARDINO",UNINCORPORATED,-114.80507659912109,34.876766204833984
91303011,2020,2020-09-11,9860,2020-08-25,2139,019674,,2,2,5,3608,0,1,1,,2,203,"SR-210 W/B","SAN BERNARDINO AVE",2112.00,W,N,A,-,Y,,,210,,,,,,W,Y,2,0,1,3,A,-,03,22350,,N,C,C,A,A,D,-,D,D,0,,,,,Y,,A,01,1,0,0,0,0,0,0,0,0,"- ","- ",34.083698272705078,-117.20053100585938,"SAN BERNARDINO",REDLANDS,-117.20053863525391,34.083698272705078
91304897,2020,2020-09-15,9835,2020-09-05,2125,021824,,6,2,9,3600,0,1,1,,2,076,"I-15 N/B","HALLORAN SUMMIT ROAD",14942.00,N,N,A,-,Y,,,15,,,,,,N,Y,2,0,2,2,A,-,03,22350,,N,C,C,A,A,H,-,D,D,0,,,,,Y,,A,07,1,0,1,0,0,0,0,0,0,"- ","- ",35.418800354003906,-115.74500274658203,"SAN BERNARDINO",UNINCORPORATED,-115.74504852294922,35.418926239013672
91305003,2020,2020-09-15,9835,2020-09-06,0545,022218,,7,3,9,3600,0,1,1,,2,073,"INTERSTATE 15 NORTHBOUND","BASIN ROAD",9504.00,S,N,A,-,Y,,,15,,,,,,N,Y,2,0,4,2,A,-,01,23153,A,N,C,C,A,A,H,-,D,D,0,,,,,Y,Y,A,01,2,2,0,0,0,0,0,0,0,"- ","- ",35.096981048583984,-116.29624938964844,"SAN BERNARDINO",UNINCORPORATED,-116.29625701904297,35.096996307373047
91305568,2020,2020-09-16,9860,2020-09-07,1950,021375,,1,2,9,3600,0,3,5,,2,004,"LOCUST AVE","7TH ST",64.00,N,N,A,-,N,,,,,,,,,,N,2,0,1,2,A,-,03,22350,,N,E,I,A,A,H,-,C,A,0,,,,,Y,,A,01,1,0,0,0,0,0,0,0,0,"- ","- ",34.040790557861328,-117.40939331054688,"SAN BERNARDINO",UNINCORPORATED,-117.40947723388672,34.040756225585938
91305633,2020,2020-09-16,9860,2020-09-10,1120,016590,,4,1,4,3603,0,1,1,,2,214,"I-215 S/B",I-10,1056.00,S,N,A,-,Y,,,215,,,,,,S,Y,2,0,1,1,A,-,08,22107,,F,E,I,A,A,H,-,A,D,0,,,,,Y,,A,01,1,0,0,0,0,0,0,0,0,"- ","- ",34.050579071044922,-117.30335235595703,"SAN BERNARDINO",COLTON,-117.30341339111328,34.050666809082031
91305966,2020,2020-09-16,9834,2020-09-14,1745,016564,,1,2,9,3600,0,1,1,,2,040,"I-40 E/B","VAN WINKLE WASH",9504.00,E,N,A,-,Y,,,40,,,,,,E,Y,2,0,1,2,A,-,03,22350,,N,C,C,A,A,H,-,A,D,0,,,,Y,Y,,A,01,1,0,0,0,0,0,0,0,0,"- ","- ",34.743770599365234,-115.52886962890625,"SAN BERNARDINO",UNINCORPORATED,-115.52888488769531,34.743816375732422
91306189,2020,2020-09-17,9835,2020-09-14,0630,021448,,1,1,3,3601,0,1,1,,2,071,"I-15 N/B","L ST",8712.00,S,N,A,-,Y,,,15,,,,,,N,Y,2,0,2,1,A,-,08,22107,,N,E,I,A,A,H,-,A,D,0,,,,,Y,,D,22,2,0,0,0,0,0,0,0,0,"- ","- ",34.871208190917969,-117.07592010498047,"SAN BERNARDINO",BARSTOW,-117.07586669921875,34.871150970458984
9131134,2020,2020-09-25,3604,2020-07-13,0800,680,,1,5,6,3604,0,0,0,,0,,"JURUPA AV","CITRUS AV",780.00,W,N,A,-,N,,,,,,,,,,Y,2,0,1,2,A,-,03,22350,,N,C,C,A,A,H,-,A,D,0,,,,Y,Y,,A,07,1,0,0,0,0,0,0,0,0,"- ","- ",,,"SAN BERNARDINO",FONTANA,-117.45649719238281,34.048099517822266
91313063,2020,2020-09-28,9835,2020-09-12,1717,022324,,6,2,9,3600,0,1,2,,1,014,US-395,"ALCUDIA RD",1056.00,S,N,A,-,Y,,,395,,,,,,,Y,2,0,1,2,A,-,03,22350,,N,C,C,A,A,H,-,A,D,0,,,,Y,Y,,A,08,1,0,0,0,0,0,0,0,0,"- ","- ",34.936210632324219,-117.52456665039062,"SAN BERNARDINO",UNINCORPORATED,-117.52452850341797,34.936229705810547
91313305,2020,2020-09-28,9860,2020-09-26,0600,019321,,6,1,9,3600,0,1,3,,1,012,SR-138,"LONE PINE CANYON RD",1584.00,E,N,A,-,Y,,,138,,,,,,,Y,2,0,1,1,A,-,08,22107,,N,F,A,A,A,H,-,B,D,0,,,,,Y,,A,07,1,0,0,0,0,0,0,0,0,"- ","- ",34.314231872558594,-117.49078369140625,"SAN BERNARDINO",UNINCORPORATED,-117.49070739746094,34.314491271972656
91315720,2020,2020-10-01,9860,2020-04-30,2016,019725,,4,2,9,3600,0,1,1,,2,151,"INTERSTATE 15 SOUTHBOUND","GLEN HELEN PARKWAY",1584.00,S,N,A,-,Y,,,15,,,,,,S,N,2,0,1,2,A,-,11,21954,A,N,G,B,D,A,D,E,B,D,0,Y,,,,Y,Y,N,60,1,0,0,0,1,0,0,0,0,"- ","- ",34.198471069335938,-117.41790008544922,"SAN BERNARDINO",UNINCORPORATED,-117.41796875,34.198524475097656
91317144,2020,2020-10-05,9850,2020-09-24,2000,021878,,4,2,5,3619,0,1,1,,2,082,"I-15 N/B","BEAR VALLEY ROAD",3505.00,S,N,A,-,Y,,,15,,,,,,N,Y,2,0,4,2,A,-,07,21658,A,N,B,C,A,A,H,-,C,D,0,,,,,Y,,A,01,1,0,3,0,0,0,0,0,0,"- ","- ",34.461719512939453,-117.35285186767578,"SAN BERNARDINO",HESPERIA,-117.35286712646484,34.46173095703125
91321406,2020,2020-10-12,9860,2020-10-05,1935,020346,,1,2,9,3600,0,3,5,,2,003,"AGATE AVE","NICE AVE",45.00,S,N,A,-,N,,,,,,,,,,Y,2,0,1,3,A,-,03,22350,,N,H,A,A,A,H,-,D,D,0,,,,,Y,,A,01,1,0,0,0,0,0,0,0,0,"- ","- ",34.066249847412109,-117.12574768066406,"SAN BERNARDINO",UNINCORPORATED,-117.12572479248047,34.066238403320312
91321416,2020,2020-10-12,9860,2020-09-01,0500,021587,,2,3,6,3604,0,1,1,,2,102,"I-10 E/B","SIERRA AVE",400.00,E,N,A,-,Y,,,10,,,,,,E,Y,2,0,2,8,A,-,03,22350,,N,C,C,A,A,H,-,D,D,0,,,,Y,Y,,A,01,1,0,1,0,0,0,0,0,0,"- ","- ",34.067279815673828,-117.43374633789062,"SAN BERNARDINO",FONTANA,-117.43375396728516,34.067249298095703
91322074,2020,2020-10-12,9860,2020-09-14,1953,021371,,1,2,6,3610,0,1,1,,2,216,"INTERSTATE 215 SOUTHBOUND","UNIVERSITY PARKWAY",4224.00,N,N,A,-,Y,,,215,,,,,,S,Y,1,1,0,2,A,-,03,22350,,N,C,C,A,A,H,-,B,D,0,,,,Y,Y,,A,01,0,0,0,0,0,0,0,0,0,"- ","- ",34.173870086669922,-117.34156036376953,"SAN BERNARDINO","SAN BERNARDINO",-117.34156799316406,34.173862457275391
91322694,2020,2020-10-13,9860,2020-09-23,1256,016651,,3,1,5,3609,0,1,1,,2,201,"SR-210 W/B","RIVERSIDE AVE",650.00,E,N,A,-,Y,,,210,,,,,,W,Y,2,0,2,3,A,-,07,21658,A,F,B,C,A,A,H,-,A,D,0,,,,Y,Y,,A,07,1,1,0,0,0,0,0,0,0,"- ","- ",34.136051177978516,-117.36817169189453,"SAN BERNARDINO",RIALTO,-117.36817169189453,34.136116027832031
91325162,2020,2021-01-26,9860,2020-08-11,2200,020553,,2,3,4,3640,0,1,1,,2,106,"INTERSTATE 10 EASTBOUND","YUCAIPA BOULEVARD",87.00,E,N,A,-,Y,,,10,,,,,,E,Y,1,1,0,2,A,-,01,23152,A,N,C,E,A,A,H,-,D,D,0,,,,Y,Y,Y,A,01,0,0,0,0,0,0,0,0,0,"- ","- ",34.02642822265625,-117.11904907226562,"SAN BERNARDINO",YUCAIPA,-117.11900329589844,34.026531219482422
91325291,2020,2020-10-16,9850,2020-10-09,0652,021366,,5,1,9,3600,0,2,4,,2,037,"BEAR VALLEY ROAD","TUJUNGA ROAD",182.00,E,N,A,-,N,,,,,,,,,,Y,1,1,1,2,A,-,06,21751,,N,A,C,A,A,H,-,A,D,0,,,,,Y,,A,01,1,0,0,0,0,0,0,0,0,"- ","- ",34.471851348876953,-117.14791870117188,"SAN BERNARDINO",UNINCORPORATED,-117.14794921875,34.471855163574219
91325902,2020,2020-10-19,9850,2020-10-06,0040,022386,,2,3,9,3600,0,3,5,,2,003,"CENTRAL RD","VIENTO RD",0.00,,Y,A,-,N,,,,,,,,,,Y,2,0,1,2,A,-,05,21460,A,N,D,C,A,A,H,-,D,D,0,,,Y,,Y,,C,02,1,0,0,0,0,0,0,0,1,"- ","- ",34.453479766845703,-117.17265319824219,"SAN BERNARDINO",UNINCORPORATED,-117.17269897460938,34.453609466552734
9133045,2020,2020-09-21,3610,2020-06-21,1530,51171,,7,5,6,3610,0,0,0,,0,POLICE,"W MARSHALL BL","I ST",137.00,W,N,A,-,N,,,,,,,,,,Y,2,0,1,3,A,-,03,22350,,N,A,E,A,A,H,-,A,D,0,,,,,Y,,A,01,1,0,0,0,0,0,0,0,0,"- ","- ",34.149238586425781,-117.30467987060547,"SAN BERNARDINO","SAN BERNARDINO",-117.30361938476562,34.149513244628906
91330558,2020,2020-10-23,9865,2020-10-13,1905,021502,,2,2,9,3600,0,3,5,,2,001,"FIR LANE","ELM DRIVE",560.00,E,N,A,-,N,,,,,,,,,,N,2,0,1,2,A,-,05,21650,,N,G,G,E,A,H,-,C,D,0,Y,Y,,,Y,,-,"- ",1,0,0,0,0,0,1,0,0,"- ","- ",34.247219085693359,-117.30487823486328,"SAN BERNARDINO",UNINCORPORATED,-117.30371856689453,34.247325897216797
91331189,2020,2020-10-26,9834,2020-10-17,1656,018755,,6,2,9,3600,0,1,2,,1,095,US-95,"GOFFS RD",900.00,S,N,A,-,Y,,,95,,,,,,,Y,2,0,1,1,A,-,08,22107,,N,F,A,A,A,H,-,A,D,0,,,,,Y,,A,08,1,0,0,0,0,0,0,0,0,"- ","- ",34.940509796142578,-114.82285308837891,"SAN BERNARDINO",UNINCORPORATED,-114.82290649414062,34.940402984619141
91333523,2020,2020-10-28,9835,2020-10-23,0556,019989,,5,3,9,3600,0,1,1,,2,076,"I-15 S/B","CIMA RD",19906.00,N,N,A,-,Y,,,15,,,,,,S,Y,2,0,1,1,A,-,08,22107,,N,F,A,A,A,H,-,D,D,0,,,,,Y,,A,01,1,0,0,0,0,0,0,0,0,"- ","- ",35.463321685791016,-115.62027740478516,"SAN BERNARDINO",UNINCORPORATED,-115.62025451660156,35.463253021240234