CASE_ID,ACCIDENT_YEAR,PROC_DATE,JURIS,COLLISION_DATE,COLLISION_TIME,OFFICER_ID,REPORTING_DISTRICT,DAY_OF_WEEK,CHP_SHIFT,POPULATION,CNTY_CITY_LOC,SPECIAL_COND,BEAT_TYPE,CHP_BEAT_TYPE,CITY_DIVISION_LAPD,CHP_BEAT_CLASS,BEAT_NUMBER,PRIMARY_RD,SECONDARY_RD,DISTANCE,DIRECTION,INTERSECTION,WEATHER_1,WEATHER_2,STATE_HWY_IND,CALTRANS_COUNTY,CALTRANS_DISTRICT,STATE_ROUTE,ROUTE_SUFFIX,POSTMILE_PREFIX,POSTMILE,LOCATION_TYPE,RAMP_INTERSECTION,SIDE_OF_HWY,TOW_AWAY,COLLISION_SEVERITY,NUMBER_KILLED,NUMBER_INJURED,PARTY_COUNT,PRIMARY_COLL_FACTOR,PCF_CODE_OF_VIOL,PCF_VIOL_CATEGORY,PCF_VIOLATION,PCF_VIOL_SUBSECTION,HIT_AND_RUN,TYPE_OF_COLLISION,MVIW,PED_ACTION,ROAD_SURFACE,ROAD_COND_1,ROAD_COND_2,LIGHTING,CONTROL_DEVICE,CHP_ROAD_TYPE,PEDESTRIAN_ACCIDENT,BICYCLE_ACCIDENT,MOTORCYCLE_ACCIDENT,TRUCK_ACCIDENT,NOT_PRIVATE_PROPERTY,ALCOHOL_INVOLVED,STWD_VEHTYPE_AT_FAULT,CHP_VEHTYPE_AT_FAULT,COUNT_SEVERE_INJ,COUNT_VISIBLE_INJ,COUNT_COMPLAINT_PAIN,COUNT_PED_KILLED,COUNT_PED_INJURED,COUNT_BICYCLIST_KILLED,COUNT_BICYCLIST_INJURED,COUNT_MC_KILLED,COUNT_MC_INJURED,PRIMARY_RAMP,SECONDARY_RAMP,LATITUDE,LONGITUDE,COUNTY,CITY,POINT_X,POINT_Y
91720165,2022,2022-03-10,9855,2022-02-27,2115,019675,,7,2,6,3607,0,1,1,,2,103,"I-10 E/B (SAN BERNARDINO FWY)","MOUNTAIN AVENUE",531.00,E,N,A,-,Y,SBD,,10,,,2.498,H,,R,Y,2,0,2,2,A,-,03,22350,,N,C,C,A,A,D,-,D,D,0,,,,Y,Y,,A,01,1,0,1,0,0,0,0,0,0,"- ","- ",34.087181091308594,-117.66815948486328,"SAN BERNARDINO",ONTARIO,-117.66815948486328,34.087200164794922
91723527,2022,2022-03-15,9850,2022-03-09,0245,021878,,3,3,5,3619,0,1,S,,2,700,"I-15 N/B","JOSHUA STREET",1584.00,N,N,A,-,Y,SBD,,15,,,32.633,H,,R,Y,2,0,2,3,A,-,03,22350,,N,C,C,A,A,D,-,D,D,0,,,,Y,Y,,A,01,1,0,1,0,0,0,0,0,0,"- ","- ",34.409969329833984,-117.39330291748047,"SAN BERNARDINO",HESPERIA,-117.393310546875,34.409976959228516
91728946,2020,2022-03-22,9860,2020-07-28,2350,021587,,2,3,6,3610,0,1,1,,2,202,"STATE ROUTE 210 WESTBOUND","VALENCIA AVENUE",486.00,W,N,A,-,Y,,,210,,,,,,W,Y,1,1,1,4,A,-,01,23152,A,N,G,B,E,A,H,-,C,D,0,Y,,,,Y,Y,A,07,0,1,0,1,0,0,0,0,0,"- ","- ",34.145168304443359,-117.27411651611328,"SAN BERNARDINO","SAN BERNARDINO",-117.27412414550781,34.145069122314453
91729888,2022,2022-03-23,9850,2022-03-12,1725,021205,,6,2,9,3600,0,3,5,,2,004,"RABBIT SPRINGS RD","FAIRLANE RD",980.00,E,N,A,-,N,,,,,,,,,,Y,2,0,3,2,A,-,09,21801,A,N,A,C,A,A,H,-,D,D,0,,,,,Y,,A,07,1,0,2,0,0,0,0,0,0,"- ","- ",34.458339691162109,-116.87229156494141,"SAN BERNARDINO",UNINCORPORATED,-116.87241363525391,34.458328247070312
91730085,2022,2022-03-23,9855,2022-03-12,0208,022021,,6,3,6,3616,0,1,1,,2,203,"SR-210 W/B (FOOTHILL FREEWAY)","DAY CREEK BLVD",330.00,E,N,A,-,Y,SBD,,210,,,9.234,H,,L,Y,2,0,1,2,A,-,08,22107,,N,C,E,A,A,H,-,D,D,0,,,,Y,Y,,A,01,1,0,0,0,0,0,0,0,0,"- ","- ",34.136711120605469,-117.53543853759766,"SAN BERNARDINO","RANCHO CUCAMONGA",-117.53543853759766,34.136619567871094
91738101,2022,2022-04-01,9865,2022-03-20,0135,021669,,7,3,9,3600,0,1,3,,2,021,SR-330,"OLD CITY CREEK ROAD",7920.00,S,N,A,-,Y,SBD,,330,,,34.252,H,,R,Y,2,0,1,1,A,-,01,23152,A,N,E,I,A,A,H,-,D,D,0,,,,,Y,Y,A,07,1,0,0,0,0,0,0,0,0,"- ","- ",34.180091857910156,-117.17292022705078,"SAN BERNARDINO",UNINCORPORATED,-117.17292022705078,34.180099487304688
91743960,2022,2022-04-08,9865,2022-03-18,1440,019929,,5,2,9,3600,0,1,3,,2,032,SR-18,"GILDART DR",25.00,S,N,A,-,Y,SBD,,18,,,52.782,H,,R,Y,2,0,3,3,A,-,03,22350,,N,C,C,A,A,H,-,A,D,0,,,,,Y,Y,D,22,1,0,2,0,0,0,0,0,0,"- ","- ",34.260448455810547,-116.8642578125,"SAN BERNARDINO",UNINCORPORATED,-116.8642578125,34.260498046875
91743962,2022,2022-04-08,9865,2022-04-02,2315,021722,,6,3,9,3600,0,1,3,,2,015,SR-189,"BLUE JAY CUTOFF",528.00,E,N,A,-,Y,SBD,,189,,,3.536,H,,R,Y,2,0,1,1,A,-,01,23152,A,N,E,I,A,A,H,-,D,D,0,,,,,Y,Y,D,22,1,0,0,0,0,0,0,0,0,"- ","- ",34.242069244384766,-117.21486663818359,"SAN BERNARDINO",UNINCORPORATED,-117.21488952636719,34.242073059082031
91747964,2022,2022-04-14,9855,2022-03-30,2328,020664,,3,3,6,3616,0,1,1,,2,203,"SR-210 E/B (FOOTHILL FWY)","ARCHIBALD AVE.",630.00,E,N,B,-,Y,SBD,,210,,,6.030,H,,R,Y,2,0,1,2,A,-,01,23152,A,N,C,C,A,A,H,-,C,D,0,,,,Y,Y,Y,A,07,1,0,0,0,0,0,0,0,0,"- ","- ",34.135028839111328,-117.59126281738281,"SAN BERNARDINO","RANCHO CUCAMONGA",-117.59126281738281,34.135093688964844
91749982,2022,2022-04-18,9870,2022-04-10,0119,022177,,7,3,9,3600,0,3,5,,2,002,"SUNNSLOPE DRIVE","CHEROKEE TRAIL",154.00,W,N,G,-,N,,,,,,,,,,N,2,0,1,1,A,-,01,23152,G,N,F,A,A,A,H,-,D,D,0,,,Y,,Y,Y,C,06,1,0,0,0,0,0,0,0,1,"- ","- ",34.276760101318359,-116.44119262695312,"SAN BERNARDINO",UNINCORPORATED,-116.44496917724609,34.127925872802734
91751406,2022,2022-04-19,9870,2022-04-12,1115,020280,,2,1,9,3600,0,1,3,,2,021,"STATE ROUTE 247 (OLD WOMAN SPRINGS)","RECHE ROAD",56.00,N,N,A,-,Y,SBD,,247,,,10.643,H,,R,N,2,0,1,2,A,-,06,21750,A,N,C,C,A,A,H,-,A,D,0,,,Y,,Y,,C,03,1,0,0,0,0,0,0,0,1,"- ","- ",34.266040802001953,-116.44553375244141,"SAN BERNARDINO",UNINCORPORATED,-116.44554901123047,34.266029357910156
91751695,2022,2022-04-20,9860,2022-04-07,1924,020774,,4,2,9,3600,0,3,5,,2,002,"MESA ST.","STATE ST.",400.00,E,N,A,-,N,,,,,,,,,,N,2,0,1,2,A,-,09,21804,A,N,A,G,A,A,H,-,A,D,0,,Y,,,Y,Y,L,04,1,0,0,0,0,0,1,0,0,"- ","- ",34.139701843261719,-117.33424377441406,"SAN BERNARDINO",UNINCORPORATED,-117.33415222167969,34.1396484375
91752564,2021,2022-04-20,9855,2021-08-08,2215,020690,,7,3,9,3600,0,3,5,,2,004,"MISSION BOULEVARD (8300 BLOCK)","VERNON STREET",68.80,E,N,A,-,N,,,,,,,,,,Y,1,1,0,4,A,-,03,22350,,F,C,C,A,A,H,-,C,A,0,,,Y,,Y,,C,02,0,0,0,0,0,0,0,1,0,"- ","- ",34.01177978515625,-117.46562957763672,"SAN BERNARDINO",UNINCORPORATED,-117.68488311767578,34.055839538574219
91754353,2021,2022-04-22,9835,2021-12-25,2350,022410,,6,3,9,3600,0,1,1,,2,075,"I-15 N/B","HALLORAN SUMMIT RD",5280.00,N,N,A,-,Y,,,15,,,,,,N,Y,1,1,1,1,A,-,08,22107,,N,F,A,A,A,H,-,D,D,0,,,,,Y,,A,01,1,0,0,0,0,0,0,0,0,"- ","- ",35.408359527587891,-115.77477264404297,"SAN BERNARDINO",UNINCORPORATED,-115.77478790283203,35.408416748046875
91754510,2022,2022-04-22,9865,2022-04-17,1300,017808,,7,1,9,3600,0,1,3,,2,011,SR-18,"S. PINE AVE.",2640.00,S,N,A,-,Y,SBD,,18,,,21.995,H,,R,Y,2,0,6,2,A,-,05,21460,A,N,A,C,A,A,H,-,A,D,0,,,,,Y,,A,07,4,2,0,0,0,0,0,0,0,"- ","- ",34.229110717773438,-117.23866271972656,"SAN BERNARDINO",UNINCORPORATED,-117.23866271972656,34.229114532470703
91755151,2022,2022-04-25,9860,2022-04-15,2150,021169,,5,2,5,3609,0,1,1,,2,201,"SR-210 E/B","LILAC AVE",750.00,E,N,A,-,Y,SBD,,210,,,18.329,H,,R,Y,2,0,3,3,A,-,03,22350,,N,C,2,A,A,H,-,C,D,0,,,,,Y,,D,22,1,1,1,0,0,0,0,0,0,"- ","- ",34.135658264160156,-117.37673950195312,"SAN BERNARDINO",RIALTO,-117.37673950195312,34.135734558105469
91755372,2022,2022-04-25,9865,2022-04-17,1300,019929,,7,1,9,3600,0,3,5,,2,003,"BALDWIN LN","SPRUCE LN",0.00,,Y,A,-,N,,,,,,,,,,N,2,0,1,2,A,-,12,22450,A,N,D,G,A,A,H,-,A,A,0,,Y,,,Y,,L,04,1,0,0,0,0,0,1,0,0,"- ","- ",34.250438690185547,-116.82377624511719,"SAN BERNARDINO",UNINCORPORATED,-116.82376098632812,34.250461578369141
91757171,2022,2022-04-26,9835,2022-04-16,1140,021160,,6,1,9,3600,0,1,1,,2,075,"INTERSTATE 15 NORTHBOUND","HALLORAN SPRINGS ROAD",3854.00,S,N,A,-,Y,SBD,,15,,,148.866,H,,R,Y,2,0,2,3,A,-,03,22350,,N,C,C,A,A,H,-,A,D,0,,,,Y,Y,,A,01,1,0,1,0,0,0,0,0,0,"- ","- ",35.370559692382812,-115.90335083007812,"SAN BERNARDINO",UNINCORPORATED,-115.90335845947266,35.370582580566406
91757918,2022,2022-04-27,9835,2022-04-21,1214,021035,,4,1,9,3600,0,1,1,,2,075,"I-15 N/B","HALLORAN SPRINGS RD",16949.00,S,N,A,-,Y,SBD,,15,,,146.447,H,,R,Y,2,0,1,2,A,-,03,22350,,N,C,C,A,A,H,-,A,D,0,,,,Y,Y,,A,07,1,0,0,0,0,0,0,0,0,"- ","- ",35.351211547851562,-115.93874359130859,"SAN BERNARDINO",UNINCORPORATED,-115.93877410888672,35.351249694824219
91760512,2022,2022-04-29,9860,2022-04-19,0400,021149,,2,3,9,3600,0,3,5,,2,003,"VALLEY OF THE FALLS DR","MARCY RD",470.00,E,N,A,-,N,,,,,,,,,,Y,2,0,1,1,A,-,03,22350,,N,E,I,A,A,H,-,D,D,0,,,,,Y,,A,01,1,0,0,0,0,0,0,0,0,"- ","- ",34.088890075683594,-116.92008209228516,"SAN BERNARDINO",UNINCORPORATED,-116.92013549804688,34.088794708251953
91761746,2022,2022-05-02,9860,2022-04-04,1813,020346,,1,2,6,3610,0,1,1,,2,104,"I-10 E/B","TIPPECANOE AVE",1000.00,W,N,A,-,Y,SBD,,10,,,26.140,H,,R,Y,2,0,3,3,A,-,07,21658,A,F,C,2,A,A,H,-,A,D,0,,,Y,,Y,,D,22,1,1,1,0,0,0,0,0,1,"- ","- ",34.064060211181641,-117.26370239257812,"SAN BERNARDINO","SAN BERNARDINO",-117.26368713378906,34.063972473144531
91761867,2022,2022-05-02,9860,2022-04-09,0229,021342,,6,3,6,3610,0,1,1,,2,202,"SR-210 W/B","STERLING AVE",520.00,E,N,A,-,Y,SBD,,210,,R,26.402,H,,L,Y,2,0,1,2,A,-,01,23152,A,N,C,C,A,A,D,E,D,A,0,,,Y,,Y,Y,C,02,1,0,0,0,0,0,0,0,1,"- ","- ",34.138370513916016,-117.24186706542969,"SAN BERNARDINO","SAN BERNARDINO",-117.24185943603516,34.138389587402344
91764279,2022,2022-05-04,9870,2022-03-24,0135,020213,,4,3,9,3600,0,3,5,,2,003,"LEAR AVENUE","COVE VIEW ROAD",228.00,N,N,A,-,N,,,,,,,,,,Y,1,1,0,1,A,-,08,22107,,N,F,A,A,A,H,-,D,D,0,,,Y,,Y,,C,02,0,0,0,0,0,0,0,1,0,"- ","- ",34.175670623779297,-116.15055084228516,"SAN BERNARDINO",UNINCORPORATED,-116.15058898925781,34.175834655761719
9176652,2020,2020-12-10,3610,2020-09-20,0728,51159,,7,5,6,3610,0,0,0,,0,BAKER,"N MAYFIELD AV","W 30TH ST",0.00,,Y,A,-,N,,,,,,,,,,N,2,0,1,2,A,-,11,21956,,N,G,B,E,A,H,-,A,D,0,Y,,,,Y,,N,60,1,0,0,0,1,0,0,0,0,"- ","- ",34.145938873291016,-117.29071807861328,"SAN BERNARDINO","SAN BERNARDINO",-117.29067993164062,34.145988464355469
91767967,2022,2023-08-07,9834,2022-05-02,1825,018163,,1,2,9,3600,0,1,2,,1,093,US-95,"HAVASU LAKE ROAD",15840.00,N,N,A,-,Y,SBD,,95,,,40.368,H,,R,Y,2,0,1,2,A,-,05,21460,A,N,A,C,A,A,H,-,A,A,0,,,,Y,Y,,G,25,1,0,0,0,0,0,0,0,0,"- ","- ",34.596721649169922,-114.63115692138672,"SAN BERNARDINO",UNINCORPORATED,-114.63111114501953,34.596729278564453
9177100,2020,2020-12-09,3610,2020-09-11,1330,51260,,5,5,6,3610,0,0,0,,0,DAVID,"W 3RD ST","NORTH ARROWHEAD AV",0.00,,Y,A,-,N,,,,,,,,,,N,2,0,1,2,A,-,12,21453,A,N,G,B,B,A,H,-,A,A,0,Y,,,,Y,Y,A,01,1,0,0,0,1,0,0,0,0,"- ","- ",,,"SAN BERNARDINO","SAN BERNARDINO",-117.28964996337891,34.104579925537109
91771149,2022,2022-05-13,9870,2022-05-05,2005,019208,,4,2,9,3600,0,1,3,,1,011,"SR-62 (TWENTYNINE PALMS HWY.)","FOBES ROAD",369.00,W,N,A,-,Y,SBD,,62,,,3.782,H,,R,Y,2,0,4,2,A,-,01,23152,F,N,C,C,A,A,H,-,D,D,0,,,,,Y,,D,22,2,2,0,0,0,0,0,0,0,"- ","- ",34.072010040283203,-116.54776763916016,"SAN BERNARDINO",UNINCORPORATED,-116.54771423339844,34.071952819824219
91771329,2022,2022-05-13,9860,2022-04-30,0345,022359,,6,3,9,3600,0,2,4,,2,411,"CEDAR AVE","SAN BERNARDINO AVE",12.00,S,N,A,-,N,,,,,,,,,,Y,2,0,1,2,A,-,01,23152,A,N,C,C,A,A,H,-,C,A,0,,,,,Y,Y,D,22,1,0,0,0,0,0,0,0,0,"- ","- ",34.077499389648438,-117.39643859863281,"SAN BERNARDINO",UNINCORPORATED,-117.39647674560547,34.077648162841797
91771937,2022,2022-05-16,9860,2022-01-16,0015,022248,,7,3,9,3600,0,2,4,,2,411,"CEDAR AVENUE","ORANGE STREET",0.00,,Y,A,-,N,,,,,,,,,,Y,1,1,0,1,A,-,01,23152,A,N,E,I,A,A,H,-,C,A,0,,,,,Y,Y,A,01,0,0,0,0,0,0,0,0,0,"- ","- ",34.064891815185547,-117.39659118652344,"SAN BERNARDINO",UNINCORPORATED,-117.39643859863281,34.064990997314453
91772712,2022,2022-05-16,9865,2022-05-12,1150,014829,,4,1,9,3600,0,3,5,,2,001,"PILOT ROCK ROAD",SR-173,10560.00,W,N,A,-,N,,,,,,,,,,N,2,0,1,1,B,-,22,,,N,F,A,A,A,A,-,A,D,0,,,Y,,Y,,C,06,1,0,0,0,0,0,0,0,1,"- ","- ",34.277191162109375,-117.23728179931641,"SAN BERNARDINO",UNINCORPORATED,-117.21952819824219,34.285209655761719
91773328,2022,2022-05-17,9860,2022-05-07,1440,022319,,6,2,6,3610,0,1,1,,2,202,"SR-210 W/B","ARROWHEAD AVE",150.00,W,N,A,-,Y,SBD,,210,,R,23.554,H,,L,N,2,0,2,2,A,-,03,22350,,N,C,C,A,A,H,-,A,D,0,,,Y,,Y,,C,02,1,0,1,0,0,0,0,0,1,"- ","- ",34.145610809326172,-117.29022979736328,"SAN BERNARDINO","SAN BERNARDINO",-117.29022979736328,34.145637512207031
91773776,2022,2022-05-17,9835,2022-05-06,1126,019992,,5,1,9,3600,0,1,1,,2,043,"I-40 WESTBOUND","FORT CADY ROAD",1301.00,E,N,A,-,Y,SBD,,40,,R,23.664,H,,L,Y,2,0,1,1,A,-,08,22107,,N,E,I,A,A,H,-,A,D,0,,,,Y,Y,,G,25,1,0,0,0,0,0,0,0,0,"- ","- ",34.815528869628906,-116.60455322265625,"SAN BERNARDINO",UNINCORPORATED,-116.60455322265625,34.815521240234375
91776987,2022,2022-05-20,9870,2022-05-18,1535,019709,,3,2,9,3600,0,2,4,,2,032,"ALTA LOMA DRIVE","SUNSET ROAD",57.00,W,N,A,-,N,,,,,,,,,,Y,2,0,1,4,A,-,03,22350,,N,C,C,A,A,H,-,A,D,0,,,,,Y,,D,22,1,0,0,0,0,0,0,0,0,"- ","- ",34.120391845703125,-116.31771087646484,"SAN BERNARDINO",UNINCORPORATED,-116.31821441650391,34.120429992675781
91778949,2021,2022-05-24,9835,2021-12-22,0100,020389,,3,3,9,3600,0,1,1,,2,047,"INTERSTATE 40 EASTBOUND","OLD DAD WASH",1267.00,W,N,A,-,Y,,,40,,,,,,E,Y,1,2,2,2,A,-,05,21651,B,N,A,3,A,A,H,-,D,D,0,,,,Y,Y,,G,25,1,0,1,0,0,0,0,0,0,"- ","- ",34.716648101806641,-115.74188232421875,"SAN BERNARDINO",UNINCORPORATED,-115.74187469482422,34.716361999511719
91779050,2021,2022-05-24,9835,2021-06-14,0015,022218,,1,3,9,3600,0,2,4,,2,016,"WEST MAIN STREET","WESTERN DRIVE",90.00,E,N,A,-,N,,,,,,,,,,Y,1,1,2,3,A,-,01,23152,A,N,B,C,A,A,H,-,C,D,0,,,Y,,Y,Y,A,01,1,1,0,0,0,0,0,1,0,"- ","- ",34.880599975585938,-117.10105133056641,"SAN BERNARDINO",UNINCORPORATED,-117.10108947753906,34.880512237548828
91781401,2022,2022-05-26,9850,2022-05-14,1727,021162,,6,2,5,3619,0,1,1,,2,082,"I-15 N/B TO RANCHERO RD E/B","RANCHERO RD",1056.00,S,N,A,-,Y,SBD,,15,,,30.209,H,,R,Y,2,0,4,1,A,-,08,22107,,N,E,I,A,A,D,-,A,D,0,,,,,Y,,A,07,2,2,0,0,0,0,0,0,0,"- ","- ",34.380649566650391,-117.41673278808594,"SAN BERNARDINO",HESPERIA,-117.41693878173828,34.380764007568359
91785633,2022,2022-06-01,9860,2022-05-22,0330,022347,,7,3,4,3640,0,1,1,,2,106,"I-10 E/B","LIVE OAK CANYON ROAD",2060.00,E,N,A,-,Y,SBD,,10,,R,37.401,H,,R,Y,2,0,1,1,A,-,08,22107,,N,E,8,A,A,H,-,D,D,0,,,,,Y,,A,01,1,0,0,0,0,0,0,0,0,"- ","- ",34.015060424804688,-117.09005737304688,"SAN BERNARDINO",YUCAIPA,-117.09006500244141,34.015121459960938
91789138,2022,2022-06-06,9835,2022-05-30,2335,022794,,1,3,9,3600,0,1,1,,2,075,"NB I-15","HALLORAN SPRINGS ROAD",8976.00,N,N,A,-,Y,SBD,,15,,,151.311,H,,R,Y,2,0,7,2,A,-,03,22350,,N,C,C,A,A,H,-,D,D,0,,,,,Y,,A,07,1,6,0,0,0,0,0,0,0,"- ","- ",35.382858276367188,-115.86273193359375,"SAN BERNARDINO",UNINCORPORATED,-115.86282348632812,35.383049011230469
91791421,2022,2022-06-08,9855,2022-05-14,0239,022055,,6,3,6,3607,0,1,1,,2,103,"I-10 E/B (SAN BERNARDINO FWY)","4TH ST.",1440.00,E,N,A,-,Y,SBD,,10,,,5.479,H,,R,N,2,0,2,4,A,-,08,22107,,F,G,B,E,A,D,-,C,D,0,Y,,,Y,Y,,-,99,1,1,0,0,2,0,0,0,0,"- ","- ",34.075748443603516,-117.62026214599609,"SAN BERNARDINO",ONTARIO,-117.62026977539062,34.075736999511719
91791825,2022,2023-07-06,9855,2022-05-28,0245,021543,,6,3,6,3604,0,1,1,,2,153,"INTERSTATE 15 NORTHBOUND (ONTARIO FREEWAY)","DUNCAN CANYON RD.",2640.00,S,N,A,-,Y,SBD,,15,,,10.662,H,,R,Y,1,1,1,2,A,-,01,23153,A,N,C,C,A,A,H,-,C,D,0,,,,Y,Y,Y,A,07,0,1,0,0,0,0,0,0,0,"- ","- ",34.161239624023438,-117.4656982421875,"SAN BERNARDINO",FONTANA,-117.46568298339844,34.161228179931641
91794778,2022,2022-06-14,9855,2022-06-03,1615,021978,,5,2,6,3604,0,1,1,,2,153,"I-15 N/B (ONTARIO FWY)","VICTORIA ST",1000.00,N,N,A,-,Y,SBD,,15,,,7.626,H,,R,Y,2,0,1,3,A,-,03,22350,,N,C,C,A,A,H,-,A,D,0,,,,,Y,,A,01,1,0,0,0,0,0,0,0,0,"- ","- ",34.129791259765625,-117.50340270996094,"SAN BERNARDINO",FONTANA,-117.50347137451172,34.129844665527344
91798242,2022,2022-06-20,9860,2022-06-11,2051,022553,,6,2,9,3600,0,1,3,,1,010,SR-138,"WAGON TRAIN RD",1320.00,E,N,A,-,Y,SBD,,138,,M,15.551,H,,R,Y,2,0,1,2,A,-,08,22107,,N,D,C,A,A,H,-,D,D,0,,,,,Y,,A,07,1,0,0,0,0,0,0,0,0,"- ","- ",34.31243896484375,-117.46865844726562,"SAN BERNARDINO",UNINCORPORATED,-117.46865844726562,34.312435150146484
91799201,2022,2022-06-20,9860,2022-01-01,2200,022248,,6,3,9,3600,0,1,1,,2,152,"INTERSTATE 15 SOUTHBOUND","STATE ROUTE 138",8818.00,N,N,A,-,Y,SBD,,15,,R,23.055,H,,L,Y,1,1,0,4,A,-,03,22350,,F,B,C,A,A,H,-,D,D,0,,,Y,,Y,,C,02,0,0,0,0,0,0,0,1,0,"- ","- ",34.334228515625,-117.48249053955078,"SAN BERNARDINO",UNINCORPORATED,-117.48249053955078,34.334228515625
91800808,2022,2022-06-22,9860,2022-06-13,2240,021980,,1,3,9,3600,0,2,4,,2,411,"CEDAR AVE","ORANGE ST",235.00,S,N,A,-,N,,,,,,,,,,N,2,0,1,2,A,-,11,21954,A,F,G,B,D,A,H,-,C,D,0,Y,,,,Y,,N,60,1,0,0,0,1,0,0,0,0,"- ","- ",34.064319610595703,-117.39640045166016,"SAN BERNARDINO",UNINCORPORATED,-117.39643859863281,34.064346313476562
91803001,2022,2022-06-24,9835,2022-06-19,1350,021824,,7,1,9,3600,0,1,1,,2,076,"I-15 SB","CIMA ROAD",475.00,N,N,A,-,Y,SBD,,15,,,162.797,H,,L,Y,2,0,3,1,A,-,08,22107,,N,F,A,A,A,H,-,A,D,0,,,,,Y,,D,22,1,2,0,0,0,0,0,0,0,"- ","- ",35.444179534912109,-115.67378234863281,"SAN BERNARDINO",UNINCORPORATED,-115.67388916015625,35.444389343261719
91803084,2022,2022-06-24,9860,2022-06-07,1309,014963,,2,1,4,3603,0,1,1,,2,103,"INTERSTATE 10 EASTBOUND TO RANCHO AVENUE","RANCHO AVENUE",634.00,W,N,A,-,Y,,,,,,,,,,Y,2,0,4,2,A,-,03,22350,,F,C,C,A,A,H,-,A,D,0,,,,,Y,,A,01,1,2,1,0,0,0,0,0,0,"- ","- ",34.067649841308594,-117.33779907226562,"SAN BERNARDINO",COLTON,-117.33779907226562,34.067649841308594
91805074,2021,2022-06-28,9860,2021-09-02,1308,017098,,4,1,6,3610,0,1,1,,2,202,"STATE ROUTE 210 EASTBOUND","MUSCUPIABE DRIVE",490.00,E,N,A,-,Y,,,210,,,,,,E,Y,1,1,0,1,A,-,08,22107,,N,F,A,A,A,H,-,A,D,0,,,Y,,Y,,C,02,0,0,0,0,0,0,0,1,0,"- ","- ",34.145641326904297,-117.30600738525391,"SAN BERNARDINO","SAN BERNARDINO",-117.30600738525391,34.145603179931641
91807170,2022,2022-06-30,9860,2022-03-15,2145,020572,,2,2,9,3600,0,2,4,,2,411,"CEDAR AVENUE","7TH STREET",9.00,W,N,A,-,N,,,,,,,,,,N,1,1,0,2,A,-,12,21453,A,N,H,G,A,A,H,-,C,A,0,,Y,,,Y,,L,04,0,0,0,0,0,1,0,0,0,"- ","- ",34.040321350097656,-117.39656829833984,"SAN BERNARDINO",UNINCORPORATED,-117.39644622802734,34.040290832519531
91807323,2021,2022-06-30,9860,2021-11-22,0640,019495,,1,1,9,3600,0,1,1,,2,152,"INTERSATE 15 NORTHBOUND","OAK HILL ROAD",6336.00,S,N,A,-,Y,,,,,,,,,,Y,1,1,1,2,A,-,03,22350,,N,C,C,A,A,C,-,A,D,0,,,,Y,Y,,A,01,0,0,1,0,0,0,0,0,0,"- ","- ",34.346168518066406,-117.44338989257812,"SAN BERNARDINO",UNINCORPORATED,-117.43328857421875,34.362110137939453
91808339,2021,2022-07-01,9860,2021-07-27,2118,021229,,2,2,9,3600,0,2,4,,1,131,"SIERRA AVENUE","LYTLE CREEK ROAD",700.00,S,N,A,-,N,,,,,,,,,,Y,1,1,0,2,A,-,11,21954,A,N,G,B,D,A,H,-,D,D,0,Y,,,,Y,Y,N,60,0,0,0,1,0,0,0,0,0,"- ","- ",34.183921813964844,-117.43794250488281,"SAN BERNARDINO",UNINCORPORATED,-117.4381103515625,34.184040069580078
91809130,2022,2022-07-01,9835,2022-06-25,0740,022794,,6,1,9,3600,0,1,3,,1,013,"EB SR-58",US-365,9134.00,E,N,A,-,Y,SBD,,58,,R,7.004,H,,R,Y,2,0,3,1,A,-,08,22107,,N,F,A,A,A,H,-,A,D,0,,,,,Y,,A,01,1,0,2,0,0,0,0,0,0,"- ","- ",34.994731903076172,-117.51201629638672,"SAN BERNARDINO",UNINCORPORATED,-117.51205444335938,34.994598388671875
91809155,2021,2022-07-01,9860,2021-11-06,0140,020553,,6,3,9,3600,0,1,1,,2,104,"INTERSTATE 10 WESTBOUND","RICHARDSON STREET",615.00,E,N,A,-,Y,,,,,,,,,,Y,1,1,0,2,A,-,08,22107,,F,D,C,A,A,H,-,C,D,0,,,Y,,Y,,D,22,0,0,0,0,0,0,0,1,0,"- ","- ",34.066619873046875,-117.25025939941406,"SAN BERNARDINO",UNINCORPORATED,-117.25040435791016,34.066646575927734
9180936,2020,2020-12-15,3604,2020-10-21,0020,769,FONTA,3,5,6,3604,0,0,0,,0,004,"CHERRY AV","WOODLAND DR",237.00,S,N,A,-,N,,,,,,,,,,N,2,0,1,2,A,-,11,21954,A,F,G,B,E,A,H,-,C,A,0,Y,,,,Y,,N,60,1,0,0,0,1,0,0,0,0,"- ","- ",,,"SAN BERNARDINO",FONTANA,-117.48908996582031,34.045970916748047