CASE_ID,ACCIDENT_YEAR,PROC_DATE,JURIS,COLLISION_DATE,COLLISION_TIME,OFFICER_ID,REPORTING_DISTRICT,DAY_OF_WEEK,CHP_SHIFT,POPULATION,CNTY_CITY_LOC,SPECIAL_COND,BEAT_TYPE,CHP_BEAT_TYPE,CITY_DIVISION_LAPD,CHP_BEAT_CLASS,BEAT_NUMBER,PRIMARY_RD,SECONDARY_RD,DISTANCE,DIRECTION,INTERSECTION,WEATHER_1,WEATHER_2,STATE_HWY_IND,CALTRANS_COUNTY,CALTRANS_DISTRICT,STATE_ROUTE,ROUTE_SUFFIX,POSTMILE_PREFIX,POSTMILE,LOCATION_TYPE,RAMP_INTERSECTION,SIDE_OF_HWY,TOW_AWAY,COLLISION_SEVERITY,NUMBER_KILLED,NUMBER_INJURED,PARTY_COUNT,PRIMARY_COLL_FACTOR,PCF_CODE_OF_VIOL,PCF_VIOL_CATEGORY,PCF_VIOLATION,PCF_VIOL_SUBSECTION,HIT_AND_RUN,TYPE_OF_COLLISION,MVIW,PED_ACTION,ROAD_SURFACE,ROAD_COND_1,ROAD_COND_2,LIGHTING,CONTROL_DEVICE,CHP_ROAD_TYPE,PEDESTRIAN_ACCIDENT,BICYCLE_ACCIDENT,MOTORCYCLE_ACCIDENT,TRUCK_ACCIDENT,NOT_PRIVATE_PROPERTY,ALCOHOL_INVOLVED,STWD_VEHTYPE_AT_FAULT,CHP_VEHTYPE_AT_FAULT,COUNT_SEVERE_INJ,COUNT_VISIBLE_INJ,COUNT_COMPLAINT_PAIN,COUNT_PED_KILLED,COUNT_PED_INJURED,COUNT_BICYCLIST_KILLED,COUNT_BICYCLIST_INJURED,COUNT_MC_KILLED,COUNT_MC_INJURED,PRIMARY_RAMP,SECONDARY_RAMP,LATITUDE,LONGITUDE,COUNTY,CITY,POINT_X,POINT_Y
9520757,2023,2023-07-25,3600,2023-04-18,1400,G9963,,2,5,5,3612,0,0,0,,0,VC3,"SILICA DR","HESPERIA RD",253.00,E,N,A,-,N,,,,,,,,,,Y,1,1,0,2,A,-,09,21801,A,N,D,C,A,A,H,-,A,D,0,,,,,Y,,A,01,0,0,0,0,0,0,0,0,0,"- ","- ",34.478248596191406,-117.29007720947266,"SAN BERNARDINO",VICTORVILLE,-117.29021453857422,34.478229522705078
9520777,2023,2023-08-17,3610,2023-04-05,1649,50912,,3,5,6,3610,0,0,0,,0,,"N DEL ROSA DR","E BASELINE ST",553.00,S,N,A,-,N,,,,,,,,,,Y,1,1,1,1,A,-,01,23152,A,N,E,I,A,A,H,-,A,A,0,,,,,Y,Y,D,22,0,1,0,0,0,0,0,0,0,"- ","- ",,,"SAN BERNARDINO","SAN BERNARDINO",-117.25251770019531,34.119796752929688
9520804,2023,2023-08-09,3600,2023-06-15,"447 ",H9758,,4,5,4,3618,0,0,0,,0,H11,"5TH ST","SHIRLEY AV",11685.00,,N,A,-,N,,,,,,,,,,N,1,1,0,2,A,-,11,21954,A,N,A,B,D,A,H,-,C,D,0,Y,,,,Y,,-,,0,0,0,1,0,0,0,0,0,"- ","- ",34.108341217041016,-117.24861145019531,"SAN BERNARDINO",HIGHLAND,-117.24871063232422,34.108318328857422
9520874,2023,2025-06-25,3610,2023-02-19,1853,50469,,7,5,6,3610,0,0,0,,0,,"SOUTH WATERMAN AV","VALLEY ST",360.00,S,N,A,-,N,,,,,,,,,,N,1,1,0,4,A,-,11,21954,A,N,G,B,E,A,H,-,E,D,0,Y,,,,Y,,N,60,0,0,0,1,0,0,0,0,0,"- ","- ",34.092140197753906,-117.27873992919922,"SAN BERNARDINO","SAN BERNARDINO",-117.27874755859375,34.094875335693359
9521063,2022,2022-10-31,3600,2022-09-20,1420,H9013,HE422,2,5,5,3619,0,0,0,,0,HE4,"ARROWHEAD LAKE RD","RANCHERO RD",2134.00,S,N,A,-,N,,,,,,,,,,Y,2,0,1,1,B,-,22,,,N,F,A,A,-,G,-,A,D,0,,,Y,,Y,,C,06,1,0,0,0,0,0,0,0,1,"- ","- ",34.382431030273438,-117.25665283203125,"SAN BERNARDINO",HESPERIA,-117.25209045410156,34.388084411621094
9521100,2022,2022-10-31,3610,2022-09-04,1521,51344,,7,5,6,3610,0,0,0,,0,DAVID,"SOUTH WATERMAN AV","BARTON RD",0.00,,Y,B,-,N,,,,,,,,,,Y,2,0,1,3,A,-,08,22107,,N,G,B,F,A,H,-,A,A,0,Y,,,,Y,,A,01,1,0,0,0,1,0,0,0,0,"- ","- ",34.051731109619141,-117.27870178222656,"SAN BERNARDINO","SAN BERNARDINO",-117.27872467041016,34.051914215087891
9521468,2022,2023-01-20,3608,2022-10-12,1345,4345,,3,5,5,3608,0,0,0,,0,,"LUGONIA AV","DEARBORN ST",0.00,,Y,A,-,Y,SBD,8,38,-,-,2.549,I,5,E,Y,2,0,1,2,A,-,12,21453,A,N,D,C,A,A,H,-,A,A,0,,,Y,,Y,,C,02,1,0,0,0,0,0,0,0,1,"- ","- ",,,"SAN BERNARDINO",REDLANDS,-117.14765167236328,34.070098876953125
9522571,2022,2022-12-09,3600,2022-08-12,2050,G9601,VC057,5,5,5,3612,0,0,0,,0,VC5,"SENECA RD","CAROB ST",34.00,E,N,A,-,N,,,,,,,,,,Y,2,0,1,1,D,-,00,,,N,E,A,A,A,C,-,C,D,0,,,Y,,Y,Y,-,"- ",1,0,0,0,0,0,0,0,1,"- ","- ",34.514949798583984,-117.34149169921875,"SAN BERNARDINO",VICTORVILLE,-117.34131622314453,34.514072418212891
9523047,2022,2023-01-30,3603,2022-12-07,0732,4861,CPD,3,5,4,3603,0,0,0,,0,001,"N RANCHO AV","W OLIVE ST",135.00,S,N,A,-,N,,,,,,,,,,Y,2,0,1,1,A,-,05,21650,,N,E,I,A,A,H,-,A,D,0,,,Y,,Y,,C,02,1,0,0,0,0,0,0,0,1,"- ","- ",34.077598571777344,-117.33493804931641,"SAN BERNARDINO",COLTON,-117.33496856689453,34.07720947265625
9525960,2022,2023-02-08,3610,2022-12-15,1221,50500,,4,5,6,3610,0,0,0,,0,POLICE,"N LITTLE MOUNTAIN DR","W EDGEHILL RD",1762.00,N,N,A,-,N,,,,,,,,,,Y,2,0,1,1,A,-,08,22107,1,N,E,I,A,A,H,-,A,D,0,,,Y,,Y,,C,02,1,0,0,0,0,0,0,0,1,"- ","- ",,,"SAN BERNARDINO","SAN BERNARDINO",-117.32193756103516,34.1575927734375
9527058,2022,2023-02-10,3610,2022-12-24,1818,51324,,6,5,6,3610,0,0,0,,0,,"N SEPULVEDA AV","NORTH SIERRA WY",0.00,,Y,A,-,N,,,,,,,,,,Y,2,0,8,3,A,-,09,21802,A,N,D,C,A,A,H,-,C,A,0,,,,,Y,,A,01,1,0,7,0,0,0,0,0,0,"- ","- ",34.171649932861328,-117.28279876708984,"SAN BERNARDINO","SAN BERNARDINO",-117.28279113769531,34.171649932861328
9530615,2022,2022-12-14,3605,2022-11-11,1900,452,,5,5,4,3605,0,0,0,,0,,"RAMONA AV","BANDERA ST",0.00,,Y,A,-,N,,,,,,,,,,N,2,0,1,2,A,-,12,22450,A,N,D,G,A,A,H,-,D,D,0,,Y,,,Y,,L,04,1,0,0,0,0,0,1,0,0,"- ","- ",34.064968109130859,-117.70703887939453,"SAN BERNARDINO",MONTCLAIR,-117.70702362060547,34.064945220947266
9532094,2022,2022-11-14,3603,2022-01-03,0604,4991,CPD,1,5,4,3603,0,0,0,,0,004,"WASHINGTON ST","S VIA DE LA ZANJA LN",65.00,E,N,A,-,N,,,,,,,,,,N,2,0,1,2,A,-,11,21955,,N,G,B,D,A,H,-,B,D,0,Y,,,,Y,,N,60,1,0,0,0,1,0,0,0,0,"- ","- ",34.047809600830078,-117.30164337158203,"SAN BERNARDINO",COLTON,,
9533051,2022,2023-01-19,3600,2022-11-10,2220,I6865,VC074,4,5,5,3612,0,0,0,,0,VC6,"MOJAVE DR","JERALDO DR",0.00,,Y,A,-,N,,,,,,,,,,N,2,0,1,2,A,-,03,22350,,N,G,B,B,A,H,-,C,A,0,Y,,,,Y,,A,01,1,0,0,0,1,0,0,0,0,"- ","- ",34.528621673583984,-117.33535003662109,"SAN BERNARDINO",VICTORVILLE,-117.33537292480469,34.52862548828125
9533951,2022,2023-02-15,3600,2022-09-25,2000,I7912,VC066,7,5,5,3612,0,0,0,,0,VC4,"LA MESA RD","AMARGOSA RD",14.00,W,N,A,-,N,,,,,,,,,,Y,2,0,2,3,A,-,03,22350,,N,C,-,A,A,H,-,C,A,0,,,Y,,Y,,A,01,2,0,0,0,0,0,0,0,2,"- ","- ",34.44866943359375,-117.36366271972656,"SAN BERNARDINO",VICTORVILLE,-117.33720397949219,34.485431671142578
9535910,2023,2023-03-07,3604,2023-01-17,1851,680,,2,5,6,3604,0,0,0,,0,,"SANTA ANA AV","CYPRESS AV",0.00,,Y,A,-,N,,,,,,,,,,Y,2,0,1,2,A,-,12,21453,A,N,D,C,A,A,H,-,C,A,0,,,Y,,Y,,C,02,1,0,0,0,0,0,0,0,1,"- ","- ",,,"SAN BERNARDINO",FONTANA,-117.44432830810547,34.055755615234375
9537160,2022,2022-12-28,3610,2022-11-13,1754,51360,,7,5,6,3610,0,0,0,,0,POLICE,"W BASELINE ST","TIAJUANA ST",39.00,W,N,A,-,N,,,,,,,,,,Y,2,0,1,2,A,-,11,21954,A,N,G,B,D,A,H,-,C,D,0,Y,,,,Y,,N,60,1,0,0,0,1,0,0,0,0,"- ","- ",,,"SAN BERNARDINO","SAN BERNARDINO",-117.32186126708984,34.121318817138672
9537757,2022,2023-01-12,3600,2022-12-06,2220,10430,YC302,2,5,4,3640,0,0,0,,0,YC2,"2ND ST","WILDWOOD CANYON RD",860.00,N,N,A,-,N,,,,,,,,,,Y,2,0,1,2,A,-,01,23152,F,N,C,E,A,A,H,-,D,D,0,,,,,Y,,A,01,1,0,0,0,0,0,0,0,0,"- ","- ",34.018180847167969,-117.04326629638672,"SAN BERNARDINO",YUCAIPA,-117.04320526123047,34.018096923828125
9539350,2022,2023-02-01,3600,2022-08-13,1824,G5388,RC052,6,5,6,3616,0,0,0,,0,004,"GROVE AV","FOOTHILL BL",185.00,N,N,A,-,N,,,,,,,,,,Y,2,0,4,2,A,-,03,22350,,N,A,C,A,A,H,-,A,D,0,,,,,Y,,A,01,1,3,0,0,0,0,0,0,0,"- ","- ",,,"SAN BERNARDINO","RANCHO CUCAMONGA",-117.62850952148438,34.107227325439453
9541859,2022,2023-01-12,3600,2022-11-07,2133,G9801,VC070,1,5,5,3612,0,0,0,,0,VC5,"PALMDALE RD","PALMDALE RD 12807",0.00,,N,-,-,N,,,,,,,,,,Y,2,0,1,2,A,-,03,22350,,M,-,-,A,-,-,-,-,-,0,,,,,Y,,A,01,1,0,0,0,0,0,0,0,0,"- ","- ",34.506629943847656,-117.38365936279297,"SAN BERNARDINO",VICTORVILLE,-117.32326507568359,34.507682800292969
9541860,2022,2023-01-12,3600,2022-11-19,2016,G9801,VC059,6,5,5,3612,0,0,0,,0,VC4,"BEAR VALLEY RD","COBALT RD",0.00,,N,A,-,N,,,,,,,,,,Y,2,0,1,2,A,-,09,21801,,N,D,C,A,A,H,-,C,D,0,,,Y,,Y,Y,A,01,1,0,0,0,0,0,0,0,0,"- ","- ",34.470401763916016,-117.37315368652344,"SAN BERNARDINO",VICTORVILLE,-117.37313842773438,34.470359802246094
9547255,2022,2023-02-22,3600,2022-10-09,0058,A9947,RC033,7,5,6,3616,0,0,0,,0,005,"ARROW RT","HERMOSA AV",0.00,,Y,A,-,N,,,,,,,,,,Y,2,0,3,2,A,-,01,23153,A,N,D,C,A,A,H,-,C,A,0,,,,,Y,Y,A,01,2,0,1,0,0,0,0,0,0,"- ","- ",,,"SAN BERNARDINO","RANCHO CUCAMONGA",-117.58467102050781,34.099281311035156
9549102,2023,2023-03-13,3608,2023-01-22,1513,5161,,7,5,5,3608,0,0,0,,0,,"E SUNSET DR","HELEN DR",158.00,E,N,A,-,N,,,,,,,,,,N,2,0,1,2,A,-,03,22350,A,N,G,B,E,A,H,-,A,A,0,Y,,,,Y,,A,01,1,0,0,0,1,0,0,0,0,"- ","- ",34.139999389648438,-117.51399993896484,"SAN BERNARDINO",REDLANDS,-117.13771057128906,34.017696380615234
9552707,2023,2023-03-04,3600,2023-02-06,1823,J3474,AP022,1,5,5,3621,0,0,0,,0,AP4,"BEAR VALLEY RD","CENTRAL RD",0.00,,N,A,-,N,,,,,,,,,,Y,2,0,2,2,A,-,01,23153,A,N,C,C,A,A,H,-,C,A,0,,,,Y,Y,Y,A,07,1,0,1,0,0,0,0,0,0,"- ","- ",,,"SAN BERNARDINO","APPLE VALLEY",-117.17265319824219,34.471611022949219
9553082,2023,2023-04-07,3603,2023-02-03,2052,4901,CPD,5,5,4,3603,0,0,0,,0,003,"LA CADENA DR","L ST",229.00,N,N,A,-,N,,,,,,,,,,N,2,0,1,2,A,-,11,21954,A,N,G,B,E,A,H,-,C,D,0,Y,,,,Y,,N,60,1,0,0,0,1,0,0,0,0,"- ","- ",34.063228607177734,-117.32508850097656,"SAN BERNARDINO",COLTON,-117.32496643066406,34.063827514648438
9554395,2023,2023-03-20,3605,2023-02-11,1913,472,,6,5,4,3605,0,0,0,,0,,"MORENO AV","BENSON AV",250.00,W,N,A,-,N,,,,,,,,,,N,2,0,1,2,A,-,11,21954,A,F,G,B,D,A,H,-,C,A,0,Y,,,,Y,,N,60,1,0,0,0,1,0,0,0,0,"- ","- ",34.088741302490234,-117.68097686767578,"SAN BERNARDINO",MONTCLAIR,-117.68169403076172,34.088729858398438
9555216,2023,2023-04-26,3600,2023-02-03,2010,G9800,AD316,5,5,3,3613,0,0,0,,0,AD2,"PALMDALE RD","CAUGHLIN RD",0.00,,Y,A,-,Y,SBD,8,18,-,-,105.890,H,-,S,Y,2,0,2,2,A,-,08,22107,A,N,B,C,A,A,H,-,C,A,0,,,,,Y,,A,07,2,0,0,0,0,0,0,0,0,"- ","- ",,,"SAN BERNARDINO",ADELANTO,-117.48607635498047,34.506980895996094
9557671,2023,2023-07-17,3600,2023-06-20,1411,F3800,YC107,2,5,4,3640,0,0,0,,0,1411,"AVE E","3RD ST",0.00,,Y,A,-,N,,,,,,,,,,N,2,0,1,2,A,-,09,21801,A,N,D,C,A,A,H,-,A,A,0,,,Y,,Y,,D,22,1,0,0,0,0,0,0,0,1,"- ","- ",,,"SAN BERNARDINO",YUCAIPA,-117.04750061035156,34.026535034179688
9557854,2023,2023-03-20,3610,2023-02-07,1822,50562,,2,5,6,3610,0,0,0,,0,,"N MACY ST","ADAMS ST",252.00,N,N,A,-,N,,,,,,,,,,N,2,0,1,2,A,-,11,21956,,N,G,B,E,A,H,-,D,D,0,Y,,,,Y,,N,60,1,0,0,0,1,0,0,0,0,"- ","- ",34.13848876953125,-117.34017944335938,"SAN BERNARDINO","SAN BERNARDINO",-117.33985137939453,34.138149261474609
9558684,2023,2023-03-29,3610,2023-02-03,1741,51382,,5,5,6,3610,0,0,0,,0,,"W 3RD ST","RT 215",64.00,W,N,A,-,N,,,,,,,,,,Y,2,0,1,2,A,-,08,22107,1,N,G,B,F,A,H,-,C,A,0,Y,,,,Y,Y,A,07,1,0,0,0,1,0,0,0,0,"- ",SF,34.104579925537109,-117.30223083496094,"SAN BERNARDINO","SAN BERNARDINO",,
9558705,2023,2023-03-22,3600,2023-02-12,2243,I1628,YV005,7,5,3,3631,0,0,0,,0,YV1,"ONAGA TRL","KICKAPOO TRL",0.00,,Y,A,-,N,,,,,,,,,,Y,2,0,2,1,A,-,01,23153,,N,A,I,A,A,H,-,C,A,0,,,,,Y,Y,A,01,2,0,0,0,0,0,0,0,0,"- ","- ",34.112049102783203,-116.45791625976562,"SAN BERNARDINO","YUCCA VALLEY",-116.45783233642578,34.112033843994141
9559249,2023,2023-03-22,3600,2023-02-09,2132,I1565,AP001,4,5,5,3621,0,0,0,,0,AP1,"DALE EVANS PKWY","LAFAYETTE ST",0.00,,Y,A,-,N,,,,,,,,,,Y,2,0,1,2,A,-,09,21802,A,N,B,C,A,A,H,-,D,D,0,,,Y,,Y,,-,"- ",1,0,0,0,0,0,0,0,0,"- ","- ",,,"SAN BERNARDINO","APPLE VALLEY",-117.20691680908203,34.593730926513672
9565157,2023,2023-05-11,3603,2023-01-28,2129,4546,CPD,6,5,4,3603,0,0,0,,0,003,"W AGUA MANSA RD","HOPKINS RD",1100.00,E,N,A,-,N,,,,,,,,,,Y,2,0,1,2,A,-,01,23152,A,N,C,E,A,A,H,-,C,D,0,,,,Y,Y,Y,A,01,1,0,0,0,0,0,0,0,0,"- ","- ",34.049468994140625,-117.35389709472656,"SAN BERNARDINO",COLTON,,
9565292,2023,2023-05-26,3604,2023-03-23,"114 ",1163,,4,5,6,3604,0,0,0,,0,,"SIERRA AV","RANDALL AV",255.00,S,N,A,-,N,,,,,,,,,,Y,2,0,1,1,A,-,01,23152,A,N,E,I,A,A,H,-,C,D,0,,,,,Y,Y,A,01,1,0,0,0,0,0,0,0,0,"- ","- ",,,"SAN BERNARDINO",FONTANA,-117.43570709228516,34.084152221679688
9568367,2023,2023-03-30,3605,2023-01-13,1954,481,,5,5,4,3605,0,0,0,,0,,"MONTE VISTA AV","ORCHARD ST",0.00,,Y,A,-,N,,,,,,,,,,Y,2,0,3,2,A,-,01,23152,A,N,D,C,A,A,H,-,C,A,0,,,,,Y,Y,A,01,2,0,1,0,0,0,0,0,0,"- ","- ",34.07025146484375,-117.69831085205078,"SAN BERNARDINO",MONTCLAIR,-117.69830322265625,34.07037353515625
9568378,2023,2023-03-30,3600,2023-01-30,1719,I2283,AP021,1,5,5,3621,0,0,0,,0,AP4,"TUSSING RANCH RD","EDISON POLE 4200306E",10.00,W,N,A,-,N,,,,,,,,,,N,2,0,2,1,A,-,03,38305,,N,F,A,A,A,H,-,D,D,0,,,Y,,Y,,C,06,1,1,0,0,0,0,0,0,2,"- ","- ",,,"SAN BERNARDINO","APPLE VALLEY",,
9573780,2023,2023-04-24,3610,2023-03-08,"5   ",51440,,3,5,6,3610,0,0,0,,0,,"N MT VERNON AV","W 21ST ST",0.00,,Y,A,-,N,,,,,,,,,,Y,2,0,2,1,A,-,03,22350,,N,E,I,A,A,H,-,C,A,0,,,,,Y,,A,01,1,1,0,0,0,0,0,0,0,"- ","- ",,,"SAN BERNARDINO","SAN BERNARDINO",-117.31410980224609,34.1346435546875
9573997,2023,2023-06-02,3610,2023-03-31,2500,51454,,5,5,6,3610,0,0,0,,0,,"W RIALTO AVE","J ST",164.00,E,N,A,-,N,,,,,,,,,,Y,2,0,1,2,A,-,08,22105,,F,A,C,A,A,H,-,A,D,0,,,Y,,Y,,A,01,1,0,0,0,0,0,0,0,1,"- ","- ",34.100841522216797,-117.30539703369141,"SAN BERNARDINO","SAN BERNARDINO",-117.30487060546875,34.100849151611328
9575656,2023,2023-07-27,3600,2023-06-11,1705,J3215,VC060,7,5,5,3612,0,0,0,,0,VC4,"BEAR VALLEY RD","MONTE VISTA RD",0.00,,Y,A,-,N,,,,,,,,,,Y,2,0,5,3,A,-,09,21801,A,N,A,C,A,A,H,-,A,D,0,,,,,Y,,D,22,1,4,0,0,0,0,0,0,0,"- ","- ",,,"SAN BERNARDINO",VICTORVILLE,-117.43473052978516,34.470260620117188
9583771,2023,2023-08-09,3600,2023-03-26,"211 ",J2784,AD311,7,5,3,3613,0,0,0,,0,AD2,"RT 395","MOJAVE DR",0.00,,Y,A,-,Y,SBD,8,395,-,-,12.650,H,-,N,Y,2,0,3,2,A,-,01,23153,,N,A,C,A,A,H,-,C,A,0,,,,,Y,Y,A,01,3,0,0,0,0,0,0,0,0,"- ","- ",34.528530120849609,-117.39943695068359,"SAN BERNARDINO",ADELANTO,-117.39945220947266,34.528755187988281
9584171,2023,2023-05-19,3600,2023-03-18,1057,G7670,AP025,6,5,5,3621,0,0,0,,0,AP03,"REATA RD","BAY MEADOWS DR",313.00,S,N,A,-,N,,,,,,,,,,N,2,0,1,2,A,-,09,21804,A,N,D,C,A,A,H,-,A,D,0,,,Y,,Y,,A,01,1,0,0,0,0,0,0,0,1,"- ","- ",,,"SAN BERNARDINO","APPLE VALLEY",-117.24525451660156,34.471942901611328
9590615,2023,2023-06-16,3600,2023-05-27,"720 ",H7533,,6,5,4,3618,0,0,0,,0,HI1,"TIPPENCANOE AV","3RD ST",0.00,,-,A,-,N,,,,,,,,,,Y,2,0,1,1,A,-,03,22350,,N,F,I,A,A,H,-,A,A,0,,,,,Y,,A,01,1,0,0,0,0,0,0,0,0,"- ","- ",34.105018615722656,-117.25991058349609,"SAN BERNARDINO",HIGHLAND,-117.25965118408203,34.104564666748047
9591152,2023,2023-07-12,3610,2023-05-03,1538,51338,,3,5,6,3610,0,0,0,,0,,"NORTH WATERMAN AV","EAST HIGHLAND AV",0.00,N,N,A,-,N,,,,,,,,,,N,2,0,1,2,A,-,08,22107,,N,B,C,A,A,H,-,A,D,0,,,Y,,Y,,A,01,1,0,0,0,0,0,0,0,1,"- ","- ",34.135921478271484,-117.27873992919922,"SAN BERNARDINO","SAN BERNARDINO",-117.27876281738281,34.135929107666016
9591678,2023,2023-07-18,3610,2023-04-30,1433,51196,,7,5,6,3610,0,0,0,,0,,"EAST HIGHLAND AV","N DEL ROSA AV",0.00,,Y,A,-,N,,,,,,,,,,Y,2,0,8,8,A,-,12,21453,A,N,D,C,A,A,H,-,A,A,0,,,,,Y,,A,07,2,1,5,0,0,0,0,0,0,"- ","- ",34.135860443115234,-117.25238037109375,"SAN BERNARDINO","SAN BERNARDINO",-117.25240325927734,34.135856628417969
9593190,2023,2023-07-20,3604,2023-06-09,"215 ",1471,,5,5,6,3604,0,0,0,,0,003,"GRANADA AV","WILLIAMS RD",0.00,,Y,A,-,N,,,,,,,,,,N,2,0,1,2,A,-,11,21955,,F,G,B,D,A,H,-,D,D,0,Y,,,,Y,Y,N,60,1,0,0,0,1,0,0,0,0,"- ","- ",,,"SAN BERNARDINO",FONTANA,-117.40741729736328,34.090793609619141
9594096,2023,2025-06-25,3610,2023-05-17,1204,50789,,3,5,6,3610,0,0,0,,0,,"N MOUNTAIN VIEW AV","11TH ST",25.00,S,N,A,-,N,,,,,,,,,,Y,1,1,1,3,A,-,01,23152,F,N,C,C,A,A,H,-,A,D,0,,,,,Y,,A,07,1,0,0,0,0,0,0,0,0,"- ","- ",34.119060516357422,-117.28719329833984,"SAN BERNARDINO","SAN BERNARDINO",-117.28739929199219,34.119422912597656
9594107,2023,2023-07-26,3610,2023-05-26,"154 ",51367,,5,5,6,3610,0,0,0,,0,,"W RIALTO AV","W RIALTO AV 2390",59.00,W,N,A,-,N,,,,,,,,,,N,2,0,1,2,A,-,08,22107,,N,G,B,F,A,H,-,C,D,0,Y,,,,Y,,-,,1,0,0,0,1,0,0,0,0,"- ","- ",,,"SAN BERNARDINO","SAN BERNARDINO",-117.35542297363281,34.099521636962891
9595679,2023,2023-07-06,3601,2023-02-23,1758,P38,BARST,4,5,3,3601,0,0,0,,0,002,"RIVERSIDE DR","BLOCK OF RIVERSIDE",0.00,,N,B,G,N,,,,,,,,,,N,2,0,1,2,A,-,"- ",,,N,A,G,F,A,H,-,B,D,0,Y,,,,Y,,N,60,1,0,0,0,1,0,0,0,0,"- ","- ",34.891319274902344,-116.99819946289062,"SAN BERNARDINO",BARSTOW,-117.26986694335938,34.524394989013672
9597880,2023,2023-10-24,3610,2023-06-24,1256,51456,,6,5,6,3610,0,0,0,,0,,"W KENDALL DR","H ST",528.00,N,N,A,-,N,,,,,,,,,,Y,2,0,1,1,A,-,08,22107,,N,E,I,A,A,H,-,-,D,0,,,,,Y,,M,96,1,0,0,0,0,0,0,0,0,"- ","- ",,,"SAN BERNARDINO","SAN BERNARDINO",-117.30204772949219,34.162567138671875
9598253,2023,2023-09-12,3600,2023-04-02,1630,G4514,RC011,7,5,6,3616,0,0,0,,0,RC3,"DAY CREEK BL","HIGHLAND AV",0.00,,Y,A,-,N,,,,,,,,,,Y,2,0,2,2,A,-,12,21453,A,N,D,C,A,A,H,-,A,A,0,,,Y,,Y,,O,05,1,1,0,0,0,0,0,0,1,"- ","- ",,,"SAN BERNARDINO","RANCHO CUCAMONGA",-117.53684997558594,34.134868621826172
9598254,2023,2023-08-15,3600,2023-04-01,1719,C9389,RC043,6,5,6,3616,0,0,0,,0,RC1,"BERYL ST","WILSON AV",0.00,,Y,A,-,N,,,,,,,,,,Y,2,0,1,2,A,-,01,23152,A,N,D,C,A,A,H,-,A,D,0,,,Y,,Y,Y,C,02,1,0,0,0,0,0,0,0,1,"- ","- ",,,"SAN BERNARDINO","RANCHO CUCAMONGA",-117.60744476318359,34.150012969970703
9598562,2023,2023-07-18,3600,2023-05-20,2030,H8342,MBL1,6,5,3,3631,0,0,0,,0,0YV,"YUCCA TER","DUMOSA AV",300.00,W,N,A,-,N,,,,,,,,,,N,2,0,1,2,A,-,03,22350,,F,G,B,C,A,H,-,D,D,0,Y,,,,Y,Y,-,,1,0,0,0,1,0,0,0,0,"- ","- ",34.120578765869141,-116.41671752929688,"SAN BERNARDINO","YUCCA VALLEY",-116.41878509521484,34.120590209960938
9599259,2023,2024-01-26,3600,2023-11-23,"22  ",F6893,CH072,4,5,5,3630,0,0,0,,0,CH4,"FAIRFIELD RANCH RD","STANFIELD CT",315.00,N,N,A,-,N,,,,,,,,,,Y,2,0,1,1,A,-,03,22350,,N,A,I,A,A,H,-,C,D,0,,,Y,,Y,Y,C,02,1,0,0,0,0,0,0,0,1,"- ","- ",,,"SAN BERNARDINO","CHINO HILLS",-117.681640625,33.961174011230469
9600594,2023,2023-08-10,3600,2023-06-15,1829,J4131,AP018,4,5,5,3621,0,0,0,,0,AP4,"YUCCA LOMA RD","RANCHERIAS RD",0.00,,Y,A,-,N,,,,,,,,,,Y,2,0,2,3,A,-,09,21801,A,N,A,C,A,A,H,-,B,A,0,,,,,Y,,A,07,1,0,1,0,0,0,0,0,0,"- ","- ",,,"SAN BERNARDINO","APPLE VALLEY",-117.1961669921875,34.500518798828125
9602251,2023,2023-08-11,3610,2023-06-30,1522,51324,,5,5,6,3610,0,0,0,,0,,"N TIPPECANOE AVE","E 9TH ST",0.00,,Y,A,-,N,,,,,,,,,,Y,2,0,3,2,A,-,12,21453,A,N,D,C,A,A,H,-,A,A,0,,,,,Y,,A,01,1,1,1,0,0,0,0,0,0,"- ","- ",34.115829467773438,-117.26097106933594,"SAN BERNARDINO","SAN BERNARDINO",-117.26099395751953,34.115741729736328
9602252,2023,2024-06-24,3610,2023-06-30,1930,51341,,5,5,6,3610,0,0,0,,0,,"W 4TH ST","RT 66",0.00,,Y,A,-,Y,SBD,8,66,-,-,21.350,H,-,E,Y,1,1,2,2,A,-,01,23152,,N,A,C,A,A,H,-,A,A,0,,,,,Y,,A,01,0,0,2,0,0,0,0,0,0,"- ","- ",,,"SAN BERNARDINO","SAN BERNARDINO",-117.33163452148438,34.106586456298828
9602837,2023,2023-08-02,3610,2023-06-03,2102,51366,,6,5,6,3610,0,0,0,,0,,"N G ST","W 11TH ST",0.00,,Y,A,-,N,,,,,,,,,,N,2,0,1,2,A,-,09,21801,A,F,A,C,A,A,H,-,D,A,0,,,Y,,Y,,A,01,1,0,0,0,0,0,0,0,1,"- ","- ",34.120231628417969,-117.29900360107422,"SAN BERNARDINO","SAN BERNARDINO",-117.29866027832031,34.119415283203125
9604168,2023,2024-07-03,3600,2023-10-11,1421,G5390,TW01,3,5,3,3617,0,0,0,,0,0TW,"RT 62","CRESTVIEW DR",0.00,,Y,A,-,Y,SBD,8,62,-,-,27.670,H,-,E,Y,1,1,3,3,A,-,03,22350,,N,C,-,A,A,H,-,A,A,0,,,,Y,Y,,A,07,1,2,0,0,0,0,0,0,0,"- ","- ",34.1351318359375,-116.15091705322266,"SAN BERNARDINO","TWENTYNINE PALMS",-116.15102386474609,34.134986877441406