CASE_ID,ACCIDENT_YEAR,PROC_DATE,JURIS,COLLISION_DATE,COLLISION_TIME,OFFICER_ID,REPORTING_DISTRICT,DAY_OF_WEEK,CHP_SHIFT,POPULATION,CNTY_CITY_LOC,SPECIAL_COND,BEAT_TYPE,CHP_BEAT_TYPE,CITY_DIVISION_LAPD,CHP_BEAT_CLASS,BEAT_NUMBER,PRIMARY_RD,SECONDARY_RD,DISTANCE,DIRECTION,INTERSECTION,WEATHER_1,WEATHER_2,STATE_HWY_IND,CALTRANS_COUNTY,CALTRANS_DISTRICT,STATE_ROUTE,ROUTE_SUFFIX,POSTMILE_PREFIX,POSTMILE,LOCATION_TYPE,RAMP_INTERSECTION,SIDE_OF_HWY,TOW_AWAY,COLLISION_SEVERITY,NUMBER_KILLED,NUMBER_INJURED,PARTY_COUNT,PRIMARY_COLL_FACTOR,PCF_CODE_OF_VIOL,PCF_VIOL_CATEGORY,PCF_VIOLATION,PCF_VIOL_SUBSECTION,HIT_AND_RUN,TYPE_OF_COLLISION,MVIW,PED_ACTION,ROAD_SURFACE,ROAD_COND_1,ROAD_COND_2,LIGHTING,CONTROL_DEVICE,CHP_ROAD_TYPE,PEDESTRIAN_ACCIDENT,BICYCLE_ACCIDENT,MOTORCYCLE_ACCIDENT,TRUCK_ACCIDENT,NOT_PRIVATE_PROPERTY,ALCOHOL_INVOLVED,STWD_VEHTYPE_AT_FAULT,CHP_VEHTYPE_AT_FAULT,COUNT_SEVERE_INJ,COUNT_VISIBLE_INJ,COUNT_COMPLAINT_PAIN,COUNT_PED_KILLED,COUNT_PED_INJURED,COUNT_BICYCLIST_KILLED,COUNT_BICYCLIST_INJURED,COUNT_MC_KILLED,COUNT_MC_INJURED,PRIMARY_RAMP,SECONDARY_RAMP,LATITUDE,LONGITUDE,COUNTY,CITY,POINT_X,POINT_Y
9605242,2023,2024-02-16,3610,2023-12-15,1811,51382,,5,5,6,3610,0,0,0,,0,,"40TH ST","H ST",0.00,,Y,A,-,N,,,,,,,,,,N,2,0,1,2,A,-,10,21950,A,F,G,B,B,A,H,-,C,A,0,Y,,,,Y,,A,07,1,0,0,0,1,0,0,0,0,"- ","- ",34.16461181640625,-117.30039978027344,"SAN BERNARDINO","SAN BERNARDINO",-117.30049133300781,34.16461181640625
9608960,2023,2023-09-11,3600,2023-07-14,2236,I1628,YV1,5,5,3,3631,0,0,0,,0,YV1,"PUEBLO TR","DUMOSA AV",0.00,,Y,A,-,N,,,,,,,,,,Y,2,0,1,2,A,-,09,21802,A,F,D,C,A,A,H,-,D,A,0,,,,,Y,Y,A,01,1,0,0,0,0,0,0,0,0,"- ","- ",34.115970611572266,-116.41726684570312,"SAN BERNARDINO","YUCCA VALLEY",-116.41728210449219,34.115947723388672
9610042,2023,2023-08-22,3600,2023-05-08,2038,F6904,RC005,1,5,6,3616,0,0,0,,0,RC6,"CHURCH ST","ARBOR LN",0.00,,Y,A,-,N,,,,,,,,,,Y,2,0,1,2,A,-,09,21801,A,N,D,C,A,A,H,-,C,A,0,,,Y,,Y,,A,01,1,0,0,0,0,0,0,0,1,"- ","- ",,,"SAN BERNARDINO","RANCHO CUCAMONGA",-117.53199768066406,34.114913940429688
9610855,2023,2023-09-11,3600,2023-06-30,1128,G7659,VC053,5,5,5,3612,0,0,0,,0,VC5,"CIVIC DR","SENECA RD",453.00,S,N,A,-,N,,,,,,,,,,N,2,0,1,2,A,-,11,21956,A,N,A,B,D,A,H,-,A,A,0,Y,,,,Y,,N,60,1,0,0,0,1,0,0,0,0,"- ","- ",,,"SAN BERNARDINO",VICTORVILLE,-117.32366180419922,34.513057708740234
9611514,2023,2023-09-27,3600,2023-06-03,2220,F9717,,6,5,5,3612,0,0,0,,0,VC3,"BEAR VALLEY RD","HESPERIA RD",131.00,E,N,A,-,N,,,,,,,,,,Y,2,0,1,2,A,-,08,22107,,N,C,C,A,A,H,-,C,D,0,,,Y,,Y,,A,01,1,0,0,0,0,0,0,0,1,"- ","- ",,,"SAN BERNARDINO",VICTORVILLE,-117.29153442382812,34.470928192138672
9611782,2023,2023-08-28,3601,2023-05-30,"354 ",P39,BARST,2,5,3,3601,0,0,0,,0,PATROL,"E MOUNTAIN VIEW","MURIEL DR",7.00,N,N,A,-,N,,,,,,,,,,Y,2,0,1,1,A,-,00,23103,A,N,E,J,A,A,H,-,C,A,0,,,,,Y,Y,A,01,1,0,0,0,0,0,0,0,0,"- ","- ",,,"SAN BERNARDINO",BARSTOW,-117.01226043701172,34.893821716308594
9613153,2023,2023-09-06,3610,2023-08-13,"144 ",51367,,7,5,6,3610,0,0,0,,0,,"W 5TH ST","5TH ST",19.00,S,N,A,-,N,,,,,,,,,,N,2,0,1,2,A,-,12,21453,A,N,D,G,A,A,H,-,C,A,0,,Y,,,Y,,L,04,1,0,0,0,0,0,1,0,0,"- ","- ",34.108318328857422,-117.28514099121094,"SAN BERNARDINO","SAN BERNARDINO",-117.30252075195312,34.108348846435547
9613723,2023,2023-10-04,3600,2023-07-23,"804 ",H7582,RC015,7,5,6,3616,0,0,0,,0,RC6,"MILLIKEN AV","ARROW RT",0.00,,Y,A,-,N,,,,,,,,,,Y,2,0,2,2,A,-,12,21453,A,N,C,C,A,A,H,-,A,D,0,,,,,Y,,A,01,1,0,1,0,0,0,0,0,0,"- ","- ",,,"SAN BERNARDINO","RANCHO CUCAMONGA",-117.55582427978516,34.099037170410156
9624017,2023,2023-09-26,3600,2023-04-16,1245,G6721,AP004,7,5,5,3621,0,0,0,,0,AP1,"APPLE VALLEY RD","TUSCOLA RD",0.00,,Y,A,-,N,,,,,,,,,,Y,1,1,0,2,A,-,06,21750,A,N,B,C,A,A,H,-,A,A,0,,,,,Y,,A,07,0,0,0,0,0,0,0,0,0,"- ","- ",,,"SAN BERNARDINO","APPLE VALLEY",-117.26856231689453,34.535736083984375
9624068,2023,2025-06-26,3600,2023-04-02,1823,16865,VC024,7,5,5,3612,0,0,0,,0,VC02,"GREEN TREE BL","RODEO DR",14.00,E,N,A,-,N,,,,,,,,,,N,1,1,1,3,A,-,11,21954,A,N,G,B,D,A,H,-,B,D,0,Y,,,,Y,,-,"- ",0,1,0,1,1,0,0,0,0,"- ","- ",34.53131103515625,-117.29846954345703,"SAN BERNARDINO",VICTORVILLE,-117.30373382568359,34.499961853027344
9624093,2023,2025-06-26,3610,2023-05-27,1437,50967,,6,5,6,3610,0,0,0,,0,,"W UNION ST","N MT VERNON AV 66",0.00,,Y,A,-,N,,,,,,,,,,N,1,1,0,2,A,-,10,21950,A,N,G,B,B,A,H,-,A,D,0,Y,,,,Y,,A,01,0,0,0,1,0,0,0,0,0,"- ","- ",34.114841461181641,-117.31382751464844,"SAN BERNARDINO","SAN BERNARDINO",-117.31385040283203,34.1148681640625
9624098,2023,2023-10-25,3604,2023-07-29,2040,680,,6,5,6,3604,0,0,0,,0,,"CITRUS AV","SLOVER AV",540.00,N,N,-,-,N,,,,,,,,,,Y,1,1,0,2,A,-,08,22107,,N,F,A,A,A,H,-,C,A,0,,,Y,,Y,,C,02,0,0,0,0,0,0,0,1,0,"- ","- ",,,"SAN BERNARDINO",FONTANA,-117.45362091064453,34.064464569091797
9624147,2023,2025-06-26,3600,2023-09-30,"557 ",11592,VC5,6,5,5,3612,0,0,0,,0,VC57,"PALMDALE RD","DEL GADO RD",350.00,E,N,A,-,Y,SBD,8,18,-,-,97.790,H,-,N,N,1,1,0,3,A,-,11,21954,A,N,G,B,D,A,H,-,D,D,0,Y,,,,Y,Y,N,60,0,0,0,1,0,0,0,0,0,"- ","- ",34.506748199462891,-117.34146881103516,"SAN BERNARDINO",VICTORVILLE,-117.34402465820312,34.506805419921875
9624230,2023,2023-11-13,3610,2023-04-21,1821,50469,,5,5,6,3610,0,0,0,,0,,"E SAN BERNARDINO AV","MT VIEW AV",388.00,W,N,A,-,N,,,,,,,,,,Y,1,1,4,8,A,-,03,22350,,N,F,C,A,A,H,-,C,D,0,,,,,Y,,A,07,0,0,4,0,0,0,0,0,0,"- ","- ",,,"SAN BERNARDINO","SAN BERNARDINO",-117.24491882324219,34.077560424804688
9624796,2023,2023-09-19,3608,2023-07-18,2330,4027,,2,5,5,3608,0,0,0,,0,,"FORD ST","RESERVOIR RD",325.00,N,N,A,-,N,,,,,,,,,,Y,2,0,1,1,A,-,01,23152,,N,E,I,A,A,H,-,C,A,0,,,Y,,Y,Y,C,02,1,0,0,0,0,0,0,0,1,"- ","- ",,,"SAN BERNARDINO",REDLANDS,-117.15483856201172,34.042724609375
9627166,2023,2023-10-02,3608,2023-08-20,1640,2916,,7,5,5,3608,0,0,0,,0,,"ORANGE ST","PIONEER AV",280.00,N,N,C,-,N,,,,,,,,,,Y,2,0,1,1,A,-,01,23152,A,N,E,I,A,B,F,-,A,A,0,,,,,Y,Y,A,01,1,0,0,0,0,0,0,0,0,"- ","- ",,,"SAN BERNARDINO",REDLANDS,-117.18238067626953,34.081607818603516
9629151,2023,2023-10-21,3608,2023-09-13,2311,5144,,3,5,5,3608,0,0,0,,0,,"UNIVERSITY ST","CORNELL AV",201.00,N,N,A,-,N,,,,,,,,,,N,2,0,1,2,A,-,11,21954,A,N,G,B,D,A,H,-,C,A,0,Y,,,,Y,,N,60,1,0,0,0,1,0,0,0,0,"- ","- ",,,"SAN BERNARDINO",REDLANDS,-117.16718292236328,34.068851470947266
9633123,2023,2023-11-27,3604,2023-10-28,2336,1339,3604,6,5,6,3604,0,0,0,,0,,"PIAZZA LN","MASSA WY",20.00,W,N,A,G,N,,,,,,,,,,Y,2,0,1,2,A,-,08,22107,,N,A,E,A,A,H,-,C,D,0,,,,,Y,Y,A,01,1,0,0,0,0,0,0,0,0,"- ","- ",,,"SAN BERNARDINO",FONTANA,-117.4569091796875,34.155139923095703
9633125,2023,2023-11-27,3604,2023-10-20,1623,1455,,5,5,6,3604,0,0,0,,0,003,"CATAWBA AV","VALLEY BL",20.00,N,N,A,-,N,,,,,,,,,,N,2,0,1,2,A,-,10,21950,A,F,G,B,B,A,H,-,A,A,0,Y,,,,Y,,A,07,1,0,0,0,1,0,0,0,0,"- ","- ",,,"SAN BERNARDINO",FONTANA,-117.45812225341797,34.070343017578125
9634826,2023,2024-01-18,3600,2023-11-08,1120,I1566,AP008,3,5,5,3621,0,0,0,,0,AP3,"OTTAWA RD","JICARILLA RD",22.00,E,N,A,-,N,,,,,,,,,,Y,2,0,1,1,A,-,08,22107,,N,E,I,A,A,H,-,A,D,0,,,,,Y,,A,01,1,0,0,0,0,0,0,0,0,"- ","- ",,,"SAN BERNARDINO","APPLE VALLEY",-117.20885467529297,34.493129730224609
9636932,2023,2023-11-30,3600,2023-10-24,"430 ",H6891,AD203,2,5,3,3613,0,0,0,,0,AD02,"KOALA RD","BARCELONA AV",15.00,S,N,A,-,N,,,,,,,,,,Y,2,0,1,1,A,-,08,22107,,N,E,I,A,A,H,-,C,A,0,,,,,Y,Y,A,01,1,0,0,0,0,0,0,0,0,"- ","- ",34.592548370361328,-117.45387268066406,"SAN BERNARDINO",ADELANTO,-117.453857421875,34.592449188232422
9637241,2023,2023-11-29,3600,2023-06-06,2145,J1907,AD207,2,5,3,3613,0,0,0,,0,AD01,"RT 395","CHAMBERLAINE WY",14.00,N,N,A,-,Y,SBD,8,395,-,-,16.741,I,5,S,N,2,0,1,2,A,-,17,21200,A,F,G,G,A,A,H,-,C,A,0,,Y,,,Y,Y,A,01,1,0,0,0,0,0,1,0,0,"- ","- ",34.586498260498047,-117.41457366943359,"SAN BERNARDINO",ADELANTO,-117.41455078125,34.586448669433594
9640019,2023,2025-06-27,3600,2023-06-23,"6   ",E8923,HI008,5,5,4,3618,0,0,0,,0,HI2,"CYPRESS ST","GRAPE ST",0.00,,Y,A,-,N,,,,,,,,,,N,1,1,0,2,D,-,00,,,F,G,B,E,A,H,-,C,D,0,Y,,,,Y,,-,"- ",0,0,0,1,0,0,0,0,0,"- ","- ",34.114070892333984,-117.23011016845703,"SAN BERNARDINO",HIGHLAND,-117.22945404052734,34.113994598388672
9640053,2023,2025-06-23,3610,2023-08-09,2022,51428,,3,5,6,3610,0,0,0,,0,,"N 1265 N KENDALL DR","WESTERN AV",128.00,S,N,A,-,N,,,,,,,,,,N,1,1,0,2,A,-,09,21801,A,N,D,G,A,A,H,-,C,D,0,,Y,,,Y,Y,L,04,0,0,0,0,0,1,0,0,0,"- ","- ",,,"SAN BERNARDINO","SAN BERNARDINO",-117.31344604492188,34.167995452880859
9640080,2023,2024-01-23,3600,2023-09-25,"737 ",E3370,RC001,1,5,6,3616,0,0,0,,0,006,"ETIWANDA AV","NAPA ST",350.00,S,N,A,-,N,,,,,,,,,,N,1,1,0,2,A,-,11,21954,A,N,G,B,E,A,H,-,D,D,0,Y,,,,Y,,N,60,0,0,0,1,0,0,0,0,0,"- ","- ",,,"SAN BERNARDINO","RANCHO CUCAMONGA",-117.52385711669922,34.088871002197266
9640101,2023,2025-06-24,3600,2023-11-08,2013,I1592,VC066,3,5,5,3612,0,0,0,,0,VC4,"AMARGOSA RD","MESA ST",691.00,N,N,A,-,N,,,,,,,,,,N,1,1,0,2,D,-,00,,,F,G,B,E,A,H,-,D,D,0,Y,,,,Y,,-,"- ",0,0,0,1,0,0,0,0,0,"- ","- ",34.450408935546875,-117.36238098144531,"SAN BERNARDINO",VICTORVILLE,-117.36248016357422,34.450267791748047
9640176,2023,2025-06-26,3600,2023-12-10,2021,H9013,HE313,7,5,5,3619,0,0,0,,0,HE5,"HESPERIA RD","EDISON POLE #4779950E",30.00,N,N,A,-,N,,,,,,,,,,N,1,1,0,2,A,-,11,21954,A,N,G,B,E,A,H,-,D,D,0,Y,,,,Y,Y,N,60,0,0,0,1,0,0,0,0,0,"- ","- ",,,"SAN BERNARDINO",HESPERIA,,
9640296,2023,2024-03-20,3604,2023-11-26,2130,1139,,7,5,6,3604,0,0,0,,0,,"SAN BERNARDINO AV","SEWELL AV",72.00,E,N,A,G,N,,,,,,,,,,N,1,1,0,2,A,-,11,21954,A,N,G,B,D,A,H,-,C,D,0,Y,,,,Y,,N,60,0,0,0,1,0,0,0,0,0,"- ","- ",,,"SAN BERNARDINO",FONTANA,-117.44091033935547,34.077564239501953
9640301,2024,2024-07-31,3600,2024-01-11,1805,G9467,AP018,4,5,5,3621,0,0,0,,0,AP4,"RT 18","PAWNEE RD",0.00,,Y,A,-,Y,SBD,8,18,-,-,88.629,I,5,S,N,1,1,0,3,A,-,11,21954,A,N,G,B,D,A,H,-,D,D,0,Y,,,,Y,,N,60,0,0,0,1,0,0,0,0,0,"- ","- ",34.500450134277344,-117.1861572265625,"SAN BERNARDINO","APPLE VALLEY",-117.18598175048828,34.50048828125
9640363,2023,2025-06-26,3610,2023-09-29,"141 ",50532,,5,5,6,3610,0,0,0,,0,,"EAST HIGHLAND AV","EUCALYPTUS DR",93.00,E,N,A,-,N,,,,,,,,,,Y,1,1,1,2,A,-,09,21801,A,N,A,C,A,A,H,-,C,D,0,,,Y,,Y,,A,07,0,1,0,0,0,0,0,1,0,"- ","- ",34.136821746826172,-117.22618103027344,"SAN BERNARDINO","SAN BERNARDINO",-117.23173522949219,34.135818481445312
9640458,2024,2024-05-15,3608,2024-03-13,"458 ",4345,"SAN B",3,5,5,3608,0,0,0,,0,,"SAN BERNARDINO AV","CALIFORNIA ST",0.00,,Y,A,-,N,,,,,,,,,,N,1,1,0,2,A,-,11,21456,,N,G,B,B,A,H,-,C,A,0,Y,,,,Y,,N,60,0,0,0,1,0,0,0,0,0,"- ","- ",,,"SAN BERNARDINO",REDLANDS,-117.22618865966797,34.077571868896484
9640483,2023,2024-05-14,3604,2023-07-16,1815,1135,,7,5,6,3604,0,0,0,,0,,"JURUPA AV","MULBERRY AV",11.00,E,N,A,-,N,,,,,,,,,,N,1,1,0,2,A,-,12,21453,A,N,D,G,A,B,H,-,A,A,0,,Y,Y,,Y,,L,04,0,0,0,0,0,1,0,0,0,"- ","- ",34.048110961914062,-117.50694274902344,"SAN BERNARDINO",FONTANA,-117.50695037841797,34.048091888427734
9640509,2024,2024-07-17,3601,2024-01-20,1811,P-40,3601,6,5,3,3601,0,0,0,,0,001,"LENWOOD RD","TUMBLEWEED DR",117.00,S,N,A,-,N,,,,,,,,,,N,1,1,0,2,A,-,11,21954,A,N,G,B,E,B,A,B,D,D,0,Y,,,,Y,Y,N,60,0,0,0,1,0,0,0,0,0,"- ","- ",,,"SAN BERNARDINO",BARSTOW,-117.09542083740234,34.863155364990234
9640570,2023,2025-07-02,3609,2023-03-11,1836,02334,8,6,5,5,3609,0,0,0,,0,001,"RIVERSIDE AV","LOCUST AV",0.00,N,N,B,-,N,,,,,,,,,,Y,1,1,0,2,A,-,11,21954,A,N,G,B,E,A,H,-,C,A,0,Y,,,,Y,,N,60,0,0,0,1,0,0,0,0,0,"- ","- ",34.162448883056641,-117.40963745117188,"SAN BERNARDINO",RIALTO,-117.40963745117188,34.162471771240234
9640577,2023,2025-07-02,3600,2023-09-14,2238,G4526,AP008,4,5,5,3621,0,0,0,,0,AP3,"BEAR VALLEY RD","SAVAGE LN",25.00,W,N,A,-,N,,,,,,,,,,Y,1,1,0,2,A,-,14,25651,A,N,D,C,A,A,H,-,D,D,0,,,Y,,Y,,C,02,0,0,0,0,0,0,0,1,0,"- ","- ",,,"SAN BERNARDINO","APPLE VALLEY",-117.22102355957031,34.471389770507812
9640839,2024,2024-08-06,3600,2024-03-08,1623,G4514,RC024,5,5,6,3616,0,0,0,,0,RC2,"WILSON AV","HAVEN AV",0.00,,Y,A,-,N,,,,,,,,,,Y,1,2,1,1,A,-,03,22349,A,N,E,I,A,A,H,-,A,A,0,,,,,Y,,A,01,0,0,1,0,0,0,0,0,0,"- ","- ",,,"SAN BERNARDINO","RANCHO CUCAMONGA",-117.57582855224609,34.150562286376953
9640881,2024,2024-09-11,3600,2024-06-27,1316,H9747,VC066,4,5,5,3612,0,0,0,,0,VC4,"AMARGOSA RD","EUCALYPTUS RD",920.00,N,N,A,-,N,,,,,,,,,,Y,1,1,1,3,A,-,08,22107,,N,A,C,A,A,H,-,A,D,0,,,,,Y,,A,01,1,0,0,0,0,0,0,0,0,"- ","- ",34.459011077880859,-117.35566711425781,"SAN BERNARDINO",VICTORVILLE,-117.35646057128906,34.457958221435547
9640889,2024,2024-09-23,3610,2024-02-10,2500,50571,,6,5,6,3610,0,0,0,,0,,"N WATERMAN CANYON RD (RT 18)","MILE MARK 9.79",255.00,S,N,B,-,Y,SBD,8,18,-,R,9.730,H,-,N,N,1,1,0,2,A,-,11,21954,A,F,G,B,E,A,H,-,D,D,0,Y,,,,Y,,N,60,0,0,0,1,0,0,0,0,0,"- ","- ",34.182449340820312,-117.27378082275391,"SAN BERNARDINO","SAN BERNARDINO",-117.28250122070312,34.185611724853516
9640958,2024,2024-09-25,3600,2024-08-26,"432 ",H8994,HE326,1,5,5,3619,0,0,0,,0,HE3,"RANCHERO RD","MARIPOSA RD",0.00,,Y,A,-,N,,,,,,,,,,Y,1,2,0,2,A,-,12,21453,A,N,D,C,A,A,H,-,C,A,0,,,,,Y,,D,22,0,0,0,0,0,0,0,0,0,"- ","- ",,,"SAN BERNARDINO",HESPERIA,-117.41136932373047,34.383022308349609
9640972,2024,2024-11-01,3600,2024-04-20,1811,G6192,AP018,6,5,5,3621,0,0,0,,0,AP4,"RT 18","QUINNAULT RD",0.00,,Y,A,-,Y,SBD,8,18,-,-,88.369,I,5,S,Y,1,1,6,2,A,-,12,21453,A,N,D,C,A,A,H,-,A,A,0,,,Y,,Y,,C,02,1,5,0,0,0,0,0,1,0,"- ","- ",,,"SAN BERNARDINO","APPLE VALLEY",-117.18149566650391,34.500518798828125
9641004,2024,2024-10-09,3600,2024-08-15,"24  ",18687,VC016,4,5,5,3612,0,0,0,,0,002,"LA PAZ DR","VALLEY CENTER DR",0.00,,Y,A,-,N,,,,,,,,,,Y,1,3,0,2,A,-,12,21453,A,N,D,G,A,A,H,-,C,A,0,,Y,Y,,Y,,L,04,0,0,0,0,0,1,0,2,0,"- ","- ",34.519741058349609,-117.31732177734375,"SAN BERNARDINO",VICTORVILLE,-117.31588745117188,34.51885986328125
9641006,2024,2024-10-14,3610,2024-04-12,1708,50571,,5,5,6,3610,0,0,0,,0,,"E MARSHALL BL","STERLING AV",0.00,,Y,B,-,N,,,,,,,,,,Y,1,1,0,2,A,-,01,23152,F,N,D,C,A,A,H,-,A,A,0,,,Y,,Y,,C,02,0,0,0,0,0,0,0,1,0,"- ","- ",34.149429321289062,-117.24369049072266,"SAN BERNARDINO","SAN BERNARDINO",-117.24371337890625,34.149436950683594
9642481,2023,2023-12-22,3600,2023-10-06,"4   ",H8249,YC209,5,5,4,3640,0,0,0,,0,YC1,"OAKGLEN RD","CASABLANCA AV",0.00,,Y,A,-,N,,,,,,,,,,Y,2,0,1,1,A,-,03,22350,,N,E,-,A,A,H,-,C,A,0,,,Y,,Y,Y,C,02,1,0,0,0,0,0,0,0,1,"- ","- ",34.048271179199219,-117.00736236572266,"SAN BERNARDINO",YUCAIPA,,
9643946,2023,2024-01-03,3610,2023-11-17,2500,51484,,5,5,6,3610,0,0,0,,0,,"N VICTORIA AV","E LYNWOOD DR",0.00,,Y,A,-,N,,,,,,,,,,Y,2,0,4,2,A,-,12,21453,A,N,D,C,A,A,H,-,A,A,0,,,,,Y,,A,07,2,0,2,0,0,0,0,0,0,"- ","- ",34.146751403808594,-117.22606658935547,"SAN BERNARDINO","SAN BERNARDINO",-117.22599792480469,34.146701812744141
9644297,2023,2023-12-08,3600,2023-10-31,1723,H7582,RC017,2,5,6,3616,0,0,0,,0,RC5,"HAVEN AV","4TH ST",0.00,,Y,A,-,N,,,,,,,,,,Y,2,0,1,2,A,-,08,22107,,N,E,C,A,A,H,-,A,A,0,,,Y,,Y,,C,02,1,0,0,0,0,0,0,0,1,"- ","- ",,,"SAN BERNARDINO","RANCHO CUCAMONGA",-117.57581329345703,34.077457427978516
9647090,2023,2023-12-05,3600,2023-08-12,1508,I5443,HE308,6,5,5,3619,0,0,0,,0,005,"MAIN ST","COTTONWOOD AV",1687.00,E,N,A,-,N,,,,,,,,,,Y,2,0,2,2,A,-,09,21801,A,N,D,C,A,A,H,-,A,D,0,,,Y,,Y,,A,01,1,1,0,0,0,0,0,0,1,"- ","- ",,,"SAN BERNARDINO",HESPERIA,-117.33287048339844,34.427040100097656
9647526,2023,2023-12-19,3600,2023-11-05,1710,I3325,RC055,7,5,6,3616,0,0,0,,0,RC4,"FOOTHILL BL","HIGHRIDGE PL",0.00,,Y,A,-,N,,,,,,,,,,Y,2,0,1,2,A,-,12,21453,A,N,A,C,A,A,H,-,C,A,0,,,,,Y,Y,A,01,1,0,0,0,0,0,0,0,0,"- ","- ",,,"SAN BERNARDINO","RANCHO CUCAMONGA",-117.61529541015625,34.10650634765625
9648822,2023,2024-01-09,3604,2023-11-20,1734,1395,,1,5,6,3604,0,0,0,,0,,"ALDER AV","MALAGA CT",0.00,,Y,A,-,N,,,,,,,,,,Y,2,0,1,2,A,-,09,21802,A,F,D,C,A,A,H,-,C,A,0,,,Y,,Y,,A,01,1,0,0,0,0,0,0,0,1,"- ","- ",,,"SAN BERNARDINO",FONTANA,-117.41838836669922,34.110748291015625
9649366,2023,2024-02-16,3610,2023-12-14,1927,51257,,4,5,6,3610,0,0,0,,0,,"HARWICK DR","HUNTS LN",0.00,,Y,A,-,N,,,,,,,,,,Y,2,0,2,2,A,-,03,22350,,N,D,C,A,A,H,-,C,D,0,,,Y,,Y,,C,02,1,0,1,0,0,0,0,0,1,"- ","- ",,,"SAN BERNARDINO","SAN BERNARDINO",-117.28739929199219,34.053462982177734
9653590,2023,2024-02-29,3600,2023-12-09,1510,C9389,YC209,6,5,4,3640,0,0,0,,0,YC1,"BRYANT ST","OAK GLEN RD",0.00,,Y,A,-,N,,,,,,,,,,Y,2,0,1,2,A,-,09,21804,A,N,D,C,A,A,H,-,A,D,0,,,,,Y,,A,01,1,0,0,0,0,0,0,0,0,"- ","- ",,,"SAN BERNARDINO",YUCAIPA,-117.03446197509766,34.048377990722656
9655944,2024,2024-07-26,3604,2024-01-05,2059,1470,,5,5,6,3604,0,0,0,,0,003,"CITRUS AV","MERRILL AV",31.00,N,N,A,-,N,,,,,,,,,,Y,2,0,1,2,A,-,12,21453,A,N,D,C,A,A,H,-,C,A,0,,,,,Y,,M,94,1,0,0,0,0,0,0,0,0,"- ","- ",,,"SAN BERNARDINO",FONTANA,-117.45367431640625,34.092155456542969
9656441,2023,2024-02-08,3608,2023-11-24,1628,5143,,5,5,5,3608,0,0,0,,0,,"ORANGE ST","E WESTERN AVE",0.00,,Y,A,-,N,,,,,,,,,,Y,2,0,1,2,A,-,09,21802,A,N,D,C,A,A,H,-,A,A,0,,,Y,,Y,,A,01,1,0,0,0,0,0,0,0,1,"- ","- ",,,"SAN BERNARDINO",REDLANDS,-117.18247985839844,34.068202972412109
9656589,2023,2024-01-30,3610,2023-12-11,1913,50532,,1,5,6,3610,0,0,0,,0,,"N CAJON BL","CALIFORNIA ST",6.00,E,N,A,-,N,,,,,,,,,,Y,2,0,2,2,A,-,01,23152,F,N,A,C,A,A,H,-,D,A,0,,,,,Y,,A,01,2,0,0,0,0,0,0,0,0,"- ","- ",34.152820587158203,-117.33110046386719,"SAN BERNARDINO","SAN BERNARDINO",-117.33100128173828,34.152778625488281
9659067,2024,2024-03-26,3600,2024-01-03,2340,F8556,RC020,3,5,6,3616,0,0,0,,0,005,"MEYERS DR","EMERY PL",70.00,,N,A,-,N,,,,,,,,,,Y,2,0,1,3,A,-,00,23153,F,F,D,C,A,A,H,-,C,D,0,,,,,Y,,A,01,1,0,0,0,0,0,0,0,0,"- ","- ",,,"SAN BERNARDINO","RANCHO CUCAMONGA",-117.56374359130859,34.113040924072266
9659068,2024,2024-03-26,3600,2024-01-10,1530,F6913,RC001,3,5,6,3616,0,0,0,,0,006,"6TH ST","ETIWANDA AV",2600.00,W,N,A,-,N,,,,,,,,,,N,2,0,1,1,A,-,03,22350,,N,F,A,A,A,H,-,A,D,0,,,Y,,Y,,C,02,1,0,0,0,0,0,0,0,1,"- ","- ",,,"SAN BERNARDINO","RANCHO CUCAMONGA",-117.532470703125,34.086246490478516
9660159,2024,2024-02-29,3600,2024-01-24,"551 ",G6203,HE417,3,5,5,3619,0,0,0,,0,HE4,"DANBURY AV","DAYTON AV",188.00,W,N,A,-,N,,,,,,,,,,N,2,0,1,2,A,-,11,21954,A,N,G,B,D,A,H,-,D,D,0,Y,,,,Y,,N,60,1,0,0,0,1,0,0,0,0,"- ","- ",,,"SAN BERNARDINO",HESPERIA,-117.29431915283203,34.387474060058594
9661665,2023,2024-02-05,3608,2023-12-09,1527,5232,3608,6,5,5,3608,0,0,0,,0,901,"ORANGE ST","PEARL AV",0.00,,Y,A,-,N,,,,,,,,,,N,2,0,1,2,A,-,09,21804,A,F,D,G,A,A,H,-,A,A,0,,Y,,,Y,Y,L,04,1,0,0,0,0,0,1,0,0,"- ","- ",,,"SAN BERNARDINO",REDLANDS,-117.18254852294922,34.061328887939453
9662174,2023,2024-02-05,3600,2023-12-29,1442,G6203,HE102,5,5,5,3619,0,0,0,,0,HE1,"MAPLE AV","SYCAMORE ST",0.00,,Y,A,-,N,,,,,,,,,,Y,2,0,1,2,A,-,09,21802,A,N,D,C,A,A,H,-,A,A,0,,,,,Y,,A,01,1,0,0,0,0,0,0,0,0,"- ","- ",,,"SAN BERNARDINO",HESPERIA,-117.34666442871094,34.463161468505859
9664021,2024,2024-02-29,3600,2024-01-06,1643,D6899,HE214,6,5,5,3619,0,0,0,,0,HE2,"MAIN ST","BUCKTHORN AV",0.00,,Y,A,-,N,,,,,,,,,,Y,2,0,1,2,A,-,09,21802,A,N,D,C,A,A,H,-,A,A,0,,,Y,,Y,,D,22,1,0,0,0,0,0,0,0,1,"- ","- ",,,"SAN BERNARDINO",HESPERIA,-117.26966094970703,34.416835784912109
9666104,2024,2024-04-11,3604,2024-02-24,2314,1367,,6,5,6,3604,0,0,0,,0,,"BASELINE AV","PALMETTO AV",80.00,W,N,A,-,N,,,,,,,,,,Y,2,0,2,1,A,-,01,23152,A,N,E,I,A,A,H,-,C,A,0,,,,,Y,Y,A,01,2,0,0,0,0,0,0,0,0,"- ","- ",34.120998382568359,-117.427001953125,"SAN BERNARDINO",FONTANA,-117.42741394042969,34.121341705322266