CASE_ID,ACCIDENT_YEAR,PROC_DATE,JURIS,COLLISION_DATE,COLLISION_TIME,OFFICER_ID,REPORTING_DISTRICT,DAY_OF_WEEK,CHP_SHIFT,POPULATION,CNTY_CITY_LOC,SPECIAL_COND,BEAT_TYPE,CHP_BEAT_TYPE,CITY_DIVISION_LAPD,CHP_BEAT_CLASS,BEAT_NUMBER,PRIMARY_RD,SECONDARY_RD,DISTANCE,DIRECTION,INTERSECTION,WEATHER_1,WEATHER_2,STATE_HWY_IND,CALTRANS_COUNTY,CALTRANS_DISTRICT,STATE_ROUTE,ROUTE_SUFFIX,POSTMILE_PREFIX,POSTMILE,LOCATION_TYPE,RAMP_INTERSECTION,SIDE_OF_HWY,TOW_AWAY,COLLISION_SEVERITY,NUMBER_KILLED,NUMBER_INJURED,PARTY_COUNT,PRIMARY_COLL_FACTOR,PCF_CODE_OF_VIOL,PCF_VIOL_CATEGORY,PCF_VIOLATION,PCF_VIOL_SUBSECTION,HIT_AND_RUN,TYPE_OF_COLLISION,MVIW,PED_ACTION,ROAD_SURFACE,ROAD_COND_1,ROAD_COND_2,LIGHTING,CONTROL_DEVICE,CHP_ROAD_TYPE,PEDESTRIAN_ACCIDENT,BICYCLE_ACCIDENT,MOTORCYCLE_ACCIDENT,TRUCK_ACCIDENT,NOT_PRIVATE_PROPERTY,ALCOHOL_INVOLVED,STWD_VEHTYPE_AT_FAULT,CHP_VEHTYPE_AT_FAULT,COUNT_SEVERE_INJ,COUNT_VISIBLE_INJ,COUNT_COMPLAINT_PAIN,COUNT_PED_KILLED,COUNT_PED_INJURED,COUNT_BICYCLIST_KILLED,COUNT_BICYCLIST_INJURED,COUNT_MC_KILLED,COUNT_MC_INJURED,PRIMARY_RAMP,SECONDARY_RAMP,LATITUDE,LONGITUDE,COUNTY,CITY,POINT_X,POINT_Y
9787259,2025,2025-04-16,3604,2025-01-14,2108,680,,2,5,6,3604,0,0,0,,0,,"MANGO AV","MANZANITA DR",325.00,S,N,A,-,N,,,,,,,,,,N,2,0,1,2,A,-,11,21954,A,N,G,B,D,A,H,-,C,D,0,Y,,,,Y,Y,N,60,1,0,0,0,1,0,0,0,0,"- ","- ",,,"SAN BERNARDINO",FONTANA,-117.43132781982422,34.078868865966797
9788375,2025,2025-05-23,3600,2025-03-11,"338 ",I4866,YV04,2,5,3,3631,0,0,0,,0,YV1,"OLD WOMAN SPRINGS RD","MESA DR",0.00,,Y,A,-,Y,SBD,8,247,-,-,4.020,H,-,N,Y,2,0,1,2,A,-,05,21651,B,F,A,C,A,A,H,-,C,A,0,,,,,Y,Y,D,22,1,0,0,0,0,0,0,0,0,"- ","- ",34.178680419921875,-116.42772674560547,"SAN BERNARDINO","YUCCA VALLEY",-116.42772674560547,34.17877197265625
9793880,2025,2025-03-19,3600,2025-02-22,1353,H9013,YC302,6,5,4,3640,0,0,0,,0,YC2,"2ND ST","BURGUNDY CT",0.00,,Y,A,-,N,,,,,,,,,,N,2,0,1,2,A,-,09,21802,A,N,D,C,A,A,H,-,A,A,0,,,Y,,Y,,C,02,1,0,0,0,0,0,0,0,1,"- ","- ",,,"SAN BERNARDINO",YUCAIPA,-117.04318237304688,34.021205902099609
9797814,2025,2025-06-12,3600,2025-01-31,1840,I6859,TW004,5,5,3,3617,0,0,0,,0,0TW,"AMBOY RD","BAGDAD HWY",0.00,,Y,A,-,N,,,,,,,,,,Y,2,0,2,2,A,-,08,22107,,N,D,C,A,A,H,-,D,D,0,,,,,Y,,A,01,1,1,0,0,0,0,0,0,0,"- ","- ",34.165081024169922,-116.01882934570312,"SAN BERNARDINO","TWENTYNINE PALMS",-116.01898193359375,34.165081024169922
9799576,2025,2025-04-02,3610,2025-01-29,1728,51613,,3,5,6,3610,0,0,0,,0,DAVID,"E 3RD ST","N TIPPECANOE AV",0.00,,Y,A,-,N,,,,,,,,,,Y,2,0,3,3,A,-,12,21453,A,N,A,C,A,A,H,-,B,A,0,,,,,Y,,A,01,1,1,1,0,0,0,0,0,0,"- ","- ",,,"SAN BERNARDINO","SAN BERNARDINO",-117.25965118408203,34.104564666748047
9802299,2025,2025-04-16,3601,2025-03-08,1930,44K9,3601,6,5,3,3601,0,0,0,,0,003,"BIGHORN DR","BIGHORN DR 900 BLOCK",0.00,,N,A,-,N,,,,,,,,,,N,2,0,1,2,A,-,03,22350,,F,G,B,D,A,H,-,C,D,0,Y,,,,Y,,-,,1,0,0,0,1,0,0,0,0,"- ","- ",34.875629425048828,-117.01405334472656,"SAN BERNARDINO",BARSTOW,-117.01449584960938,34.875682830810547
9802300,2025,2025-04-16,3601,2025-03-28,1647,15K9,BARST,5,5,3,3601,0,0,0,,0,PATROL,"MONTARA RD","ARMORY RD",0.00,,Y,A,-,N,,,,,,,,,,N,2,0,1,1,A,-,03,22350,A,N,A,I,A,A,H,-,A,A,0,,,,,Y,,-,,1,0,0,0,0,0,0,0,0,"- ","- ",,,"SAN BERNARDINO",BARSTOW,-116.99374389648438,34.8839111328125
9802550,2024,2025-04-30,3601,2024-12-31,1137,P-40,3601,2,5,3,3601,0,0,0,,0,001,"LENWOOD RD","LENWOOD RD, DESERT AREA",0.00,,Y,A,-,N,,,,,,,,,,N,2,0,2,1,A,-,03,22350,,N,F,A,A,D,A,-,A,D,0,,,,,Y,,A,07,1,0,1,0,0,0,0,0,0,"- ","- ",34.823909759521484,-117.08248138427734,"SAN BERNARDINO",BARSTOW,,
9806900,2025,2025-05-19,3600,2025-03-08,1311,J1624,VC059,6,5,5,3612,0,0,0,,0,VC5,"BEAR VALLEY RD","AMETHYST RD",0.00,W,N,A,-,N,,,,,,,,,,Y,2,0,1,2,A,-,08,22107,,N,D,C,A,A,H,-,A,A,0,,,Y,,Y,,A,01,1,0,0,0,0,0,0,0,1,"- ","- ",34.470481872558594,-117.36602783203125,"SAN BERNARDINO",VICTORVILLE,-117.36431884765625,34.470413208007812
9815906,2025,2025-06-26,3610,2025-05-13,2500,51441,,2,5,6,3610,0,0,0,,0,,"WEST MILL","S PEPER AV",190.00,E,N,A,-,N,,,,,,,,,,N,2,0,1,2,A,-,03,22350,I,F,B,B,D,A,H,-,B,A,0,Y,,,,Y,,-,99,1,0,0,0,1,0,0,0,0,"- ","- ",34.092288970947266,-117.35288238525391,"SAN BERNARDINO","SAN BERNARDINO",-117.35226440429688,34.092319488525391
9816440,2025,2025-06-09,3600,2025-05-04,1505,J3215,VC052,7,5,5,3612,0,0,0,,0,VC8,"MOJAVE DR","DIAMOND RD",0.00,,Y,B,-,N,,,,,,,,,,Y,2,0,2,3,A,-,03,22350,,N,A,C,A,B,H,-,A,D,0,,,,,Y,,A,01,1,0,1,0,0,0,0,0,0,"- ","- ",34.528591156005859,-117.3763427734375,"SAN BERNARDINO",VICTORVILLE,-117.37744140625,34.528427124023438
9817157,2024,2025-01-06,3600,2024-12-03,1141,I8687,VC063,2,5,5,3612,0,0,0,,0,004,"BEAR VALLEY RD","9TH AV",0.00,,Y,A,-,N,,,,,,,,,,Y,2,0,1,2,A,-,09,21802,A,N,D,C,A,A,H,-,A,A,0,,,,,Y,,A,01,1,0,0,0,0,0,0,0,0,"- ","- ",34.470630645751953,-117.31674194335938,"SAN BERNARDINO",VICTORVILLE,-117.31678009033203,34.470684051513672
9825889,2025,2025-09-09,3603,2025-04-03,1631,4861,CPD,4,5,4,3603,0,0,0,,0,004,"E WASHINGTON ST","BARTON RD",0.00,,Y,A,-,N,,,,,,,,,,Y,2,0,1,2,A,-,07,21658,A,N,B,C,A,A,H,-,A,A,0,,,,,Y,,A,07,1,0,0,0,0,0,0,0,0,"- ","- ",34.051898956298828,-117.27870941162109,"SAN BERNARDINO",COLTON,-117.27872467041016,34.051914215087891
9829278,2025,2025-07-01,3610,2025-06-09,2102,51382,,1,5,6,3610,0,0,0,,0,"BAKER ","LITTLE MOUNTAIN DR","BOND ST",1320.00,N,N,A,-,N,,,,,,,,,,Y,2,0,2,1,A,-,08,22107,,F,E,I,A,A,H,-,D,D,0,,,,,Y,,A,01,2,0,0,0,0,0,0,0,0,"- ","- ",34.156528472900391,-117.32317352294922,"SAN BERNARDINO","SAN BERNARDINO",-117.32170867919922,34.157199859619141
9830053,2025,2025-07-23,3600,2025-06-08,2040,C3665,YV014,7,5,3,3631,0,0,0,,0,YV1,"OLD WOMAN SPRINGS RD","TURNER RD",273.00,S,N,A,-,Y,SBD,8,247,-,-,2.540,H,-,N,Y,2,0,5,4,A,-,03,22350,,N,C,C,A,A,D,-,D,A,0,,,,,Y,,A,08,1,4,0,0,0,0,0,0,0,"- ","- ",,,"SAN BERNARDINO","YUCCA VALLEY",-116.42060089111328,34.158130645751953
9830976,2025,2025-07-25,3610,2025-06-27,"428 ",51562,,5,5,6,3610,0,0,0,,0,DAVID,"WATERMAN AV","REDLANDS BL",0.00,,Y,A,-,N,,,,,,,,,,N,2,0,1,2,A,-,11,21954,A,F,G,B,E,A,H,-,D,A,0,Y,,,,Y,Y,N,60,1,0,0,0,1,0,0,0,0,"- ","- ",,,"SAN BERNARDINO","SAN BERNARDINO",-117.27877044677734,34.063117980957031
9831712,2025,2025-07-31,3600,2025-02-04,1735,I1565,AP012,2,5,5,3621,0,0,0,,0,AP2,"WAALEW RD","DALE EVANS PKWY",0.00,,Y,A,-,N,,,,,,,,,,Y,2,0,2,2,A,-,01,23153,A,N,C,C,A,A,H,-,A,D,0,,,,,Y,Y,D,22,1,1,0,0,0,0,0,0,0,"- ","- ",,,"SAN BERNARDINO","APPLE VALLEY",-117.20836639404297,34.556922912597656
9832645,2025,2025-07-15,3600,2025-06-15,"908 ",J1624,VC07,7,5,5,3612,0,0,0,,0,VC5,"LA MESA RD","MESA LINDA AV",0.00,,Y,A,-,N,,,,,,,,,,Y,2,0,1,2,A,-,09,21453,C,N,D,C,A,A,H,-,A,A,0,,,,,Y,,A,07,1,0,0,0,0,0,0,0,0,"- ","- ",34.484951019287109,-117.39067840576172,"SAN BERNARDINO",VICTORVILLE,-117.39069366455078,34.484886169433594
9866807,2024,2025-08-18,3600,2024-12-08,1910,G6192,AP012,7,5,5,3621,0,0,0,,0,AP2,"NAVAJO RD","OSAGE RD",740.00,S,N,A,-,N,,,,,,,,,,N,1,1,0,1,A,-,03,22350,,N,E,I,A,A,B,-,D,D,0,,,Y,,Y,,C,02,0,0,0,0,0,0,0,1,0,"- ","- ",,,"SAN BERNARDINO","APPLE VALLEY",-117.19060516357422,34.553173065185547
9866808,2024,2025-08-27,3600,2024-12-23,2004,I1566,AP018,1,5,5,3621,0,0,0,,0,AP4,"RT 18","NOMWAKET RD",101.00,W,N,A,-,Y,SBD,8,18,-,-,88.270,H,-,N,Y,1,1,0,2,A,-,01,23152,B,N,A,C,A,A,H,-,C,A,0,,,,,Y,Y,A,07,0,0,0,0,0,0,0,0,0,"- ","- ",,,"SAN BERNARDINO","APPLE VALLEY",-117.17976379394531,34.500648498535156
9868058,2025,2025-09-09,3600,2025-02-08,1812,F7812,AP002,6,5,5,3621,0,0,0,,0,AP1,"APPLE VALLEY RD","RT 18",199.00,E,N,A,-,Y,SBD,8,18,-,-,94.390,I,6,S,N,2,0,1,2,A,-,00,21954,,N,G,B,D,A,H,-,C,D,0,Y,,,Y,Y,Y,N,60,1,0,0,0,1,0,0,0,0,"- ","- ",34.53900146484375,-117.27200317382812,"SAN BERNARDINO","APPLE VALLEY",-117.27243041992188,34.540019989013672
9869532,2025,2025-08-25,3601,2025-05-08,1528,P37,BARST,4,5,3,3601,0,0,0,,0,001,"AVENUE A","BUENA VISTA ST",0.00,,Y,A,-,N,,,,,,,,,,N,2,0,1,2,A,-,11,21954,A,N,G,B,D,A,H,-,A,D,0,Y,,,,Y,,N,60,1,0,0,0,1,0,0,0,0,"- ","- ",,,"SAN BERNARDINO",BARSTOW,-117.03456115722656,34.895259857177734
5912199,2014,2014-03-10,9835,2014-01-13,1555,19916,,1,2,9,3600,0,1,2,,1,014,"RT 395","CUDDEBACK RD",36432.00,S,N,A,-,Y,SBD,8,395,-,-,57.560,H,-,N,Y,1,1,3,1,A,-,08,22107,,N,F,A,A,A,H,-,A,D,0,,,,,Y,,A,07,2,1,0,0,0,0,0,0,0,"- ","- ",35.156239999999997,-117.58722,"SAN BERNARDINO",UNINCORPORATED,-117.58729394,35.156304910000003
6290017,2014,2014-06-04,9855,2014-02-02,0210,19495,,7,3,6,3607,0,1,1,,2,152,"RT 10","RT 15",0.00,E,N,B,-,Y,SBD,8,10,-,-,10.160,H,-,E,Y,1,1,0,1,A,-,01,23152,A,N,E,I,A,A,H,-,C,D,1,,,,,Y,Y,A,01,0,0,0,0,0,0,0,0,0,TO,"- ",34.067010000000003,-117.54078,"SAN BERNARDINO",ONTARIO,-117.54103897,34.06732659
6290027,2014,2014-12-05,9855,2014-02-07,2245,19138,,5,3,6,3616,0,1,1,,2,203,"RT 210","AMETHYST ST",668.00,W,N,A,-,Y,SBD,8,210,-,-,5.500,H,-,W,Y,1,1,1,3,A,-,01,23152,A,N,G,B,E,A,H,-,C,D,1,Y,,,,Y,Y,A,01,1,0,0,1,0,0,0,0,0,"- ","- ",34.135210000000001,-117.60042,"SAN BERNARDINO","RANCHO CUCAMONGA",-117.60049555000001,34.135165039999997
6290040,2014,2014-02-26,9834,2014-01-06,1724,11530,,1,2,9,3600,0,1,1,,2,044,"RT 40","RT 95",8976.00,W,N,A,-,Y,SBD,8,40,-,R,142.070,H,-,E,Y,1,1,3,1,A,-,08,22107,,N,F,A,A,A,H,-,B,D,1,,,,,Y,,A,07,0,3,0,0,0,0,0,0,0,"- ","- ",34.881869999999999,-114.77469000000001,"SAN BERNARDINO",UNINCORPORATED,-114.61344126,34.843795100000001
6290090,2014,2014-03-11,9855,2014-02-26,2500,19146,,3,4,9,3600,0,3,5,,2,001,"SAN BERNARDINO AV","COMMERCE DR",0.00,E,N,B,-,N,,,,,,,,,,N,1,1,0,2,A,-,11,21954,A,F,G,B,D,A,H,-,D,D,0,Y,,,,Y,,N,60,0,0,0,1,0,0,0,0,0,"- ","- ",34.077309999999997,-117.50942000000001,"SAN BERNARDINO",UNINCORPORATED,-117.51540009999999,34.077190090000002
6290151,2014,2014-03-17,9835,2014-02-07,1602,20437,,5,2,9,3600,0,1,1,,2,074,"RT 15","ZZYZX RD",1906.00,S,N,B,-,Y,SBD,8,15,-,R,129.840,H,-,N,Y,1,1,2,1,A,-,08,22107,,N,F,A,A,A,H,-,A,D,1,,,,,Y,Y,A,07,0,1,1,0,0,0,0,0,0,"- ","- ",35.194899999999997,-116.14581,"SAN BERNARDINO",UNINCORPORATED,-116.14687633,35.194832359999999
6290154,2014,2014-03-17,9850,2014-02-21,0715,18219,,5,1,5,3619,0,2,4,,2,050,"RT 395","JOSHUA ST",2990.00,S,N,A,-,Y,SBD,8,15,-,-,31.692,R,1,S,Y,1,1,0,1,A,-,08,22107,,N,E,I,A,A,H,-,A,D,1,,,,,Y,,A,07,0,0,0,0,0,0,0,0,0,TO,"- ",34.349870000000003,-117.40208,"SAN BERNARDINO",HESPERIA,-117.40240989999999,34.398726760000002
6290366,2014,2015-12-29,9870,2014-03-20,2036,19593,,4,2,9,3600,0,3,5,,2,004,"VALLE VISTA RD","SHERMAN HOYT AV",383.00,W,N,A,-,N,,,,,,,,,,Y,1,1,0,2,A,-,05,21202,A,N,H,G,A,A,H,-,D,D,0,,Y,,,Y,,L,04,0,0,0,0,0,1,0,0,0,"- ","- ",34.194119999999998,-116.02918,"SAN BERNARDINO",UNINCORPORATED,-116.02924058000001,34.194140040000001
6290443,2014,2014-05-07,9835,2014-03-31,0653,19916,,1,1,9,3600,0,1,1,,2,074,"RT 15","AFTON CANYON RD",23971.00,N,N,A,-,Y,SBD,8,15,-,R,116.130,H,-,N,Y,1,1,0,1,A,-,08,22107,,N,F,A,A,A,H,-,A,D,1,,,,,Y,,D,22,0,0,0,0,0,0,0,0,0,"- ","- ",35.08708,-116.33632,"SAN BERNARDINO",UNINCORPORATED,-116.33687561000001,35.087945079999997
6290500,2014,2015-12-29,9850,2014-04-08,0629,16267,,2,1,5,3612,0,1,1,,2,083,"RT 15","NORTH STODDARD WELLS RD",2112.00,S,N,B,-,Y,SBD,8,15,-,-,46.990,H,-,S,Y,1,1,0,2,A,-,07,21658,A,N,B,C,A,A,H,-,A,D,1,,,,Y,Y,,A,07,0,0,0,0,0,0,0,0,0,"- ","- ",34.5657,-117.28228,"SAN BERNARDINO",VICTORVILLE,-117.26422459,34.585658840000001
6290562,2014,2015-12-29,9850,2014-04-11,0317,14481,,5,3,9,3600,0,1,1,,2,084,"RT 15","DALE EVANS PKWY",7392.00,S,N,A,-,Y,SBD,8,15,-,-,51.790,H,-,S,Y,1,1,0,2,A,-,11,21954,A,N,G,B,E,A,H,-,D,D,1,Y,,,,Y,,N,60,0,0,0,1,0,0,0,0,0,"- ","- ",34.63494,-117.22528,"SAN BERNARDINO",UNINCORPORATED,-117.21849906999999,34.643817509999998
6290566,2014,2015-12-29,9835,2014-04-27,1345,20437,,7,1,9,3600,0,1,3,,1,020,"RT 127","IBEX SPRING RD",25.00,S,N,A,-,Y,SBD,8,127,-,-,39.570,I,5,S,Y,1,1,0,1,A,-,03,22350,,N,F,A,A,A,H,-,A,D,0,,,Y,,Y,Y,C,02,0,0,0,0,0,0,0,1,0,"- ","- ",35.771700000000003,-116.32550000000001,"SAN BERNARDINO",UNINCORPORATED,-116.32549040000001,35.772306450000002
6290603,2014,2015-12-29,3603,2014-04-27,2121,CL4251,COLTO,7,5,4,3603,0,0,0,,0,002,"VALLEY BL","SPERRY DR",0.00,,Y,A,-,N,,,,,,,,,,Y,1,1,2,1,A,-,05,21650,,N,E,I,A,A,H,-,C,D,0,,,,,Y,Y,A,07,1,1,0,0,0,0,0,0,0,"- ","- ",,,"SAN BERNARDINO",COLTON,-117.31005001,34.06540012
6290748,2014,2015-12-29,9870,2014-04-24,1345,13205,,4,1,9,3600,0,2,4,,2,042,"AMBOY RD","BELL KING RD",23760.00,N,N,A,-,N,,,,,,,,,,N,1,1,0,1,A,-,08,22107,,N,F,A,A,A,H,-,A,D,0,,,Y,,Y,,C,02,0,0,0,0,0,0,0,1,0,"- ","- ",34.258749999999999,-115.71814999999999,"SAN BERNARDINO",UNINCORPORATED,-115.71859775,34.257604489999999
6290750,2014,2014-06-19,9870,2014-04-29,2025,19709,,2,2,9,3600,0,1,3,,1,011,"RT 62","PARK AV",159.00,E,N,A,-,Y,SBD,8,62,-,-,1.430,H,-,E,Y,1,1,0,2,A,-,11,21954,A,N,G,B,D,A,H,-,D,D,0,Y,,,,Y,,N,60,0,0,0,1,0,0,0,0,0,"- ","- ",34.049329999999998,-116.57802,"SAN BERNARDINO",UNINCORPORATED,-116.57816619,34.049323260000001
6291031,2014,2014-10-20,3609,2014-05-18,2048,9632,135,7,5,5,3609,0,0,0,,0,003,"FOOTHILL BL","EDISON POLE CEP 202861",18.00,E,N,A,-,N,,,,,,,,,,Y,1,1,0,2,A,-,11,21954,A,N,G,B,D,A,H,-,C,D,0,Y,,,,Y,,N,60,0,0,0,1,0,0,0,0,0,"- ","- ",,,"SAN BERNARDINO",RIALTO,,
6291040,2014,2015-12-29,3600,2014-02-06,1308,D6902,YV016,4,5,3,3631,0,0,0,,0,YV1,"YUCCA TRL","WARREN VISTA DR",0.00,,Y,A,-,N,,,,,,,,,,Y,1,2,0,2,A,-,09,21802,A,N,D,C,A,A,H,-,A,A,0,,,,,Y,,A,01,0,0,0,0,0,0,0,0,0,"- ","- ",,,"SAN BERNARDINO","YUCCA VALLEY",-116.40488001999999,34.120530100000003
6291081,2014,2014-08-19,9835,2014-05-14,0335,16893,,3,3,9,3600,0,3,5,,2,037,"KELBAKER RD","RT 40",0.00,,Y,A,-,Y,SBD,8,40,-,R,78.422,R,4,W,Y,1,1,0,2,A,-,09,21800,A,N,D,C,A,A,H,-,D,D,1,,,,Y,Y,,A,01,0,0,0,0,0,0,0,0,0,"- ",TO,34.722050000000003,-115.67859,"SAN BERNARDINO",UNINCORPORATED,-115.67845699999999,34.722042000000002
6291098,2014,2014-08-15,3610,2014-02-27,2211,50749,,4,5,6,3610,0,0,0,,0,,"W 20TH ST","N EMMA RD",0.00,,Y,B,-,N,,,,,,,,,,Y,1,1,1,2,A,-,11,21954,A,N,G,B,D,A,H,-,C,D,0,Y,,,,Y,,N,60,0,1,0,1,0,0,0,0,0,"- ","- ",,,"SAN BERNARDINO","SAN BERNARDINO",-117.33328967999999,34.133216259999998
6291130,2014,2015-12-29,9855,2014-06-23,0152,20006,,1,3,6,3616,0,1,1,,2,201,"RT 210","HAVEN AV",380.00,W,N,A,-,Y,SBD,8,210,-,-,6.840,H,-,E,Y,1,1,3,2,A,-,03,22350,,N,D,C,A,A,H,-,D,D,1,,,,,Y,Y,A,08,0,3,0,0,0,0,0,0,0,"- ","- ",34.156619999999997,-117.58029999999999,"SAN BERNARDINO","RANCHO CUCAMONGA",-117.57715233,34.135850210000001
6291157,2014,2015-12-21,3600,2014-01-07,2113,D3104,VC048,2,5,5,3612,0,0,0,,0,,"MOJAVE DR","CONDOR RD",227.00,E,N,A,-,N,,,,,,,,,,Y,1,1,0,2,A,-,09,21801,A,N,D,C,A,A,H,-,C,D,0,,,,,Y,,A,01,0,0,0,0,0,0,0,0,0,"- ","- ",,,"SAN BERNARDINO",VICTORVILLE,-117.32018875,34.528872640000003
6291159,2014,2015-12-21,3600,2014-01-24,1757,C9265,HE404,5,5,5,3619,0,0,0,,0,HE4,"SANTA FE AV E","SULTANA ST",334.00,N,N,A,-,N,,,,,,,,,,Y,1,1,0,2,A,-,11,21954,A,N,G,B,D,A,H,-,C,D,0,Y,,,,Y,Y,N,60,0,0,0,1,0,0,0,0,0,"- ","- ",,,"SAN BERNARDINO",HESPERIA,-117.30274756,34.415030989999998
6291210,2014,2015-12-30,9835,2014-07-31,0030,17864,,4,3,9,3600,0,1,1,,2,077,"RT 15","NIPTON RD",3907.00,S,N,A,-,Y,SBD,8,15,-,-,175.700,H,-,N,Y,1,1,1,2,A,-,03,22350,,N,C,C,A,A,H,-,D,D,1,,,,Y,Y,,G,25,0,0,1,0,0,0,0,0,0,"- ","- ",35.466859999999997,-115.45672,"SAN BERNARDINO",UNINCORPORATED,-115.45886991,35.465683859999999
6291211,2014,2014-10-20,9835,2014-07-21,1148,19908,,1,1,9,3600,0,1,1,,2,074,"RT 15","RASOR RD",11722.00,S,N,A,-,Y,SBD,8,15,-,R,122.050,H,-,S,Y,1,1,1,1,A,-,08,22107,,N,F,A,A,A,H,-,A,D,1,,,,,Y,,D,22,0,1,0,0,0,0,0,0,0,"- ","- ",35.114719999999998,-116.24189,"SAN BERNARDINO",UNINCORPORATED,-116.24145924,35.114926320000002
6291212,2014,2014-10-20,9834,2014-07-02,1100,16580,,3,1,9,3600,0,1,3,,1,066,"RT 62","RIO MESA DR",2112.00,W,N,A,-,Y,SBD,8,62,-,-,138.890,H,-,E,Y,1,1,3,1,A,-,08,22107,,N,E,I,A,A,H,-,A,D,0,,,,,Y,,D,22,0,3,0,0,0,0,0,0,0,"- ","- ",34.165959999999998,-114.37350000000001,"SAN BERNARDINO",UNINCORPORATED,-114.35812222,34.159643920000001
6291291,2014,2014-10-02,3600,2014-01-12,0020,B5753,AP023,7,5,5,3621,0,0,0,,0,AP3,"RT 18","WINTUN RD",0.00,,Y,A,-,Y,SBD,8,18,-,-,91.000,H,-,S,Y,1,1,0,3,A,-,11,21954,A,F,G,B,D,A,H,-,D,A,0,Y,,,,Y,,N,60,0,0,0,1,0,0,0,0,0,"- ","- ",,,"SAN BERNARDINO","APPLE VALLEY",-117.21793623000001,34.524457030000001
6291424,2014,2015-12-28,3610,2014-08-23,2131,50761,,6,5,6,3610,0,0,0,,0,,"E 3RD ST","LELAND NORTON WY",576.00,E,N,A,-,N,,,,,,,,,,Y,1,1,1,2,A,-,08,22107,,N,D,C,A,A,H,-,C,D,0,,,,,Y,Y,A,01,0,0,1,0,0,0,0,0,0,"- ","- ",,,"SAN BERNARDINO","SAN BERNARDINO",-117.24622309,34.105898109999998
6291455,2014,2014-10-23,3607,2014-06-10,0950,80204,136,2,5,6,3607,0,0,0,,0,032,"HOLT BL","CORONA AV",132.00,W,N,A,-,N,,,,,,,,,,Y,1,1,1,1,A,-,03,22350,,N,E,I,A,A,H,-,A,A,0,,,,,Y,,-,,0,0,1,0,0,0,0,0,0,"- ","- ",,,"SAN BERNARDINO",ONTARIO,-117.61385466999999,34.063459999999999
6291458,2014,2014-10-27,9835,2014-06-17,1505,15842,,2,2,9,3600,0,1,1,,2,077,"RT 15","NIPTON RD",3854.00,N,N,A,-,Y,SBD,8,15,-,-,177.160,H,-,N,Y,1,1,0,1,A,-,08,22107,,N,E,J,A,A,H,-,A,D,1,,,,,Y,,A,07,0,0,0,0,0,0,0,0,0,"- ","- ",35.483240000000002,-115.44407,"SAN BERNARDINO",UNINCORPORATED,-115.44435647,35.482777970000001
6291483,2014,2016-01-04,9850,2014-08-05,0753,17237,,2,1,5,3612,0,1,1,,2,083,"RT 15","NISQUALLI RD",3168.00,N,N,A,-,Y,SBD,8,15,-,-,39.390,H,-,S,Y,1,1,0,3,A,-,11,21954,A,F,G,B,E,A,H,-,A,D,1,Y,,,Y,Y,,N,60,0,0,0,1,0,0,0,0,0,"- ","- ",34.492820000000002,-117.33093,"SAN BERNARDINO",VICTORVILLE,-117.33081916,34.492875290000001
6291527,2014,2014-10-31,3610,2014-07-11,2105,50749,,5,5,6,3610,0,0,0,,0,,"W RIALTO AV","NORTH ARROWHEAD AV",0.00,,Y,A,-,N,,,,,,,,,,Y,1,1,3,2,A,-,01,23152,A,N,D,C,A,A,H,-,C,A,0,,,,,Y,Y,A,01,2,1,0,0,0,0,0,0,0,"- ","- ",,,"SAN BERNARDINO","SAN BERNARDINO",-117.28965006,34.10085007
6291545,2014,2016-01-14,9835,2014-09-06,2340,18137,,6,3,9,3600,0,1,1,,2,074,"RT 15","ZZYZX RD",3696.00,S,N,A,-,Y,SBD,8,15,-,R,129.490,H,-,N,Y,1,1,0,1,A,-,08,22107,,N,E,J,A,A,H,-,D,D,1,,,,,Y,Y,A,07,0,0,0,0,0,0,0,0,0,"- ","- ",35.193640000000002,-116.1529,"SAN BERNARDINO",UNINCORPORATED,-116.15270336,35.19360898
6291574,2014,2016-01-04,9870,2014-10-08,0245,020717,,3,3,9,3600,0,1,3,,2,021,"RT 247","LA BRISA DR",614.00,N,N,A,-,Y,SBD,8,247,-,-,6.370,H,-,N,Y,1,1,0,2,A,-,08,22107,,N,F,A,A,A,H,-,D,D,0,,,,,Y,Y,A,01,0,0,0,0,0,0,0,0,0,"- ","- ",34.209809999999997,-116.43968,"SAN BERNARDINO",UNINCORPORATED,-116.4451882,34.201446349999998
6291678,2014,2015-12-30,9860,2014-06-05,2134,20758,,4,2,4,3603,0,1,1,,2,103,"RT 10","S SUNWEST LN",170.00,W,N,A,-,Y,SBD,8,215,-,-,3.530,R,2,S,N,1,1,0,2,A,-,11,21954,A,N,G,B,E,A,H,-,C,D,1,Y,,,,Y,,N,60,0,0,0,1,0,0,0,0,0,TO,"- ",34.06409,-117.29152000000001,"SAN BERNARDINO",COLTON,-117.29841105,34.056593560000003
6291710,2014,2015-12-30,9865,2014-09-29,0957,15271,,1,1,9,3600,0,1,3,,1,010,"RT 18","UPPER WATERMAN CANYON RD",5808.00,N,N,A,-,Y,SBD,8,18,-,R,14.420,H,-,N,Y,1,2,1,2,A,-,05,21651,A,N,A,C,A,A,H,-,A,D,0,,,,,Y,,A,07,0,1,0,0,0,0,0,0,0,"- ","- ",34.223219999999998,-117.29362,"SAN BERNARDINO",UNINCORPORATED,-117.29339288,34.223063539999998
6291750,2014,2014-12-18,9860,2014-05-02,0352,19449,,5,3,9,3600,0,1,1,,2,102,"RT 10","SIERRA AV",5808.00,E,N,A,-,Y,SBD,8,10,-,-,17.280,H,-,W,Y,1,2,1,1,A,-,08,22107,,N,E,I,A,A,H,-,D,D,1,,,,,Y,,D,22,0,1,0,0,0,0,0,0,0,"- ","- ",34.06767,-117.42674,"SAN BERNARDINO",UNINCORPORATED,-117.41721870000001,34.067688330000003