CASE_ID,ACCIDENT_YEAR,PROC_DATE,JURIS,COLLISION_DATE,COLLISION_TIME,OFFICER_ID,REPORTING_DISTRICT,DAY_OF_WEEK,CHP_SHIFT,POPULATION,CNTY_CITY_LOC,SPECIAL_COND,BEAT_TYPE,CHP_BEAT_TYPE,CITY_DIVISION_LAPD,CHP_BEAT_CLASS,BEAT_NUMBER,PRIMARY_RD,SECONDARY_RD,DISTANCE,DIRECTION,INTERSECTION,WEATHER_1,WEATHER_2,STATE_HWY_IND,CALTRANS_COUNTY,CALTRANS_DISTRICT,STATE_ROUTE,ROUTE_SUFFIX,POSTMILE_PREFIX,POSTMILE,LOCATION_TYPE,RAMP_INTERSECTION,SIDE_OF_HWY,TOW_AWAY,COLLISION_SEVERITY,NUMBER_KILLED,NUMBER_INJURED,PARTY_COUNT,PRIMARY_COLL_FACTOR,PCF_CODE_OF_VIOL,PCF_VIOL_CATEGORY,PCF_VIOLATION,PCF_VIOL_SUBSECTION,HIT_AND_RUN,TYPE_OF_COLLISION,MVIW,PED_ACTION,ROAD_SURFACE,ROAD_COND_1,ROAD_COND_2,LIGHTING,CONTROL_DEVICE,CHP_ROAD_TYPE,PEDESTRIAN_ACCIDENT,BICYCLE_ACCIDENT,MOTORCYCLE_ACCIDENT,TRUCK_ACCIDENT,NOT_PRIVATE_PROPERTY,ALCOHOL_INVOLVED,STWD_VEHTYPE_AT_FAULT,CHP_VEHTYPE_AT_FAULT,COUNT_SEVERE_INJ,COUNT_VISIBLE_INJ,COUNT_COMPLAINT_PAIN,COUNT_PED_KILLED,COUNT_PED_INJURED,COUNT_BICYCLIST_KILLED,COUNT_BICYCLIST_INJURED,COUNT_MC_KILLED,COUNT_MC_INJURED,PRIMARY_RAMP,SECONDARY_RAMP,LATITUDE,LONGITUDE,COUNTY,CITY,POINT_X,POINT_Y
90215340,2016,2016-07-04,9855,2016-06-21,1955,018000,,2,2,6,3607,0,1,3,,2,601,"SR-60 W/B (POMONA FWY)","CAMPUS AVE.",275.00,W,N,A,-,Y,,,60,,,,,,W,Y,2,0,1,5,A,-,03,22350,,N,C,C,A,A,H,-,A,D,0,,,,,Y,,D,22,1,0,0,0,0,0,0,0,0,"- ","- ",34.03058,-117.64257000000001,"SAN BERNARDINO",ONTARIO,-117.64256989,34.030544259999999
90215393,2016,2016-07-04,9870,2016-06-28,1338,019208,,2,1,9,3600,0,1,3,,1,011,"SR-62 (TWENTYNINE PALMS HIGHWAY)","SHAFTER AVENUE",1136.00,W,N,B,-,Y,,,62,,,,,,,Y,2,0,1,1,A,-,08,22107,,N,E,I,A,A,H,-,A,D,0,,,,,Y,,D,22,1,0,0,0,0,0,0,0,0,"- ","- ",34.107239999999997,-116.48532,"SAN BERNARDINO",UNINCORPORATED,-116.48527602,34.107149970000002
90215668,2016,2016-07-05,9835,2016-06-12,0600,021176,,7,1,9,3600,0,1,1,,2,070,"I-15 N/B","OUTLET CENTER DR.",10507.00,S,N,A,-,Y,,,15,,,,,,N,Y,2,0,2,2,A,-,03,22350,,N,C,C,A,A,H,-,A,D,0,,,,,Y,,A,08,2,0,0,0,0,0,0,0,0,"- ","- ",34.800460000000001,-117.10769999999999,"SAN BERNARDINO",UNINCORPORATED,-117.10771808,34.800482420000002
90215812,2016,2016-07-05,9865,2016-06-17,1655,021096,,5,2,9,3600,0,1,3,,1,022,SR-18,2N97,528.00,N,N,A,-,Y,,,,,,,,,,Y,2,0,1,1,A,-,08,22107,,N,F,I,A,A,H,-,A,D,0,,,Y,,Y,Y,C,02,1,0,0,0,0,0,0,0,1,"- ","- ",34.1327,-117.137,"SAN BERNARDINO",UNINCORPORATED,,
90215895,2016,2016-07-05,9850,2016-06-27,1415,019278,,1,2,9,3600,0,3,5,,2,005,"SHADOW MOUNTAIN RD","ACACIA RD",6864.00,W,N,A,-,N,,,,,,,,,,Y,2,0,2,1,A,-,03,22350,,N,E,I,A,A,H,-,A,D,0,,,,,Y,,A,01,2,0,0,0,0,0,0,0,0,"- ","- ",34.72372,-117.57711,"SAN BERNARDINO",UNINCORPORATED,-117.57711,34.72372
90217360,2016,2016-07-07,9860,2016-02-26,1727,013665,,5,2,9,3600,0,3,5,,2,004,"PINE ST.","CEDAR AVE",279.00,W,N,A,-,N,,,,,,,,,,Y,2,0,1,1,A,-,01,23152,A,N,E,I,A,A,H,-,B,D,0,,,,,Y,Y,A,07,1,0,0,0,0,0,0,0,0,"- ","- ",34.033990000000003,-117.39457,"SAN BERNARDINO",UNINCORPORATED,-117.39783753,34.037123919999999
90217726,2016,2016-07-07,9835,2016-06-18,2233,020973,,6,3,9,3600,0,1,1,,2,077,"I-15 N/B","YATES WELL ROAD",12461.00,S,N,A,-,Y,,,15,,,,,,N,Y,2,0,1,2,A,-,07,21658,A,N,B,C,A,A,H,-,D,D,0,,,,,Y,,A,01,1,0,0,0,0,0,0,0,0,"- ","- ",35.508479999999999,-115.4333,"SAN BERNARDINO",UNINCORPORATED,-115.43335238,35.50850243
90219012,2016,2016-07-08,9855,2016-07-02,1251,020487,,6,1,5,3602,0,1,3,,2,603,"SR-60 E/B (POMONA FWY)","PIPELINE AVE.",300.00,W,N,A,-,Y,,,60,,,,,,E,Y,2,0,1,2,A,-,07,21658,A,N,C,C,A,A,H,-,A,D,0,,,Y,,Y,,A,01,1,0,0,0,0,0,0,0,1,"- ","- ",34.028649999999999,-117.71643,"SAN BERNARDINO",CHINO,-117.71645177000001,34.028707519999998
90219346,2016,2016-07-11,9835,2016-06-30,1530,021160,,4,2,9,3600,0,1,1,,2,074,"INTERSTATE 15 SOUTHBOOUND","BASIN RD",24394.00,S,N,A,-,Y,,,,,,,,,,Y,2,0,1,2,A,-,08,22107,,N,F,C,A,A,H,-,A,D,0,,,,,Y,,A,01,1,0,0,0,0,0,0,0,0,"- ","- ",35.051699999999997,-116.2007,"SAN BERNARDINO",UNINCORPORATED,,
90220920,2016,2016-07-12,9834,2016-06-06,1628,017038,,1,2,9,3600,0,1,2,,1,091,US-95,"MAIN STREET",8976.00,S,N,A,-,Y,,,95,,,,,,,Y,1,1,2,1,A,-,08,22107,,N,F,A,A,A,H,-,A,D,0,,,,,Y,,D,22,1,1,0,0,0,0,0,0,0,"- ","- ",34.099299999999999,-114.49612999999999,"SAN BERNARDINO",UNINCORPORATED,-114.49615214000001,34.099258659999997
90221093,2016,2016-07-12,9855,2016-07-07,1700,019809,,4,2,5,3602,0,1,3,,2,603,"SR-60 E/B","CENTRAL AVE.",375.00,W,N,A,-,Y,,,60,,,,,,E,Y,2,0,1,2,A,-,03,22350,,F,F,A,A,A,H,-,A,D,0,,,Y,,Y,,C,02,1,0,0,0,0,0,0,0,1,"- ","- ",34.030030000000004,-117.69047,"SAN BERNARDINO",CHINO,-117.69047214,34.030185619999997
90221190,2016,2016-07-12,9855,2016-07-07,1826,019809,,4,2,5,3602,0,1,3,,2,603,"SR-60 E/B (POMONA FWY)","PIPELINE AVE.",985.00,W,N,A,-,Y,,,60,,,,,,E,Y,2,0,2,2,A,-,03,22350,,N,C,C,A,A,H,-,A,D,0,,,Y,,Y,,C,02,1,0,1,0,0,0,0,0,1,"- ","- ",34.027819999999998,-117.71850000000001,"SAN BERNARDINO",CHINO,-117.71850990999999,34.027842139999997
90222072,2016,2016-07-13,9850,2016-06-29,1404,017730,,3,2,9,3600,0,1,2,,2,054,US-395,"KRAMER RD",5386.00,N,N,A,-,Y,,,395,,,,,,,Y,2,0,3,2,A,-,06,21751,,N,A,C,A,A,H,-,A,D,0,,,,,Y,,A,07,2,1,0,0,0,0,0,0,0,"- ","- ",34.879399999999997,-117.51018999999999,"SAN BERNARDINO",UNINCORPORATED,-117.51024095,34.879385069999998
90222430,2016,2017-02-09,9860,2016-05-24,1916,018275,,2,2,5,3608,0,1,1,,2,203,"STATE ROUTE 210 WESTBOUND","SAN BERNARDINO AVENUE",659.00,E,N,A,-,Y,,,210,,,,,,W,Y,1,2,1,2,A,-,06,21755,,N,C,E,A,A,H,-,D,D,0,,,,,Y,,D,22,0,1,0,0,0,0,0,0,0,"- ","- ",34.076650000000001,-117.20047,"SAN BERNARDINO",REDLANDS,-117.20052707000001,34.076650569999998
90223070,2016,2016-07-14,9835,2016-02-10,0407,015807,,3,3,9,3600,0,1,1,,2,075,"INTERSTATE 15 NORTHBOUND","E. BAKER BLVD.",40.00,N,N,A,-,Y,,,15,,,,,,N,Y,1,2,0,2,A,-,01,23152,A,N,C,C,A,A,H,-,D,D,0,,,,Y,Y,Y,A,07,0,0,0,0,0,0,0,0,0,"- ","- ",35.28134,-116.04747999999999,"SAN BERNARDINO",UNINCORPORATED,-116.04753951000001,35.281380169999998
90223716,2016,2016-07-15,9855,2016-07-08,1730,021048,9855,5,2,6,3607,0,1,1,,2,101,"I-10 W/B (SAN BERNARDINO FWY)","HAVEN AVE.",1252.00,E,N,A,-,Y,,,10,,,,,,W,Y,2,0,1,2,A,-,03,22350,,N,C,C,A,A,H,-,A,D,0,,,Y,,Y,,C,02,1,0,0,0,0,0,0,0,1,"- ","- ",34.067500000000003,-117.571,"SAN BERNARDINO",ONTARIO,-117.57099968999999,34.067634150000004
90226501,2016,2016-07-20,9865,2016-07-18,1428,014729,,1,2,9,3600,0,1,3,,1,034,SR-18,"FOREST ROAD 3N61",4752.00,N,N,A,-,Y,,,18,,,,,,,Y,2,0,1,1,A,-,08,22107,,N,E,I,A,A,H,-,A,D,0,,,,,Y,,A,01,1,0,0,0,0,0,0,0,0,"- ","- ",34.330779999999997,-116.82935999999999,"SAN BERNARDINO",UNINCORPORATED,-116.82941359,34.330749330000003
90226774,2016,2016-07-20,9855,2016-07-14,1452,020002,,4,2,6,3607,0,1,1,,2,103,"I-10 E/B (SAN BERNARDINO FWY)","VINEYARD AVE.",350.00,W,N,A,-,Y,,,10,,,,,,E,Y,2,0,1,2,A,-,07,21658,A,N,B,C,A,A,H,-,A,D,0,,,Y,,Y,,A,07,1,0,0,0,0,0,0,0,1,"- ","- ",34.073500000000003,-117.61621,"SAN BERNARDINO",ONTARIO,-117.61625093000001,34.073428739999997
90229203,2016,2016-07-25,9860,2016-07-19,1435,016590,,2,2,9,3600,0,3,5,,2,004,"AGUA MANSA RD.","EL REVINO RD.",0.00,,Y,A,-,N,,,,,,,,,,Y,2,0,2,2,A,-,09,21802,A,N,D,C,A,A,H,-,A,D,0,,,,,Y,,A,01,1,0,1,0,0,0,0,0,0,"- ","- ",34.03349,-117.37231,"SAN BERNARDINO",UNINCORPORATED,-117.37199007,34.033650049999999
90231285,2016,2016-07-27,9835,2016-07-18,0150,020992,,1,3,9,3600,0,1,1,,2,075,"I-15 N/B","HALLORAN SPRINGS RD",21542.00,S,N,A,-,Y,,,15,,,,,,N,Y,2,0,2,1,A,-,08,22107,,N,F,A,A,A,H,-,D,D,0,,,,,Y,,A,01,1,1,0,0,0,0,0,0,0,"- ","- ",35.352589999999999,-115.93671999999999,"SAN BERNARDINO",UNINCORPORATED,-115.93670023,35.352558620000003
90231335,2016,2016-07-27,9850,2016-07-17,0705,019278,,7,1,9,3600,0,3,5,,2,005,"WILSON RANCH RD","SUNSET RD",710.00,S,N,A,-,N,,,,,,,,,,Y,2,0,2,1,A,-,08,22107,,N,E,I,A,A,H,-,A,D,0,,,,,Y,,A,01,1,1,0,0,0,0,0,0,0,"- ","- ",34.456499999999998,-117.5213,"SAN BERNARDINO",UNINCORPORATED,-117.52140575,34.457454689999999
90231521,2016,2016-07-27,9865,2016-07-12,1918,016179,,2,2,9,3600,0,3,5,,2,001,"WEST VILLAGE LN.","NORTH VILLAGE LN.",350.00,N,N,A,-,N,,,,,,,,,,N,2,0,1,1,A,-,08,22107,,N,F,A,A,A,H,-,A,D,0,,,Y,,Y,,C,02,1,0,0,0,0,0,0,0,1,"- ","- ",34.142299999999999,-117.1742,"SAN BERNARDINO",UNINCORPORATED,-117.29479000000001,34.2395
90231864,2016,2016-07-27,9835,2016-07-17,2220,021090,,7,3,9,3600,0,1,1,,2,075,"I-15 S/B","HALLORAN SPRINGS RD",6864.00,N,N,A,-,Y,,,,,,,,,,Y,2,0,1,6,A,-,03,22350,,N,D,C,A,A,H,-,D,D,0,,,,Y,Y,,A,01,1,0,0,0,0,0,0,0,0,"- ","- ",35.464910000000003,-115.53057,"SAN BERNARDINO",UNINCORPORATED,,
90234666,2016,2016-08-01,9835,2016-07-21,1558,021307,,4,2,9,3600,0,1,1,,2,041,"INTERSTATE 40 E/B","MAIN ST",686.00,E,N,A,-,Y,,,,,,,,,,Y,2,0,5,2,A,-,03,22350,,N,C,C,A,A,H,-,A,D,0,,,,Y,Y,,A,07,2,1,2,0,0,0,0,0,0,"- ","- ",34.877049999999997,-116.96675,"SAN BERNARDINO",UNINCORPORATED,-116.96682421,34.877195659999998
90236292,2016,2016-08-03,9860,2016-07-26,0230,019132,,2,3,5,3608,0,1,1,,2,105,"I-10 W/B","FORD STREET",98.00,E,N,A,-,Y,,,10,,,,,,W,Y,2,0,1,1,A,-,01,23152,A,N,E,I,A,A,H,-,D,D,0,,,,,Y,Y,A,01,1,0,0,0,0,0,0,0,0,"- ","- ",34.041370000000001,-117.15506999999999,"SAN BERNARDINO",REDLANDS,-117.15511237,34.041346750000002
90236380,2016,2018-05-07,9850,2016-07-31,1010,019278,,7,1,9,3600,0,2,4,,2,050,"BALDY MESA RD","SUNSET RD",0.50,N,N,A,-,N,,,,,,,,,,Y,1,1,0,1,A,-,08,22107,,N,E,I,A,A,H,-,A,D,0,,,,,Y,,D,22,0,0,0,0,0,0,0,0,0,"- ","- ",34.460299999999997,-117.45105,"SAN BERNARDINO",UNINCORPORATED,-117.45102,34.459301369999999
9023958,2019,2020-01-31,3610,2019-11-15,2217,50700,,5,5,6,3610,0,0,0,,0,DAVID,"E CENTRAL AV","TIPPECANOE AV",1098.00,E,N,A,-,N,,,,,,,,,,Y,1,1,0,2,A,-,03,22350,,N,C,C,A,A,H,-,C,D,0,,,Y,,Y,,C,02,0,0,0,0,0,0,0,1,0,"- ","- ",34.085880279541016,-117.25972747802734,"SAN BERNARDINO","SAN BERNARDINO",-117.25614929199219,34.085861206054688
90241284,2016,2016-08-09,9860,2016-08-02,2037,017784,,2,2,6,3610,0,1,1,,2,214,"INTERSTATE 215 NORTHBOUND","3RD STREET",850.00,N,N,A,-,Y,,,215,,,,,,N,Y,2,0,2,3,A,-,08,22107,,F,B,C,A,A,H,-,C,D,0,,,,,Y,,A,01,1,0,1,0,0,0,0,0,0,"- ","- ",34.106990000000003,-117.30238,"SAN BERNARDINO","SAN BERNARDINO",-117.30240523000001,34.106987019999998
90241297,2016,2016-08-09,9850,2016-08-08,1941,020884,,1,2,9,3600,0,3,5,,2,002,"UNKNOWN DESERT TERRAIN","SUMMIT VALLEY RD",0.00,,N,A,-,N,,,,,,,,,,N,2,0,3,1,A,-,01,23152,A,N,F,A,A,A,H,-,B,D,0,,,Y,,Y,Y,C,06,2,1,0,0,0,0,0,0,3,"- ","- ",34.327910000000003,-117.39663,"SAN BERNARDINO",UNINCORPORATED,-117.39663,34.327910000000003
90242242,2016,2016-08-10,9860,2016-07-27,1610,016658,,3,2,6,3610,0,1,1,,2,202,"SR-210 W/B","VALENCIA AVE",150.00,W,N,A,-,Y,,,210,,,,,,W,Y,2,0,2,2,A,-,08,22107,,N,B,C,A,A,H,-,A,D,0,,,,,Y,,A,07,1,1,0,0,0,0,0,0,0,"- ","- ",34.145000000000003,-117.27306,"SAN BERNARDINO","SAN BERNARDINO",-117.27305921,34.145016599999998
90244122,2016,2016-08-12,9860,2016-08-05,0930,012530,,5,1,6,3610,0,1,1,,2,216,"I-215 S/B","LITTLE LEAGUE DRIVE O/C.",483.00,S,N,A,-,Y,,,,,,,,,,Y,2,0,3,4,A,-,03,22350,,N,C,C,A,A,D,-,A,A,0,,,,,Y,,A,01,1,0,2,0,0,0,0,0,0,"- ","- ",34.118789999999997,-117.22251,"SAN BERNARDINO","SAN BERNARDINO",-117.37084957,34.198063660000003
90245966,2016,2016-08-16,9860,2016-08-10,2218,017784,,3,3,6,3610,0,1,1,,2,216,"INTERSTATE 215 NORTHBOUND","STATE ROUTE 210",1275.00,N,N,A,-,Y,,,215,,,,,,N,N,2,0,1,2,A,-,11,21954,A,N,G,B,D,A,H,-,C,D,0,Y,,,,Y,,N,60,1,0,0,0,1,0,0,0,0,"- ","- ",34.147889999999997,-117.3212,"SAN BERNARDINO","SAN BERNARDINO",-117.32118084,34.147901220000001
9024614,2019,2020-02-01,3610,2019-11-13,1748,50821,,3,5,6,3610,0,0,0,,0,,"W KENDALL DR","UNIVERSITY PKWY",624.00,E,N,A,-,N,,,,,,,,,,N,2,0,1,2,A,-,11,21954,A,N,G,B,D,A,H,-,D,A,0,Y,,,,Y,Y,N,60,1,0,0,0,1,0,0,0,0,"- ","- ",34.175189971923828,-117.32959747314453,"SAN BERNARDINO","SAN BERNARDINO",-117.32935333251953,34.175437927246094
90246338,2016,2016-08-17,9870,2016-08-14,0102,020616,,7,3,9,3600,0,1,3,,1,031,"SR-62 (29 PALMS HWY)","WHITE FEATHER RD",375.00,E,N,A,-,Y,,,62,,,,,,,Y,2,0,1,2,A,-,00,21760,,N,H,G,A,A,H,-,D,D,0,,Y,,,Y,,D,22,1,0,0,0,0,0,1,0,0,"- ","- ",34.135150000000003,-116.27578,"SAN BERNARDINO",UNINCORPORATED,-116.2757799,34.135086020000003
90246955,2016,2016-08-17,9834,2016-08-14,1245,013596,,7,1,9,3600,0,1,2,,1,095,US-95,"GOFFS ROAD",6336.00,N,N,A,-,Y,,,95,,,,,,,Y,2,0,1,1,A,-,06,21751,,N,F,A,A,A,H,-,A,D,0,,,,,Y,,A,01,1,0,0,0,0,0,0,0,0,"- ","- ",34.959290000000003,-114.83011,"SAN BERNARDINO",UNINCORPORATED,-114.83011147000001,34.959289470000002
90247155,2016,2016-08-17,9860,2016-08-12,0001,019485,,5,3,9,3600,0,1,1,,2,152,"I-15 S/B",SR-138,6336.00,N,N,A,-,Y,,,15,,,,,,S,Y,2,0,1,2,A,-,01,23152,A,N,C,C,A,A,H,-,D,D,0,,,,Y,Y,Y,A,01,1,0,0,0,0,0,0,0,0,"- ","- ",34.345799999999997,-117.47902999999999,"SAN BERNARDINO",UNINCORPORATED,-117.47908165,34.345872839999998
90249176,2016,2016-08-22,9835,2016-08-14,2249,021082,,7,3,9,3600,0,1,1,,2,077,"I-15 S/B","YATES WELL RD",11299.00,S,N,A,-,Y,,,,,,,,,,Y,2,0,2,1,A,-,08,22107,,N,F,A,A,A,H,-,C,D,0,,,,,Y,,A,07,1,1,0,0,0,0,0,0,0,"- ","- ",35.301099999999998,-115.26900000000001,"SAN BERNARDINO",UNINCORPORATED,,
90250880,2016,2016-08-23,9865,2016-08-17,1440,013542,,3,2,9,3600,0,1,3,,2,045,"SR-38 W/B","GLASS RD",528.00,W,N,A,-,Y,,,,,,,,,,Y,2,0,4,1,A,-,08,22107,,N,E,I,A,A,H,-,A,D,0,,,,,Y,,D,22,1,1,2,0,0,0,0,0,0,"- ","- ",,,"SAN BERNARDINO",UNINCORPORATED,-116.89476419,34.168930179999997
90251396,2016,2016-08-24,9865,2016-08-04,1935,017864,,4,2,9,3600,0,1,3,,1,039,SR-38,"WILDHORSE TRAIL",5280.00,W,N,A,-,Y,,,38,,,,,,,Y,2,0,1,2,A,-,05,21460,A,N,B,C,A,A,H,-,B,D,0,,,Y,,Y,,C,02,1,0,0,0,0,0,0,0,1,"- ","- ",34.175550000000001,-116.73791,"SAN BERNARDINO",UNINCORPORATED,-116.73790354,34.175587710000002
90252164,2016,2016-08-24,9834,2016-08-17,0419,016267,,3,3,9,3600,0,1,1,,2,042,"I-40 E/B","GOFFS RD",16368.00,E,N,A,-,Y,,,40,,,,,,E,Y,2,0,2,1,A,-,08,22107,,N,F,A,A,A,H,-,D,D,0,,,,,Y,,A,07,1,1,0,0,0,0,0,0,0,"- ","- ",34.818770000000001,-115.13567,"SAN BERNARDINO",UNINCORPORATED,-115.1356624,34.81870911
90253024,2016,2016-08-25,9835,2016-07-16,1625,020993,,6,2,9,3600,0,3,5,,2,034,"DAGGETT-YERMO ROAD","AGATE ROAD",1584.00,S,N,A,-,N,,,,,,,,,,Y,1,1,0,1,A,-,08,22107,,N,E,I,A,A,H,-,A,D,0,,,,,Y,,A,01,0,0,0,0,0,0,0,0,0,"- ","- ",34.876480000000001,-116.88853,"SAN BERNARDINO",UNINCORPORATED,-116.88854634,34.877387579999997
90255098,2016,2016-08-29,9860,2016-08-20,1315,015940,,6,1,9,3600,0,1,3,,1,380,SR-38,"VALLEY OF THE FALLS DR",180.00,W,N,A,-,Y,,,38,,,,,,,Y,2,0,1,1,A,-,08,22107,,N,E,I,A,A,H,-,A,D,0,,,Y,,Y,,C,02,1,0,0,0,0,0,0,0,1,"- ","- ",34.095480000000002,-116.95896,"SAN BERNARDINO",UNINCORPORATED,-116.95897778,34.09553391
90255981,2016,2016-08-29,9865,2016-06-19,1510,020725,,7,2,9,3600,0,1,3,,2,031,SR-38,"VAN DUSEN CANYON RD",6.00,E,N,A,-,Y,,,38,,,,,,,Y,1,1,0,1,A,-,03,22350,,N,E,I,A,A,H,-,A,D,0,,,Y,,Y,,C,02,0,0,0,0,0,0,0,1,0,"- ","- ",34.265700000000002,-116.8548,"SAN BERNARDINO",UNINCORPORATED,-116.85487018000001,34.265840359999999
90257856,2016,2016-08-31,9860,2016-08-29,0740,016590,,1,1,9,3600,0,3,5,,2,004,"SANTA ANA AVE.","SPRUCE AVE.",0.00,,Y,A,-,N,,,,,,,,,,Y,2,0,3,2,A,-,09,21802,A,N,D,C,A,A,H,-,A,A,0,,,,,Y,,A,07,1,0,2,0,0,0,0,0,0,"- ","- ",34.056190000000001,-117.38766,"SAN BERNARDINO",UNINCORPORATED,-117.38769012,34.055890079999998
90258357,2016,2016-08-31,9865,2016-08-19,2234,021096,,5,3,9,3600,0,1,3,,1,039,SR-18,3N36,5280.00,S,N,A,-,Y,,,18,,,,,,,Y,2,0,1,1,A,-,03,22350,,N,F,A,A,A,H,-,D,D,0,,,Y,,Y,Y,C,02,1,0,0,0,0,0,0,0,1,"- ","- ",34.339289999999998,-116.83974000000001,"SAN BERNARDINO",UNINCORPORATED,-116.83972694000001,34.339294469999999
90259181,2016,2016-09-01,9835,2016-07-26,2500,014476,,2,4,9,3600,0,1,3,,1,020,SR-127,"IBEX SPRING RD",2640.00,N,N,A,-,Y,,,127,,,,,,,N,2,0,1,2,D,-,00,,,F,G,B,E,A,H,-,D,D,0,Y,,,,Y,Y,-,"- ",1,0,0,0,1,0,0,0,0,"- ","- ",35.757179999999998,-116.32176,"SAN BERNARDINO",UNINCORPORATED,-116.32169829999999,35.757230290000003
90259403,2016,2016-09-01,9834,2016-07-05,1345,013487,,2,1,9,3600,0,1,3,,1,066,SR-62,"RIO MESA DR",12144.00,W,N,A,-,Y,,,62,,,,,,,Y,1,1,3,1,A,-,08,22107,,N,F,A,A,A,H,-,A,D,0,,,,,Y,,A,07,0,3,0,0,0,0,0,0,0,"- ","- ",34.182009999999998,-114.39758,"SAN BERNARDINO",UNINCORPORATED,-114.39762454,34.181956720000002
90260011,2016,2016-09-06,9865,2016-08-14,1300,018392,,7,1,9,3600,0,1,3,,2,014,SR-138,"OLD MILL RD",2112.00,W,N,A,-,Y,,,138,,,,,,,Y,1,1,0,1,A,-,03,22350,,N,F,I,A,A,H,-,A,D,0,,,Y,,Y,,C,02,0,0,0,0,0,0,0,1,0,"- ","- ",34.260109999999997,-117.28646999999999,"SAN BERNARDINO",UNINCORPORATED,-117.28649597,34.260066469999998
9026210,2019,2020-02-11,3600,2019-12-31,1812,G5366,VC020,2,5,5,3612,0,0,0,,0,VC3,"MARIPOSA RD","MONARCH BL",41.00,S,N,A,-,N,,,,,,,,,,N,2,0,1,2,A,-,00,21954,,N,G,B,D,A,H,-,C,D,0,Y,,,,Y,,N,60,1,0,0,0,1,0,0,0,0,"- ","- ",,,"SAN BERNARDINO",VICTORVILLE,-117.34293365478516,34.473098754882812
90266300,2016,2016-09-13,9865,2016-09-07,1415,013542,,3,2,9,3600,0,1,3,,2,031,"SR-38 (NORTH SHORE DR.)","BIG BEAR RANGER STATION RD",528.00,W,N,A,-,Y,,,38,,,,,,,Y,2,0,1,1,A,-,03,22350,,N,F,I,A,A,H,-,A,D,0,,,Y,,Y,,C,02,1,0,0,0,0,0,0,0,1,"- ","- ",34.262390000000003,-116.89836,"SAN BERNARDINO",UNINCORPORATED,-116.89835600000001,34.262239889999996
90268550,2016,2016-09-15,9835,2016-08-18,2012,021278,,4,2,9,3600,0,3,5,,2,034,"VALLEY CENTER RD","MINNEOLA RD",3168.00,E,N,B,-,N,,,,,,,,,,N,1,1,0,2,A,-,05,21202,A,N,C,C,A,A,H,-,D,D,0,,,Y,,Y,,O,05,0,0,0,0,0,0,0,1,0,"- ","- ",34.879649999999998,-116.75811,"SAN BERNARDINO",UNINCORPORATED,-116.75770711,34.879691780000002
90271945,2016,2016-09-20,9865,2016-09-14,1855,013542,,3,2,9,3600,0,1,3,,2,045,SR-38,"JENKS LAKE RD EAST",234.00,E,N,A,-,Y,,,38,,,,,,,Y,2,0,1,1,A,-,03,22350,,N,E,I,A,A,H,-,B,D,0,,,,,Y,,A,01,1,0,0,0,0,0,0,0,0,"- ","- ",34.172499999999999,-116.84877,"SAN BERNARDINO",UNINCORPORATED,-116.84876186,34.172567129999997
90272071,2016,2016-09-20,9855,2016-09-09,1652,020769,,5,2,6,3607,0,1,1,,2,101,"I-10 E/B (SAN BERNARDINO FWY)","I-15 (ONTARIO FREEWAY)",520.00,W,N,A,-,Y,,,10,,,,,,E,Y,2,0,6,4,A,-,01,23152,F,F,C,E,E,A,H,-,A,D,0,Y,,,,Y,Y,A,01,1,2,3,0,1,0,0,0,0,"- ","- ",34.067169999999997,-117.55072,"SAN BERNARDINO",ONTARIO,-117.55071936,34.067334350000003
90272834,2016,2016-09-21,9865,2016-07-16,1700,017407,,6,2,9,3600,0,1,3,,2,045,"STATE ROUTE 38","JENKS LAKE ROAD WEST",4752.00,W,N,A,-,Y,,,,,,,,,,Y,1,1,1,2,A,-,05,21460,A,N,A,C,A,A,H,-,A,D,0,,,Y,,Y,,C,02,0,1,0,0,0,0,0,1,0,"- ","- ",34.139609999999998,-116.89413,"SAN BERNARDINO",UNINCORPORATED,-116.92142281,34.160190069999999
90273883,2016,2016-09-22,9835,2016-09-05,0500,020973,,1,3,9,3600,0,1,1,,2,047,"I-40 W/B","BUSHNELL WASH",1109.00,E,N,A,-,Y,,,40,,,,,,W,Y,1,1,2,1,A,-,08,22107,,N,F,A,A,A,H,-,D,D,0,,,,,Y,,A,01,0,2,0,0,0,0,0,0,0,"- ","- ",34.727379999999997,-116.08864,"SAN BERNARDINO",UNINCORPORATED,-116.08864536,34.727674749999998
90274970,2016,2017-06-12,9860,2016-09-09,1203,019419,,5,1,9,3600,0,3,5,,2,004,"JURUPA AVE","PEPPER ST",9.00,E,N,A,-,Y,,,,,,,,,,N,2,0,2,3,A,-,10,21950,A,N,G,B,B,A,H,-,A,D,0,Y,,Y,,Y,,C,02,2,0,0,0,2,0,0,0,0,"- ","- ",34.048520000000003,-117.39408,"SAN BERNARDINO",UNINCORPORATED,-117.39417039999999,34.048478940000003
90275143,2016,2016-09-26,9860,2016-09-16,0607,019251,,5,1,9,3600,0,1,1,,2,151,"I-15 S/B","GLEN HELEN PKY",1584.00,N,N,A,-,Y,,,15,,,,,,S,Y,2,0,1,2,A,-,03,22350,,N,C,C,A,A,D,-,B,D,0,,,,Y,Y,,D,22,1,0,0,0,0,0,0,0,0,"- ","- ",34.207419999999999,-117.41352999999999,"SAN BERNARDINO",UNINCORPORATED,-117.41362279000001,34.207446930000003