CASE_ID,ACCIDENT_YEAR,PROC_DATE,JURIS,COLLISION_DATE,COLLISION_TIME,OFFICER_ID,REPORTING_DISTRICT,DAY_OF_WEEK,CHP_SHIFT,POPULATION,CNTY_CITY_LOC,SPECIAL_COND,BEAT_TYPE,CHP_BEAT_TYPE,CITY_DIVISION_LAPD,CHP_BEAT_CLASS,BEAT_NUMBER,PRIMARY_RD,SECONDARY_RD,DISTANCE,DIRECTION,INTERSECTION,WEATHER_1,WEATHER_2,STATE_HWY_IND,CALTRANS_COUNTY,CALTRANS_DISTRICT,STATE_ROUTE,ROUTE_SUFFIX,POSTMILE_PREFIX,POSTMILE,LOCATION_TYPE,RAMP_INTERSECTION,SIDE_OF_HWY,TOW_AWAY,COLLISION_SEVERITY,NUMBER_KILLED,NUMBER_INJURED,PARTY_COUNT,PRIMARY_COLL_FACTOR,PCF_CODE_OF_VIOL,PCF_VIOL_CATEGORY,PCF_VIOLATION,PCF_VIOL_SUBSECTION,HIT_AND_RUN,TYPE_OF_COLLISION,MVIW,PED_ACTION,ROAD_SURFACE,ROAD_COND_1,ROAD_COND_2,LIGHTING,CONTROL_DEVICE,CHP_ROAD_TYPE,PEDESTRIAN_ACCIDENT,BICYCLE_ACCIDENT,MOTORCYCLE_ACCIDENT,TRUCK_ACCIDENT,NOT_PRIVATE_PROPERTY,ALCOHOL_INVOLVED,STWD_VEHTYPE_AT_FAULT,CHP_VEHTYPE_AT_FAULT,COUNT_SEVERE_INJ,COUNT_VISIBLE_INJ,COUNT_COMPLAINT_PAIN,COUNT_PED_KILLED,COUNT_PED_INJURED,COUNT_BICYCLIST_KILLED,COUNT_BICYCLIST_INJURED,COUNT_MC_KILLED,COUNT_MC_INJURED,PRIMARY_RAMP,SECONDARY_RAMP,LATITUDE,LONGITUDE,COUNTY,CITY,POINT_X,POINT_Y
90276025,2016,2016-09-26,9865,2016-09-18,1105,019929,,7,1,9,3600,0,1,3,,2,031,SR-38,"DIVISION DRIVE",1584.00,E,N,A,-,Y,,,38,,,,,,,Y,2,0,1,1,A,-,01,23152,A,N,E,I,A,A,H,-,A,D,0,,,,,Y,Y,D,22,1,0,0,0,0,0,0,0,0,"- ","- ",34.26585,-116.87103999999999,"SAN BERNARDINO",UNINCORPORATED,-116.87104631,34.265863119999999
90277111,2016,2016-09-27,9850,2016-09-13,1249,021366,,2,1,9,3600,0,2,4,,2,066,"PHELAN RD","NEVADA RD",14.00,E,N,A,-,N,,,,,,,,,,Y,1,1,1,3,A,-,03,22350,,N,C,C,A,A,H,-,A,D,0,,,,,Y,,E,22,1,0,0,0,0,0,0,0,0,"- ","- ",34.426499999999997,-117.5078,"SAN BERNARDINO",UNINCORPORATED,-117.5078237,34.426580000000001
90277500,2016,2016-09-28,9860,2016-09-12,1819,018275,,1,2,9,3600,0,1,1,,2,152,"I-15 N/B","OAK HILL ROAD",5280.00,S,N,A,-,Y,,,15,,,,,,N,Y,2,0,1,2,A,-,03,22350,,N,C,C,A,A,H,-,B,D,0,,,,Y,Y,,A,01,1,0,0,0,0,0,0,0,0,"- ","- ",34.356459999999998,-117.43733,"SAN BERNARDINO",UNINCORPORATED,-117.43732572,34.356458140000001
90279271,2016,2016-09-29,9860,2016-09-21,1810,019485,,3,2,9,3600,0,1,3,,1,380,"SR-38 (MENTONE BLVD)","AGATE AVE",0.00,,Y,A,-,Y,,,38,,,,,,,N,2,0,1,2,A,-,10,21950,A,N,G,B,D,A,H,-,A,D,0,Y,,,,Y,,A,07,1,0,0,0,1,0,0,0,0,"- ","- ",34.069870000000002,-117.12538000000001,"SAN BERNARDINO",UNINCORPORATED,-117.1253789,34.069933110000001
90279565,2016,2016-09-29,9865,2016-09-26,1240,015158,,1,1,9,3600,0,1,3,,2,011,SR-18,"RIM OF THE WORLD DR",792.00,N,N,A,-,Y,,,18,,,,,,,Y,2,0,1,2,A,-,05,21460,A,N,A,C,A,A,H,-,A,D,0,,,,,Y,,A,07,1,0,0,0,0,0,0,0,0,"- ","- ",34.231380000000001,-117.20049,"SAN BERNARDINO",UNINCORPORATED,-117.20048020999999,34.231406759999999
90279640,2015,2016-09-29,9855,2015-12-31,1900,016889,,4,2,6,3607,0,1,1,,2,103,"I-10 E/B (SBF) TO VINEYARD AVE","VINEYARD AVE.",24.50,W,N,A,-,Y,,,10,,,,R,,E,Y,1,5,3,2,A,-,03,22350,,N,E,I,A,A,H,-,C,A,0,,,,,Y,,A,01,3,0,0,0,0,0,0,0,0,"- ","- ",34.069569999999999,-117.61102,"SAN BERNARDINO",ONTARIO,-117.61102,34.069569999999999
90281383,2016,2016-10-03,9860,2016-09-26,0315,020596,,1,3,9,3600,0,1,1,,2,152,"I-15 S/B",SR-138,1000.00,S,N,A,-,Y,,,15,,,,,,S,Y,2,0,1,2,A,-,01,23152,A,N,C,C,A,A,H,-,D,D,0,,,,Y,Y,Y,A,07,1,0,0,0,0,0,0,0,0,"- ","- ",34.309739999999998,-117.4727,"SAN BERNARDINO",UNINCORPORATED,-117.47266248,34.30978597
90282367,2016,2016-10-03,9865,2016-10-01,1533,020725,,6,2,9,3600,0,1,3,,1,022,SR-18,"SIBERIA CREEK TRL",2112.00,N,N,A,-,Y,,,18,,,,,,,Y,2,0,1,2,A,-,05,21460,A,N,D,C,A,A,H,-,A,D,0,,,Y,,Y,,C,02,1,0,0,0,0,0,0,0,1,"- ","- ",34.226300000000002,-117.0291,"SAN BERNARDINO",UNINCORPORATED,-117.02908652000001,34.226340450000002
90286998,2016,2016-10-10,9860,2016-10-01,0225,020051,,6,3,6,3610,0,1,1,,2,202,"SR-210 W/B TO I-215 N/B",SR-210,632.00,N,N,A,-,Y,,,210,,,,R,,W,Y,2,0,1,1,A,-,08,22107,,N,E,I,A,A,H,-,C,D,0,,,,,Y,,A,01,1,0,0,0,0,0,0,0,0,"- ","- ",34.146560000000001,-117.3194,"SAN BERNARDINO","SAN BERNARDINO",-117.3194,34.146560000000001
90287198,2016,2016-10-10,9860,2016-09-30,1535,016646,,5,2,5,3608,0,1,1,,2,105,"I-10 W/B","CALIFORNIA AVE",606.00,E,N,A,-,Y,,,10,,,,,,W,Y,2,0,1,2,A,-,03,22350,,N,C,C,A,A,H,-,A,D,0,,,,Y,Y,,A,07,1,0,0,0,0,0,0,0,0,"- ","- ",34.066760000000002,-117.22436,"SAN BERNARDINO",REDLANDS,-117.22435992,34.066739230000003
90287643,2016,2016-10-17,9865,2016-10-02,1358,020725,,7,1,9,3600,0,1,3,,2,012,SR-18,"KUFFEL CANYON RD",97.00,W,N,A,-,Y,,,18,,,,,,,Y,2,0,1,2,A,-,06,21755,,N,B,C,A,A,H,-,A,D,0,,,Y,,Y,,C,02,1,0,0,0,0,0,0,0,1,"- ","- ",34.235300000000002,-117.1798,"SAN BERNARDINO",UNINCORPORATED,-117.17980143,34.23540036
90288285,2016,2016-10-10,9850,2016-10-01,2005,021159,,6,2,9,3600,0,1,3,,2,040,"SR 18 W/B","OXBOW RD.",90.00,W,N,A,-,Y,,,,,,,,,,N,2,0,1,2,A,-,11,21956,,N,G,B,E,A,H,-,D,D,0,Y,,,,Y,,N,60,1,0,0,0,1,0,0,0,0,"- ","- ",34.443890000000003,-116.95936,"SAN BERNARDINO",UNINCORPORATED,-116.95683748,34.443849999999998
90288848,2016,2016-10-11,9860,2016-10-04,0138,017784,,2,3,6,3610,0,1,1,,2,216,"INTERSTATE 215 NORTHBOUND","UNIVERSITY PKY",1584.00,S,N,A,-,Y,,,215,,,,,,N,Y,2,0,3,1,A,-,08,22107,,N,E,I,A,A,H,-,D,D,0,,,,,Y,,A,01,1,2,0,0,0,0,0,0,0,"- ","- ",34.16046,-117.32965,"SAN BERNARDINO","SAN BERNARDINO",-117.32965842,34.160452929999998
9028957,2019,2020-01-27,3604,2019-11-17,1848,1163,,7,5,6,3604,0,0,0,,0,,"TOKAY AV","MILLER AV",350.00,S,N,A,-,N,,,,,,,,,,N,2,0,2,3,A,-,08,22107,,N,C,E,A,A,H,-,C,D,0,,,,,Y,,A,01,1,0,1,0,0,0,0,0,0,"- ","- ",,,"SAN BERNARDINO",FONTANA,-117.45587921142578,34.113151550292969
90290390,2016,2016-10-12,9855,2016-07-24,0012,020664,,7,3,6,3604,0,1,1,,2,201,"SR-210 W/B (FOOTHILL FWY)","CHERRY AVE.",94.00,E,N,A,-,Y,,,210,,,,,,W,Y,1,1,1,1,A,-,08,22107,,N,E,I,A,A,H,-,C,D,0,,,,,Y,,A,07,1,0,0,0,0,0,0,0,0,"- ","- ",34.13664,-117.48796,"SAN BERNARDINO",FONTANA,-117.48795959,34.136555170000001
90292650,2016,2016-10-17,9860,2016-10-03,0415,020387,,1,3,6,3610,0,1,1,,2,202,"SR-210 WESTBOUND","MUSCUPIABE DR.",5.00,W,N,A,-,Y,,,210,,,,,,W,Y,2,0,1,2,A,-,07,21658,A,N,C,C,A,A,H,-,D,D,0,,,Y,,Y,Y,D,22,1,0,0,0,0,0,0,0,1,"- ","- ",34.145580000000002,-117.30824,"SAN BERNARDINO","SAN BERNARDINO",-117.30823903,34.145827990000001
90293872,2016,2016-10-17,9860,2016-10-13,0705,019321,,4,1,9,3600,0,3,5,,2,003,"LUGONIA AVE.","ALABAMA ST.",1218.00,W,N,A,-,N,,,,,,,,,,Y,2,0,1,1,A,-,08,22107,,N,E,I,A,A,H,-,A,D,0,,,,,Y,,A,01,1,0,0,0,0,0,0,0,0,"- ","- ",34.070349999999998,-117.21315,"SAN BERNARDINO",UNINCORPORATED,-117.21277908,34.07032495
90297011,2016,2016-10-20,9860,2016-10-10,0655,014963,,1,1,4,3603,0,1,1,,2,103,"I-10 W/B","PEPPER AVE",5.00,E,N,A,-,Y,,,10,,,,,,W,Y,2,0,1,1,A,-,08,22107,,N,F,A,A,A,H,-,A,D,0,,,Y,,Y,,C,02,1,0,0,0,0,0,0,0,1,"- ","- ",34.069890000000001,-117.35214000000001,"SAN BERNARDINO",COLTON,-117.35215977999999,34.069143820000001
90298273,2016,2016-10-21,9860,2016-10-14,1640,014777,,5,2,9,3600,0,1,3,,1,012,SR-138,"HONEY CREEK ROAD",34.00,W,N,A,-,Y,,,138,,,,,,,Y,2,0,2,2,A,-,05,21460,C,N,A,C,A,A,D,-,A,D,0,,,,,Y,,A,01,1,0,1,0,0,0,0,0,0,"- ","- ",34.348820000000003,-117.52609,"SAN BERNARDINO",UNINCORPORATED,-117.52622771,34.348774409999997
90300078,2016,2016-10-25,9870,2016-10-18,1955,020890,,2,2,9,3600,0,1,3,,2,021,"STATE ROUTE 247 (OLD WOMAN SPRINGS RD)","PIPES CANYON RD",1156.00,N,N,A,-,Y,,,247,,,,,,,Y,2,0,2,1,A,-,08,22107,,N,E,I,A,A,H,-,D,D,0,,,,,Y,,A,01,1,1,0,0,0,0,0,0,0,"- ","- ",34.197780000000002,-116.44525,"SAN BERNARDINO",UNINCORPORATED,-116.44506026000001,34.197988029999998
90301348,2016,2016-10-26,9850,2016-10-13,1510,021365,,4,2,9,3600,0,3,5,,2,001,"RIVERVIEW DR","DRIFTWOOD DR",137.00,S,N,A,-,N,,,,,,,,,,Y,2,0,1,1,A,-,08,22107,,N,E,I,A,A,H,-,A,D,0,,,,,Y,,A,08,1,0,0,0,0,0,0,0,0,"- ","- ",34.494019999999999,-117.25703,"SAN BERNARDINO",UNINCORPORATED,-117.25706488,34.493917879999998
90302455,2016,2016-10-27,9850,2016-10-19,2135,014858,,3,2,9,3600,0,1,3,,2,034,SR-18,"BEAR VALLEY ROAD",0.00,,Y,A,-,Y,,,18,,,,,,,Y,2,0,1,2,A,-,09,21801,A,N,D,C,A,A,H,-,D,D,0,,,Y,,Y,,D,22,1,0,0,0,0,0,0,0,1,"- ","- ",34.473730000000003,-117.12537,"SAN BERNARDINO",UNINCORPORATED,-117.1253482,34.473775879999998
9030261,2019,2020-01-22,3607,2019-09-04,0533,80543,215,3,5,6,3607,0,0,0,,0,042,"DUPONT AV","JURUPA ST",100.00,S,N,A,-,N,,,,,,,,,,N,2,0,1,2,A,-,11,21954,A,F,G,B,E,A,H,-,B,D,0,Y,,,,Y,Y,N,60,1,0,0,0,1,0,0,0,0,"- ","- ",,,"SAN BERNARDINO",ONTARIO,-117.56251525878906,34.047840118408203
90306386,2016,2016-10-31,9865,2016-10-23,1050,018392,,7,1,9,3600,0,1,3,,2,015,SR-189,"BLUE JAY CUTOFF",400.00,E,N,B,-,Y,,,189,,,,,,,N,2,0,1,1,C,-,18,,,N,E,H,A,A,H,-,A,D,0,,,Y,,Y,,-,"- ",1,0,0,0,0,0,0,0,1,"- ","- ",34.241799999999998,-117.21496,"SAN BERNARDINO",UNINCORPORATED,-117.21507183,34.241856800000001
90306581,2016,2017-02-13,9860,2016-10-28,1450,017919,,5,2,6,3610,0,1,1,,2,103,"I-10 W/B TO I-215 N/B","HUNT LN",1742.00,W,N,B,-,Y,,,10,,,,R,,W,Y,2,0,1,1,A,-,03,22350,,N,E,I,A,A,H,-,A,D,0,,,Y,,Y,,C,02,1,0,0,0,0,0,0,0,1,"- ","- ",34.06485,-117.294,"SAN BERNARDINO","SAN BERNARDINO",-117.294,34.06485
90306704,2016,2016-10-31,9860,2016-10-23,0257,020614,,7,3,9,3600,0,3,5,,2,002,"KERN ST","DUFFY ST",0.00,,Y,A,-,N,,,,,,,,,,Y,2,0,1,2,A,-,01,23152,A,F,D,C,A,A,H,-,D,D,0,,,,,Y,Y,A,01,1,0,0,0,0,0,0,0,0,"- ","- ",34.154229999999998,-117.3442,"SAN BERNARDINO",UNINCORPORATED,-117.3442,34.154200000000003
90307895,2016,2016-11-01,9860,2016-10-19,0842,017571,,3,1,4,3603,0,1,1,,2,214,"I-215 S/B","WASHINGTON STREET",3696.00,N,N,A,-,Y,,,215,,,,,,S,Y,2,0,1,3,A,-,03,22350,,N,C,C,A,A,H,-,A,D,0,,,Y,,Y,,A,01,1,0,0,0,0,0,0,0,1,"- ","- ",34.054810000000003,-117.29940000000001,"SAN BERNARDINO",COLTON,-117.29929718,34.054756660000002
90308007,2016,2016-11-01,9865,2016-10-25,1045,013542,,2,1,9,3600,0,1,3,,1,034,SR-18,"MPM 18 SBD 61.74",7.00,E,N,A,-,Y,,,18,,,,,,,Y,2,0,1,1,A,-,06,21755,,N,F,I,A,A,H,-,A,D,0,,,Y,,Y,,C,02,1,0,0,0,0,0,0,0,1,"- ","- ",34.318399999999997,-116.81704000000001,"SAN BERNARDINO",UNINCORPORATED,-116.81697917,34.318416139999997
9031018,2019,2020-01-25,3610,2019-11-16,0832,50917,,6,5,6,3610,0,0,0,,0,,"N D ST","W 7TH ST",0.00,,Y,A,-,N,,,,,,,,,,N,2,0,1,2,A,-,"- ",,,F,G,B,D,A,H,-,A,D,0,Y,,,,Y,,N,60,1,0,0,0,1,0,0,0,0,"- ","- ",34.112300872802734,-117.29197692871094,"SAN BERNARDINO","SAN BERNARDINO",-117.29190063476562,34.112041473388672
90312294,2016,2016-11-07,9860,2016-10-30,1710,018905,,7,2,9,3600,0,1,1,,2,152,"I-15 N/B","CLEGHORN FIRE ROAD",1584.00,N,N,B,C,Y,,,15,,,,,,N,Y,2,0,1,1,A,-,08,22107,,N,E,I,A,B,H,-,A,D,0,,,,,Y,,D,22,1,0,0,0,0,0,0,0,0,"- ","- ",34.302430000000001,-117.46021,"SAN BERNARDINO",UNINCORPORATED,-117.46025331,34.302384029999999
90312911,2016,2016-11-07,9850,2016-10-10,0528,018211,,1,3,9,3600,0,2,4,,2,057,"SHEEP CREEK RD","CACTUS RD",0.00,,Y,A,-,N,,,,,,,,,,Y,1,1,0,2,A,-,06,21750,,N,D,C,A,A,H,-,D,D,0,,,Y,,Y,,C,02,0,0,0,0,0,0,0,1,0,"- ","- ",34.535310000000003,-117.57288,"SAN BERNARDINO",UNINCORPORATED,-117.57288,34.535310000000003
90313709,2016,2017-06-12,9860,2016-08-13,2135,020856,,6,2,9,3600,0,1,1,,2,151,"INTERSTATE 15 NORTHBOUND","GLEN HELEN ROAD",1780.00,S,N,A,-,Y,,,15,,,,,,N,Y,1,2,0,2,A,-,03,22350,,N,C,C,A,A,D,-,D,D,0,,,,Y,Y,,A,01,0,0,0,0,0,0,0,0,0,"- ","- ",34.210129999999999,-117.41261,"SAN BERNARDINO",UNINCORPORATED,-117.41261983,34.210132260000002
90315617,2016,2017-05-19,9870,2016-11-03,1615,019709,,4,2,9,3600,0,1,3,,1,011,"SR-62 (TWENTYNINE PALMS HIGHWAY)","SUNDOWN TRL.",1042.00,E,N,A,-,Y,,,62,,,,,,,Y,1,1,1,2,A,-,01,23152,A,N,D,C,A,A,H,-,A,D,0,,,Y,,Y,Y,C,02,0,0,1,0,0,0,0,1,0,"- ","- ",34.079799999999999,-116.53663,"SAN BERNARDINO",UNINCORPORATED,-116.53660066,34.079748119999998
90315654,2016,2016-11-09,9870,2016-11-08,0500,019208,,2,3,9,3600,0,1,3,,1,031,"SR-62 (TWENTYNINE PALMS HIGHWAY)","ROTARY WAY",106.00,W,N,A,-,Y,,,62,,,,,,,Y,2,0,1,2,A,-,03,22350,,N,C,C,A,A,H,-,C,D,0,,,,,Y,,D,22,1,0,0,0,0,0,0,0,0,"- ","- ",34.135170000000002,-116.21250999999999,"SAN BERNARDINO",UNINCORPORATED,-116.21251019,34.135139240000001
90316677,2016,2016-11-10,9850,2016-10-31,1456,020559,,1,2,5,3612,1,4,S,,2,901,"RIDGECREST RD","PEBBLE BEACH DR",0.00,,Y,A,-,N,,,,,,,,,,Y,2,0,2,2,A,-,12,21453,A,N,D,C,A,A,H,-,A,A,0,,,,,Y,,A,01,1,1,0,0,0,0,0,0,0,"- ","- ",34.485199999999999,-117.2773,"SAN BERNARDINO",VICTORVILLE,-117.27734004,34.485180010000001
90317723,2016,2016-11-14,9860,2016-11-05,0030,020387,,6,3,4,3640,0,1,1,,2,106,"I-10 WESTBOUND","LIVE OAK CANYON RD.",4805.00,E,N,A,-,Y,,,10,,,,,,W,Y,2,0,1,2,A,-,08,22107,,N,B,C,A,A,H,-,D,D,0,,,Y,Y,Y,,C,02,1,0,0,0,0,0,0,0,1,"- ","- ",34.013959999999997,-117.08019,"SAN BERNARDINO",YUCAIPA,-117.08018985,34.01396072
90317984,2016,2016-11-14,9860,2016-11-07,1555,15763,,1,2,3,3615,0,1,1,,2,104,"I-10 W/B","MOUNTAIN VIEW AVENUE",79.00,W,N,A,-,Y,,,10,,,,,,W,Y,2,0,4,3,A,-,03,22350,,N,C,C,A,A,H,-,A,D,0,,,,,Y,,A,01,1,0,3,0,0,0,0,0,0,"- ","- ",34.066699999999997,-117.24415,"SAN BERNARDINO","LOMA LINDA",-117.24415014,34.0667373
90319613,2016,2016-11-15,9870,2016-11-13,1355,019921,,7,1,9,3600,0,3,5,,2,001,"PIONEERTOWN RD.","SHELTER COVE LN.",276.00,S,N,A,-,N,,,,,,,,,,Y,2,0,1,1,A,-,01,23152,A,N,E,I,A,A,H,-,A,D,0,,,Y,,Y,Y,C,02,1,0,0,0,0,0,0,0,1,"- ","- ",34.135240000000003,-116.45863,"SAN BERNARDINO",UNINCORPORATED,-116.4631,34.138399999999997
90321418,2016,2016-11-21,9860,2016-11-14,1612,014829,,1,2,9,3600,0,1,1,,2,151,"I-15 S/B","CLEGHORN RD",6864.00,S,N,A,-,Y,,,15,,,,,,S,Y,1,1,0,2,A,-,08,22107,,N,B,C,A,A,H,-,A,D,0,,,Y,,Y,,C,02,0,0,0,0,0,0,0,1,0,"- ","- ",34.27946,-117.45207000000001,"SAN BERNARDINO",UNINCORPORATED,-117.45223228,34.279421980000002
90321492,2016,2016-11-17,9835,2016-11-04,0215,017724,,5,3,9,3600,0,1,1,,2,070,"INTERSTATE 15 (S/B) MOJAVE FREEWAY","HODGE ROAD O/C",6811.00,N,N,A,-,Y,,,15,,,,,,,Y,2,0,2,2,A,-,03,22350,,N,C,C,A,A,H,-,D,D,0,,,,,Y,,D,22,1,1,0,0,0,0,0,0,0,"- ","- ",34.768129999999999,-117.14832,"SAN BERNARDINO",UNINCORPORATED,-117.14832672999999,34.768138350000001
9032280,2019,2020-01-25,3610,2019-11-20,1644,,,3,5,6,3610,0,0,0,,0,,"N PALM AV","W MEYERS RD",57.00,N,N,B,-,N,,,,,,,,,,Y,2,0,1,1,A,-,03,22350,I,N,E,I,A,B,H,-,B,D,0,,,,,Y,,A,01,1,0,0,0,0,0,0,0,0,"- ","- ",34.200168609619141,-117.35552978515625,"SAN BERNARDINO","SAN BERNARDINO",-117.35520935058594,34.200778961181641
90325031,2016,2016-11-18,9855,2016-11-05,1040,020487,,6,1,6,3604,0,3,5,,2,004,"ARROW BLVD","LIME AVE",20.00,E,N,A,-,N,,,,,,,,,,N,2,0,1,2,A,-,09,21802,A,N,D,G,A,A,H,-,A,D,0,,Y,,,Y,,L,04,1,0,0,0,0,0,1,0,0,"- ","- ",34.099240000000002,-117.4645,"SAN BERNARDINO",FONTANA,-117.46458413000001,34.09927046
90328482,2016,2016-11-23,9835,2016-08-26,1125,021160,,5,1,9,3600,0,1,1,,2,074,"INTERSTATE 15 NORTHBOUND","ZZYZX RD",2534.00,N,N,B,-,Y,,,,,,,,,,Y,1,1,2,1,A,-,08,22107,,N,F,A,A,A,H,-,A,D,0,,,,,Y,,A,01,0,2,0,0,0,0,0,0,0,"- ","- ",35.114899999999999,-116.0753,"SAN BERNARDINO",UNINCORPORATED,-116.1326806,35.196463569999999
90330040,2016,2016-11-28,9860,2016-11-20,1345,017018,,7,1,6,3610,0,1,1,,2,201,"SR-210 EASTBOUND","CAJON BLVD",10.00,E,N,A,-,Y,,,210,,,,,,E,Y,2,0,3,2,A,-,08,22107,,N,E,I,A,A,H,-,A,D,0,,,,,Y,,A,01,2,1,0,0,0,0,0,0,0,"- ","- ",34.142769999999999,-117.32145,"SAN BERNARDINO","SAN BERNARDINO",-117.32149097,34.142811289999997
90330097,2016,2016-11-28,9860,2016-11-24,1010,019674,,4,1,6,3610,0,1,1,,2,216,"I-215 N/B","9TH ST.",62.00,S,N,A,-,Y,,,215,,,,,,N,Y,2,0,6,3,A,-,03,22350,,N,C,C,A,A,C,-,A,D,0,,,,,Y,,D,22,1,4,1,0,0,0,0,0,0,"- ","- ",34.11562,-117.30233,"SAN BERNARDINO","SAN BERNARDINO",-117.30278058,34.1156188
90332282,2016,2016-11-29,9855,2016-11-20,1835,020367,,7,2,5,3602,0,1,3,,2,603,"SR-60 E/B (POMONA FWY)","RAMONA AVE.",1100.00,W,N,B,C,Y,,,60,,,,,,E,N,2,0,2,1,A,-,08,22107,,N,E,I,A,B,H,-,C,D,0,,,,,Y,,A,01,1,1,0,0,0,0,0,0,0,"- ","- ",34.030169999999998,-117.71056,"SAN BERNARDINO",CHINO,-117.71055488,34.030023640000003
90334348,2016,2017-06-07,9850,2016-11-02,2313,021159,,3,3,9,3600,0,1,2,,2,054,US-395,"MULZ RD.",5808.00,S,N,A,-,Y,,,395,,,,,,,Y,1,2,1,2,A,-,01,23152,F,N,A,C,A,A,H,-,D,D,0,,,,,Y,,A,07,1,0,0,0,0,0,0,0,0,"- ","- ",34.687460000000002,-117.44896,"SAN BERNARDINO",UNINCORPORATED,-117.44900712,34.687444110000001
90335936,2016,2016-12-02,9835,2016-11-22,1650,16820,,2,2,9,3600,0,3,5,,2,032,"NATIONAL TRAILS HWY","FRONTIER ROAD",203.00,W,N,A,-,N,,,,,,,,,,Y,1,1,0,1,A,-,08,22107,,N,E,I,A,A,H,-,B,D,0,,,,,Y,,A,01,0,0,0,0,0,0,0,0,0,"- ","- ",34.789369999999998,-117.24182,"SAN BERNARDINO",UNINCORPORATED,-117.24139027,34.789617149999998
90335953,2016,2016-12-02,9870,2016-11-25,1335,019921,,5,1,9,3600,0,3,5,,2,002,"BODICK RD. (4700 BLOCK)","CHIA TRAIL",642.00,W,N,A,-,N,,,,,,,,,,N,2,0,1,2,B,-,22,,,N,A,C,A,A,H,-,A,D,0,,,Y,,Y,,C,02,1,0,0,0,0,0,0,0,1,"- ","- ",34.339019999999998,-116.4766,"SAN BERNARDINO",UNINCORPORATED,-116.48088362,34.339286940000001
90340641,2016,2016-12-08,9860,2016-11-28,2224,018708,,1,3,9,3600,0,2,4,,2,411,"CEDAR AVE. N/B","JURUPA AVE",495.00,N,N,A,-,N,,,,,,,,,,N,2,0,1,2,A,-,11,21956,,N,G,B,E,A,H,-,D,D,0,Y,,,,Y,,N,60,1,0,0,0,1,0,0,0,0,"- ","- ",34.050190000000001,-117.3963,"SAN BERNARDINO",UNINCORPORATED,-117.39639192999999,34.049876240000003
90340649,2016,2016-12-08,9855,2016-11-16,1550,016829,,3,2,9,3600,0,2,4,,2,031,"MT. BALDY ROAD","SAN ANTONIO CREEK DR.",160.00,S,N,A,-,N,,,,,,,,,,Y,1,1,2,2,A,-,08,22107,,N,A,C,A,A,H,-,A,D,0,,,Y,,Y,,C,02,0,2,0,0,0,0,0,1,0,"- ","- ",34.238529999999997,-117.65531,"SAN BERNARDINO",UNINCORPORATED,-117.65469901,34.237985160000001
90340826,2016,2017-01-27,9860,2016-11-29,0501,012530,,2,3,5,3609,0,1,1,,2,201,"SR-210 E/B","ALDER AVENUE O/C",1390.00,W,N,A,-,Y,,,210,,,,,,E,Y,1,1,0,2,A,-,03,22350,,N,D,C,A,A,H,-,C,D,0,,,,Y,Y,,A,01,0,0,0,0,0,0,0,0,0,"- ","- ",34.136290000000002,-117.42335,"SAN BERNARDINO",RIALTO,-117.42335004,34.136300830000003
90340866,2016,2016-12-09,9860,2016-11-26,1200,014777,,6,1,9,3600,0,3,5,,2,002,"MACY STREET","PORTER STREET",70.00,S,N,B,-,N,,,,,,,,,,N,2,0,1,2,A,-,11,21954,A,N,G,B,D,A,H,-,A,D,0,Y,,,,Y,,N,60,1,0,0,0,1,0,0,0,0,"- ","- ",34.141089999999998,-117.33982,"SAN BERNARDINO",UNINCORPORATED,-117.33984106,34.141298220000003
90341447,2016,2017-06-12,9860,2016-08-28,1434,019251,,7,2,9,3600,0,1,3,,1,010,"STATE ROUTE 138","SUMMIT VALLEY ROAD",195.00,W,N,A,-,Y,,,138,,,,,,,Y,1,1,1,2,A,-,06,21750,,N,D,C,A,A,H,-,A,D,0,,,Y,,Y,,C,02,0,1,0,0,0,0,0,1,0,"- ","- ",34.32273,-117.39895,"SAN BERNARDINO",UNINCORPORATED,-117.39892825,34.322854659999997
90341773,2016,2016-12-12,9865,2016-12-08,1950,020822,,4,2,9,3600,0,1,3,,1,039,SR-38,"BALDWIN LN",0.00,,Y,A,-,Y,,,38,,,,,,,Y,2,0,3,2,A,-,09,21801,A,N,D,C,A,A,H,-,D,D,0,,,,,Y,,A,01,1,2,0,0,0,0,0,0,0,"- ","- ",34.250509999999998,-116.81574000000001,"SAN BERNARDINO",UNINCORPORATED,-116.81564988,34.250601240000002
90342752,2016,2016-12-12,9855,2016-11-20,2305,020081,,7,3,5,3611,0,1,1,,2,203,"SR-210 E/B (FOOTHILL FWY)","SAN ANTONIO AVE.",200.00,W,N,B,C,Y,,,210,,,,,,E,Y,2,0,3,2,A,-,00,21568,,N,C,C,A,B,H,-,C,D,0,,,,,Y,,A,01,1,2,0,0,0,0,0,0,0,"- ","- ",34.134509999999999,-117.65210999999999,"SAN BERNARDINO",UPLAND,-117.65211053,34.134583169999999
90342776,2016,2016-12-12,9855,2016-11-21,0010,020081,,1,3,6,3607,0,1,1,,2,103,"I-10 E/B (SAN BERNARDINO FWY)","EUCLID AVE.",2200.00,W,N,B,C,Y,,,10,,,,,,E,Y,2,0,3,2,A,-,03,22350,,N,D,C,A,B,H,-,C,D,0,,,,,Y,,D,22,2,0,1,0,0,0,0,0,0,"- ","- ",34.08719,-117.65897,"SAN BERNARDINO",ONTARIO,-117.65897011,34.087240639999997