CASE_ID,ACCIDENT_YEAR,PROC_DATE,JURIS,COLLISION_DATE,COLLISION_TIME,OFFICER_ID,REPORTING_DISTRICT,DAY_OF_WEEK,CHP_SHIFT,POPULATION,CNTY_CITY_LOC,SPECIAL_COND,BEAT_TYPE,CHP_BEAT_TYPE,CITY_DIVISION_LAPD,CHP_BEAT_CLASS,BEAT_NUMBER,PRIMARY_RD,SECONDARY_RD,DISTANCE,DIRECTION,INTERSECTION,WEATHER_1,WEATHER_2,STATE_HWY_IND,CALTRANS_COUNTY,CALTRANS_DISTRICT,STATE_ROUTE,ROUTE_SUFFIX,POSTMILE_PREFIX,POSTMILE,LOCATION_TYPE,RAMP_INTERSECTION,SIDE_OF_HWY,TOW_AWAY,COLLISION_SEVERITY,NUMBER_KILLED,NUMBER_INJURED,PARTY_COUNT,PRIMARY_COLL_FACTOR,PCF_CODE_OF_VIOL,PCF_VIOL_CATEGORY,PCF_VIOLATION,PCF_VIOL_SUBSECTION,HIT_AND_RUN,TYPE_OF_COLLISION,MVIW,PED_ACTION,ROAD_SURFACE,ROAD_COND_1,ROAD_COND_2,LIGHTING,CONTROL_DEVICE,CHP_ROAD_TYPE,PEDESTRIAN_ACCIDENT,BICYCLE_ACCIDENT,MOTORCYCLE_ACCIDENT,TRUCK_ACCIDENT,NOT_PRIVATE_PROPERTY,ALCOHOL_INVOLVED,STWD_VEHTYPE_AT_FAULT,CHP_VEHTYPE_AT_FAULT,COUNT_SEVERE_INJ,COUNT_VISIBLE_INJ,COUNT_COMPLAINT_PAIN,COUNT_PED_KILLED,COUNT_PED_INJURED,COUNT_BICYCLIST_KILLED,COUNT_BICYCLIST_INJURED,COUNT_MC_KILLED,COUNT_MC_INJURED,PRIMARY_RAMP,SECONDARY_RAMP,LATITUDE,LONGITUDE,COUNTY,CITY,POINT_X,POINT_Y
90747507,2018,2018-06-13,9855,2018-06-05,0806,015919,,2,1,5,3611,0,1,1,,2,103,"I-10 W/B FROM EUCLID AVENUE","SAN ANTONIO AVE.",1250.00,E,N,B,-,Y,,,10,,,,R,,W,Y,2,0,1,4,A,-,08,22107,,N,B,C,A,A,H,-,A,D,0,,,,Y,Y,,A,01,1,0,0,0,0,0,0,0,0,"- ","- ",34.087471008300781,-117.65634155273438,"SAN BERNARDINO",UPLAND,-117.65634155273438,34.087471008300781
90748897,2018,2018-06-15,9855,2018-06-07,2133,020006,,4,2,6,3607,0,1,1,,2,103,"I-10 E/B TO VINEYARD AVE.","VINEYARD AVE.",478.00,W,N,A,-,Y,,,10,,,,R,,E,Y,2,0,1,1,A,-,08,22107,,N,E,I,A,A,H,-,C,D,0,,,,,Y,,A,01,1,0,0,0,0,0,0,0,0,"- ","- ",34.070888519287109,-117.61251831054688,"SAN BERNARDINO",ONTARIO,-117.61251831054688,34.070888519287109
90749853,2018,2018-06-18,9850,2018-06-12,0206,#19552,,2,3,9,3600,0,2,4,,2,055,"NATIONAL TRAILS HIGHWAY","WILDERNESS CT.",1585.00,S,N,A,-,N,,,,,,,,,,Y,2,0,1,1,A,-,08,22107,,N,E,I,A,A,H,-,D,D,0,,,,,Y,,A,07,1,0,0,0,0,0,0,0,0,"- ","- ",34.585098266601562,-117.33206176757812,"SAN BERNARDINO",UNINCORPORATED,-117.33192443847656,34.585071563720703
90749901,2018,2018-06-18,9834,2018-06-14,1300,020342,,4,1,9,3600,0,1,3,,1,064,"SR-62 W/B",US-95,8448.00,W,N,A,G,Y,,,62,,,,,,W,Y,2,0,1,1,A,-,08,22107,,N,F,A,A,A,H,-,A,D,0,,,Y,,Y,,C,02,1,0,0,0,0,0,0,0,1,"- ","- ",34.183788299560547,-114.59696197509766,"SAN BERNARDINO",UNINCORPORATED,-114.59696960449219,34.183799743652344
90751271,2018,2018-06-19,9855,2018-06-04,1353,015337,,1,1,6,3604,0,1,1,,2,153,"I-15 S/B (ONTARIO FWY)","CHERRY AVE.",699.00,N,N,A,-,Y,,,15,,,,,,S,Y,2,0,1,3,A,-,03,22350,,N,C,C,A,A,H,-,A,D,0,,,Y,,Y,,C,02,1,0,0,0,0,0,0,0,1,"- ","- ",34.147281646728516,-117.48312377929688,"SAN BERNARDINO",FONTANA,-117.48308563232422,34.147239685058594
90752309,2018,2018-06-20,9855,2018-06-03,0350,020664,,7,3,6,3607,0,1,1,,2,103,"I-10 E/B (SAN BERNARDINO FWY)","6TH ST.",200.00,E,N,A,-,Y,,,10,,,,,,E,Y,2,0,2,2,A,-,01,23152,A,N,B,C,A,A,H,-,C,D,0,,,,,Y,Y,A,01,2,0,0,0,0,0,0,0,0,"- ","- ",34.084671020507812,-117.63571929931641,"SAN BERNARDINO",ONTARIO,-117.63573455810547,34.084640502929688
90752842,2018,2018-09-21,9865,2018-06-20,1757,020073,,3,2,9,3600,0,1,3,,2,021,SR-330,"HIGHLAND AVE",9187.00,N,N,A,-,Y,,,330,,,,,,,Y,2,0,6,2,A,-,05,21460,A,N,A,C,A,A,H,-,A,D,0,,,,,Y,,A,07,2,4,0,0,0,0,0,0,0,"- ","- ",34.15985107421875,-117.18319702148438,"SAN BERNARDINO",UNINCORPORATED,-117.18317413330078,34.159828186035156
90752972,2018,2018-06-21,9865,2018-06-14,1633,014696,,4,2,9,3600,0,1,3,,2,017,SR-173,"EMERALD DRIVE (WEST)",1056.00,E,N,A,-,Y,,,173,,,,,,,Y,2,0,2,2,A,-,09,21804,A,N,D,C,A,A,H,-,A,D,0,,,Y,,Y,Y,D,22,1,0,1,0,0,0,0,0,1,"- ","- ",34.25714111328125,-117.16744232177734,"SAN BERNARDINO",UNINCORPORATED,-117.16746520996094,34.257118225097656
90753375,2018,2018-06-21,9860,2018-06-08,1611,019321,,5,2,9,3600,0,3,5,,2,004,"PEPPER ST.","9TH ST",0.00,,Y,A,-,N,,,,,,,,,,N,2,0,1,2,A,-,06,21750,A,F,D,C,A,A,H,-,A,D,0,,,Y,,Y,,C,02,1,0,0,0,0,0,0,0,1,"- ","- ",34.042488098144531,-117.39418792724609,"SAN BERNARDINO",UNINCORPORATED,-117.39421844482422,34.042510986328125
90753973,2018,2018-06-22,9835,2018-03-19,0445,21160,,1,3,9,3600,0,1,3,,1,020,SR-127,"IBEX SPRING RD",13147.00,S,N,A,-,Y,,,,,,,,,,Y,1,1,0,1,A,-,08,22107,,N,E,I,A,A,H,-,D,D,0,,,,,Y,,A,01,0,0,0,0,0,0,0,0,0,"- ","- ",35.718601226806641,-116.23989868164062,"SAN BERNARDINO",UNINCORPORATED,-116.31275939941406,35.738929748535156
90754009,2018,2018-06-22,9835,2018-03-01,0413,15807,,4,3,9,3600,0,1,1,,2,075,"INTERSTATE 15 SOUTHBOUND","HALLORAN SPRINGS RD.",22915.00,S,N,A,-,Y,,,,,,,,,,Y,1,1,0,1,A,-,01,23152,F,N,F,A,A,A,H,-,D,D,0,,,,,Y,,A,07,0,0,0,0,0,0,0,0,0,"- ","- ",35.201000213623047,-115.57479858398438,"SAN BERNARDINO",UNINCORPORATED,,
90754173,2018,2018-06-25,9850,2018-06-09,1800,021758,,6,2,9,3600,0,3,5,,2,006,"EAST OF SR-2","WRIGHT MOUNTAIN RD",2957.00,N,N,A,-,N,,,,,,,,,,Y,2,0,1,1,A,-,01,23152,A,M,E,J,A,A,H,-,A,D,0,,,,,Y,Y,D,22,1,0,0,0,0,0,0,0,0,"- ","- ",34.364978790283203,-117.60315704345703,"SAN BERNARDINO",UNINCORPORATED,-117.60337829589844,34.364936828613281
90754669,2018,2018-06-25,9870,2018-06-16,2315,021782,,6,3,9,3600,0,1,3,,1,011,"STATE ROUTE 62 (29 PALMS HIGHWAY)","ENCELIA TRAIL",19.00,E,N,A,-,Y,,,,,,,,,,Y,2,0,1,1,A,-,08,22107,,N,E,I,A,A,H,-,C,D,0,,,,,Y,,A,01,1,0,0,0,0,0,0,0,0,"- ","- ",34.06549072265625,-116.55693817138672,"SAN BERNARDINO",UNINCORPORATED,-116.09816741943359,34.135398864746094
90755239,2018,2018-06-25,9834,2018-04-20,1625,018921,,5,2,9,3600,0,1,2,,1,095,US-95,"GOFFS ROAD",80784.00,N,N,A,-,Y,,,95,,,,,,,Y,1,1,4,2,A,-,05,21460,A,N,A,C,A,A,H,-,A,D,0,,,,,Y,,A,07,2,2,0,0,0,0,0,0,0,"- ","- ",35.158290863037109,-114.84121704101562,"SAN BERNARDINO",UNINCORPORATED,-114.84119415283203,35.158306121826172
90756155,2018,2018-06-26,9835,2018-06-20,0205,017111,,3,3,9,3600,0,1,1,,2,047,"I-40 W/B","CRUCERO RD",38544.00,E,N,A,-,Y,,,,,,,,,,Y,2,0,1,1,A,-,08,22107,,N,F,A,A,A,H,-,D,D,0,,,,Y,Y,,G,25,1,0,0,0,0,0,0,0,0,"- ","- ",34.425800323486328,-116.23300170898438,"SAN BERNARDINO",UNINCORPORATED,-116.03853607177734,34.716899871826172
90756684,2018,2018-06-27,9860,2018-03-04,0242,019269,,7,3,6,3610,0,1,1,,2,216,"I-215 N/B","9TH ST",550.00,S,N,A,-,Y,,,215,,,,,,N,Y,2,0,2,1,C,-,18,,,N,E,J,A,A,C,-,D,D,0,,,,,Y,,-,"- ",1,0,1,0,0,0,0,0,0,"- ","- ",34.114189147949219,-117.30248260498047,"SAN BERNARDINO","SAN BERNARDINO",-117.30277252197266,34.114185333251953
90757102,2018,2018-06-27,9855,2018-06-22,1817,019675,,5,2,4,3605,0,1,1,,2,103,"I-10 E/B (SAN BERNARDINO FWY)","BENSON AVE.",450.00,E,N,A,-,Y,,,10,,,,,,E,Y,2,0,1,2,A,-,03,22350,,N,C,C,A,A,H,-,A,D,0,,,Y,,Y,,C,02,1,0,0,0,0,0,0,0,1,"- ","- ",34.08721923828125,-117.6793212890625,"SAN BERNARDINO",MONTCLAIR,-117.6793212890625,34.087131500244141
90757485,2018,2018-06-27,9865,2018-06-25,1822,020872,,1,2,9,3600,0,1,3,,2,032,SR-18,"AEROPLANE BOULEVARD",20.00,E,N,A,-,Y,,,18,,,,,,,N,2,0,1,1,A,-,08,22107,,N,F,A,A,A,H,-,A,D,0,,Y,,,Y,,L,04,1,0,0,0,0,0,1,0,0,"- ","- ",34.259639739990234,-116.85636138916016,"SAN BERNARDINO",UNINCORPORATED,-116.85631561279297,34.259529113769531
90759519,2018,2018-06-29,9835,2018-06-11,0420,021160,,1,3,9,3600,0,1,1,,2,075,"INTERSTATE 15 SOUTHBOUND","HALLORAN SPRINGS RD",1584.00,S,N,A,-,Y,,,15,,,,,,S,Y,2,0,1,1,A,-,08,22107,,N,F,A,A,A,H,-,D,D,0,,,,,Y,,A,01,1,0,0,0,0,0,0,0,0,"- ","- ",35.373001098632812,-115.89620208740234,"SAN BERNARDINO",UNINCORPORATED,-115.89622497558594,35.373092651367188
90760085,2018,2018-06-29,9865,2018-06-24,0915,020725,,7,1,9,3600,0,1,3,,1,022,SR-18,"GREEN VALLEY LAKE RD",2112.00,N,N,A,-,Y,,,18,,,,,,,N,2,0,1,1,A,-,03,22350,,N,F,A,A,A,H,-,A,D,0,,,Y,,Y,,C,02,1,0,0,0,0,0,0,0,1,"- ","- ",34.22515869140625,-117.05911254882812,"SAN BERNARDINO",UNINCORPORATED,-117.05912017822266,34.225181579589844
90761929,2018,2018-07-03,9855,2018-06-26,1120,012923,,2,1,6,3604,0,1,1,,2,153,"I-15 S/B FROM BEECH AVE","BEECH AVE.",215.00,N,N,A,-,Y,,,15,,,,R,,S,N,2,0,1,1,A,-,08,22107,,N,F,A,A,A,H,-,A,D,0,,,Y,,Y,,C,02,1,0,0,0,0,0,0,0,1,"- ","- ",34.150009155273438,-117.47899627685547,"SAN BERNARDINO",FONTANA,-117.47899627685547,34.150009155273438
90762298,2018,2018-07-03,9835,2018-03-29,0726,21001,,4,1,9,3600,0,1,2,,1,014,US-395,"CUDDEBACK RD",5491.00,S,N,A,-,Y,,,395,,,,,,,Y,1,2,1,2,A,-,05,21460,C,N,A,C,A,A,H,-,A,D,0,,,,,Y,,D,22,1,0,0,0,0,0,0,0,0,"- ","- ",35.238491058349609,-117.60965728759766,"SAN BERNARDINO",UNINCORPORATED,-117.60965728759766,35.238491058349609
90762448,2018,2018-07-04,9860,2018-06-26,0520,012530,,2,3,5,3609,0,1,1,,2,201,"SR-210 E/B FROM AYALA DRIVE","AYALA DRIVE O/C.",1205.00,E,N,A,-,Y,,,210,,,,R,,E,Y,2,0,1,1,A,-,08,22107,,N,E,I,A,A,H,-,B,D,0,,,Y,,Y,,C,02,1,0,0,0,0,0,0,0,1,"- ","- ",34.135448455810547,-117.38269805908203,"SAN BERNARDINO",RIALTO,-117.38269805908203,34.135448455810547
90763784,2018,2018-07-23,9860,2018-07-02,0620,019429,,1,1,6,3610,0,1,1,,2,202,"SR-210 E/B","MUSCUPIABE DR",237.00,E,N,A,-,Y,,,210,,,,,,E,Y,2,0,2,1,A,-,08,22107,,N,F,A,A,A,H,-,A,D,0,,,,,Y,,A,01,1,1,0,0,0,0,0,0,0,"- ","- ",34.145511627197266,-117.30728149414062,"SAN BERNARDINO","SAN BERNARDINO",-117.30728149414062,34.145603179931641
90763925,2018,2018-07-06,9835,2018-06-28,1805,020389,,4,2,9,3600,0,1,2,,1,014,"RT 395",SR-58,6019.00,S,N,A,-,Y,,,395,,,,,,,Y,2,0,2,2,A,-,06,21750,A,N,A,C,A,A,H,-,A,D,0,,,,,Y,,A,01,1,1,0,0,0,0,0,0,0,"- ","- ",34.975898742675781,-117.53701019287109,"SAN BERNARDINO",UNINCORPORATED,-117.53701782226562,34.975898742675781
90766562,2018,2018-07-10,9850,2018-07-01,2500,022015,,7,4,9,3600,0,3,5,,2,005,"VICTORVILLE QUARRY RD","PUMA RD",1954.00,S,N,A,-,N,,,,,,,,,,Y,2,0,1,1,A,-,08,22107,,N,E,I,A,A,H,-,A,D,0,,,,,Y,,A,01,1,0,0,0,0,0,0,0,0,"- ","- ",34.615421295166016,-117.26171112060547,"SAN BERNARDINO",UNINCORPORATED,-117.26178741455078,34.615943908691406
90767328,2018,2018-07-11,9865,2018-06-28,1437,014696,,4,2,9,3600,0,1,3,,2,014,SR-138,"OLD MILL ROAD",2112.00,W,N,A,-,Y,,,138,,,,,,,Y,2,0,1,1,A,-,08,22107,,N,E,I,A,A,H,-,A,A,0,,,Y,,Y,,C,02,1,0,0,0,0,0,0,0,1,"- ","- ",34.260150909423828,-117.28655242919922,"SAN BERNARDINO",UNINCORPORATED,-117.28656768798828,34.260105133056641
90769205,2018,2018-07-16,9860,2018-07-05,1323,016646,,4,1,3,3690,0,1,1,,2,214,"I-215 S/B","NEWPORT AVENUE",177.00,N,N,A,-,Y,,,215,,,,,,S,Y,2,0,2,1,A,-,08,22107,,N,E,I,A,A,H,-,A,D,0,,,,,Y,,D,22,1,1,0,0,0,0,0,0,0,"- ","- ",34.03887939453125,-117.31935119628906,"SAN BERNARDINO","GRAND TERRACE",-117.31939697265625,34.038932800292969
90769208,2018,2018-07-16,9835,2018-07-07,0837,021090,,6,1,9,3600,0,1,1,,2,075,"I-15 N/B","E. BAKER BLVD",13464.00,N,N,A,-,Y,,,,,,,,,,Y,2,0,2,1,C,-,18,,,N,F,A,A,A,H,-,A,D,0,,,Y,,Y,,-,"- ",1,1,0,0,0,0,0,0,2,"- ","- ",35.277309417724609,-115.97405242919922,"SAN BERNARDINO",UNINCORPORATED,,
90773749,2018,2018-07-20,9835,2018-07-07,1420,020389,,6,2,9,3600,0,1,1,,2,047,"I-40 W/B","CRUCERO ROAD",16104.00,E,N,A,-,Y,,,,,,,,,,Y,2,0,5,1,A,-,08,22107,,N,F,A,A,A,H,-,A,D,0,,,,,Y,,A,07,2,3,0,0,0,0,0,0,0,"- ","- ",,,"SAN BERNARDINO",UNINCORPORATED,-116.10982513427734,34.727260589599609
90773754,2018,2018-07-20,9835,2018-05-28,0310,16683,,1,3,9,3600,0,1,1,,2,076,"I-15 S/B","CIMA RD",9398.00,N,N,A,-,Y,,,15,,,,,,S,Y,1,1,0,2,A,-,11,21954,A,N,G,B,E,A,H,-,D,D,0,Y,,,,Y,,N,60,0,0,0,1,0,0,0,0,0,"- ","- ",35.453498840332031,-115.64768981933594,"SAN BERNARDINO",UNINCORPORATED,-115.64772033691406,35.453594207763672
90774129,2018,2018-07-23,9860,2018-07-16,0255,020626,,1,3,9,3600,0,3,5,,2,002,"NOLAN ST","STATE ST.",160.00,W,N,A,-,N,,,,,,,,,,Y,2,0,1,1,A,-,01,23152,A,M,E,I,A,A,H,-,C,D,0,,,,,Y,Y,A,01,1,0,0,0,0,0,0,0,0,"- ","- ",34.153911590576172,-117.33602142333984,"SAN BERNARDINO",UNINCORPORATED,-117.33547210693359,34.152549743652344
90774387,2018,2018-07-23,9834,2018-07-15,0948,019916,,7,1,9,3600,0,1,3,,1,064,SR-62,US-95,79200.00,W,N,A,-,Y,,,62,,,,,,,Y,2,0,4,1,A,-,08,22107,,N,E,I,A,A,H,-,A,D,0,,,,,Y,,A,07,1,0,3,0,0,0,0,0,0,"- ","- ",34.080020904541016,-114.7913818359375,"SAN BERNARDINO",UNINCORPORATED,-114.79137420654297,34.080005645751953
90774637,2018,2018-07-23,9835,2018-07-02,0355,022078,,1,3,9,3600,0,1,1,,2,071,"I-15 N/B",SR-58,2112.00,N,N,A,-,Y,,,,,,,,,,Y,2,0,1,1,A,-,08,22107,,N,E,I,A,A,H,-,D,D,0,,,,,Y,Y,A,01,1,0,0,0,0,0,0,0,0,"- ","- ",34.873989105224609,-117.07247161865234,"SAN BERNARDINO",UNINCORPORATED,,
90775294,2018,2018-07-24,9855,2018-07-12,1719,019732,,4,2,9,3600,0,1,1,,2,101,"I-10 E/B (SAN BERNARDINO FWY)","ETIWANDA AVE.",800.00,E,N,B,-,Y,,,10,,,,,,E,Y,2,0,1,2,A,-,07,21658,A,N,B,C,A,A,H,-,A,D,0,,,Y,,Y,,A,01,1,0,0,0,0,0,0,0,1,"- ","- ",34.067478179931641,-117.522216796875,"SAN BERNARDINO",UNINCORPORATED,-117.522216796875,34.067459106445312
90775499,2018,2018-07-24,9865,2018-07-14,1440,017407,,6,2,9,3600,0,1,3,,1,022,"STATE ROUTE 18","DEEP CREEK DR",528.00,N,N,A,-,Y,,,18,,,,,,,Y,2,0,1,1,A,-,08,22107,,N,E,I,A,A,H,-,A,D,0,,,Y,,Y,,C,02,1,0,0,0,0,0,0,0,1,"- ","- ",34.211261749267578,-117.08325958251953,"SAN BERNARDINO",UNINCORPORATED,-117.08329010009766,34.211280822753906
90777457,2018,2018-07-26,9850,2018-07-19,1728,014858,,4,2,9,3600,0,3,5,,2,003,"ROCK SPRINGS ROAD","IROQUOIS AVE",23.00,E,N,A,-,N,,,,,,,,,,Y,2,0,3,2,A,-,05,21460,A,N,A,C,A,A,H,-,A,D,0,,,,,Y,,A,01,2,1,0,0,0,0,0,0,0,"- ","- ",34.418209075927734,-117.21186065673828,"SAN BERNARDINO",UNINCORPORATED,-117.21182250976562,34.41827392578125
90778581,2018,2018-07-27,9860,2018-07-19,1445,020654,,4,2,4,3603,0,1,1,,2,103,"I-10 E/B","MT VERNON AVE",200.00,W,N,A,-,Y,,,10,,,,,,E,Y,2,0,1,2,A,-,03,22350,,N,C,C,A,A,H,-,A,D,0,,,,,Y,,D,22,1,0,0,0,0,0,0,0,0,"- ","- ",34.064838409423828,-117.31446075439453,"SAN BERNARDINO",COLTON,-117.31446075439453,34.064868927001953
90778715,2018,2018-07-27,9835,2018-07-18,2314,019992,,3,3,9,3600,0,1,1,,2,043,"I-40 W/B","HIDDEN SPRINGS RD",1056.00,E,N,B,-,Y,,,,,,,,,,Y,2,0,3,3,A,-,03,22350,,N,C,C,A,A,H,-,D,D,0,,,,Y,Y,,G,25,2,1,0,0,0,0,0,0,0,"- ","- ",34.840408325195312,-115.79654693603516,"SAN BERNARDINO",UNINCORPORATED,-116.79993438720703,34.840957641601562
90778807,2018,2018-07-27,9865,2018-07-23,0545,014729,,1,3,9,3600,0,1,3,,1,039,SR-38,"FOREST ROAD 2N01",1056.00,E,N,A,-,Y,,,38,,,,,,,Y,2,0,1,1,A,-,08,22107,,N,E,I,A,A,H,-,B,D,0,,,Y,,Y,,C,02,1,0,0,0,0,0,0,0,1,"- ","- ",34.208419799804688,-116.74049377441406,"SAN BERNARDINO",UNINCORPORATED,-116.74043273925781,34.208465576171875
90779596,2018,2018-07-30,9870,2018-07-19,1800,021924,,4,2,9,3600,0,3,5,,2,001,"PIONEERTOWN ROAD","SANDY WAY",215.00,S,N,A,-,N,,,,,,,,,,Y,2,0,1,1,A,-,01,23152,A,N,E,I,A,A,H,-,A,D,0,,,Y,,Y,Y,C,02,1,0,0,0,0,0,0,0,1,"- ","- ",34.137081146240234,-116.47191619873047,"SAN BERNARDINO",UNINCORPORATED,-116.47190856933594,34.137157440185547
9078033,2020,2020-09-23,3600,2020-03-19,1313,D2561,VC070,4,5,5,3612,0,0,0,,0,VC5,"PALMDALE RD","RT 395",0.00,,Y,A,-,Y,SBD,8,18,-,-,10.094,H,-,S,Y,2,0,1,2,A,-,09,21804,A,N,D,C,A,A,H,-,A,A,0,,,,,Y,,A,07,1,0,0,0,0,0,0,0,0,"- ","- ",,,"SAN BERNARDINO",VICTORVILLE,-117.2877197265625,34.187381744384766
90780473,2018,2018-12-20,9834,2018-06-17,0535,018921,,7,3,9,3600,0,1,1,,2,040,"INTERSTATE 40 (NEEDLES FREEWAY)","KELBAKER ROAD",18480.00,E,N,A,-,Y,,,40,,,,,,,Y,1,2,0,2,A,-,01,23152,G,N,C,C,A,A,H,-,B,D,0,,,,Y,Y,Y,A,01,0,0,0,0,0,0,0,0,0,"- ","- ",34.726329803466797,-115.61982727050781,"SAN BERNARDINO",UNINCORPORATED,-115.61983489990234,34.726356506347656
90780623,2018,2018-07-30,9860,2018-07-22,1758,021675,,7,2,9,3600,0,1,1,,2,152,"I-15 S/B","OAK HILL RD",4224.00,S,N,A,-,Y,,,15,,,,,,S,Y,2,0,1,2,A,-,08,22107,,N,C,C,A,A,H,-,A,D,0,,,Y,,Y,,C,02,1,0,0,0,0,0,0,0,1,"- ","- ",34.352588653564453,-117.4415283203125,"SAN BERNARDINO",UNINCORPORATED,-117.44157409667969,34.352645874023438
90781084,2018,2018-07-31,9860,2018-05-04,0508,019321,,5,3,5,3608,0,1,1,,2,104,"INTERSTATE 10 WESTBOUND","CALIFORNIA STREET",2640.00,W,N,A,-,Y,,,10,,,,,,W,Y,1,1,0,1,A,-,08,22107,,N,E,I,A,A,H,-,C,D,0,,,,,Y,,D,22,0,0,0,0,0,0,0,0,0,"- ","- ",34.066848754882812,-117.23430633544922,"SAN BERNARDINO",REDLANDS,-117.23430633544922,34.066726684570312
90781517,2018,2018-07-31,9835,2018-07-25,0540,16820,,3,3,9,3600,0,1,1,,2,070,"I-15 S/B","HODGE ROAD",5544.00,N,N,A,-,Y,,,15,,,,,,S,Y,2,0,3,2,A,-,03,22350,,N,C,C,A,A,H,-,D,D,0,,,,,Y,,A,01,1,2,0,0,0,0,0,0,0,"- ","- ",34.763561248779297,-117.15422821044922,"SAN BERNARDINO",UNINCORPORATED,-117.15414428710938,34.763450622558594
90781895,2018,2018-08-01,9835,2018-06-05,2316,015807,,2,3,9,3600,0,1,1,,2,073,"INTERSTATE 15 SOUTHBOUND","FIELD RD.",9926.00,S,N,A,-,Y,,,,,,,,,,Y,1,1,3,1,A,-,08,22107,,N,F,A,A,A,H,-,D,D,0,,,,,Y,,A,01,1,1,1,0,0,0,0,0,0,"- ","- ",35.594501495361328,-116.34169769287109,"SAN BERNARDINO",UNINCORPORATED,,
90782667,2018,2018-08-02,9855,2018-06-02,0349,020081,,6,3,6,3616,0,1,1,,2,153,"I-15 N/B (ONTARIO FWY)","BASELINE RD.",1500.00,N,N,A,-,Y,,,15,,,,,,N,N,2,0,1,2,A,-,11,21954,A,N,G,B,E,A,H,-,C,D,0,Y,,,Y,Y,Y,N,60,1,0,0,0,1,0,0,0,0,"- ","- ",34.124679565429688,-117.50968170166016,"SAN BERNARDINO","RANCHO CUCAMONGA",-117.50969696044922,34.124698638916016
90783445,2018,2018-08-02,9860,2018-07-27,0105,020596,,5,3,4,3603,0,1,1,,2,103,"I-10 E/B","9TH ST",1100.00,W,N,A,-,Y,,,10,,,,,,E,Y,2,0,1,2,A,-,01,23152,A,N,C,C,A,A,H,-,C,D,0,,,Y,,Y,Y,C,02,1,0,0,0,0,0,0,0,1,"- ","- ",34.066089630126953,-117.32833099365234,"SAN BERNARDINO",COLTON,-117.32833099365234,34.066143035888672
90784158,2018,2018-08-06,9835,2018-07-29,2121,20973,,7,2,9,3600,0,1,1,,2,047,"I-40 W/B","CRUCERO RD",65472.00,E,N,A,-,Y,,,40,,,,,,W,Y,2,0,1,3,A,-,03,22350,,N,C,C,A,A,H,-,D,D,0,,,,Y,Y,,A,01,1,0,0,0,0,0,0,0,0,"- ","- ",34.725448608398438,-115.94721984863281,"SAN BERNARDINO",UNINCORPORATED,-115.94721984863281,34.725444793701172
90785628,2018,2018-08-07,9865,2018-08-01,0805,018392,,3,1,9,3600,0,3,5,,2,001,"SAN MORITZ DR","MONTREAUX DR",536.00,E,N,A,-,N,,,,,,,,,,Y,2,0,1,2,A,-,01,23152,A,N,B,C,A,A,H,-,A,D,0,,,,Y,Y,Y,A,07,1,0,0,0,0,0,0,0,0,"- ","- ",34.240409851074219,-117.27014923095703,"SAN BERNARDINO",UNINCORPORATED,-117.27030944824219,34.2403564453125
90785640,2018,2018-08-07,9855,2018-07-26,2235,020161,,4,3,6,3604,0,1,1,,2,201,"SR-210 E/B (FOOTHILL FWY)","CITRUS AVE.",50.00,W,N,A,-,Y,,,210,,,,,,E,Y,2,0,3,1,A,-,01,23152,A,N,E,I,A,A,H,-,C,D,0,,,,,Y,Y,A,01,1,2,0,0,0,0,0,0,0,"- ","- ",34.136360168457031,-117.45400238037109,"SAN BERNARDINO",FONTANA,-117.45400238037109,34.136276245117188
9078738,2020,2020-10-27,3604,2020-03-06,1654,769,,5,5,6,3604,0,0,0,,0,004,"JURUPA AV","ALMOND AV",0.00,,Y,A,-,N,,,,,,,,,,Y,2,0,1,2,A,-,12,21453,A,N,D,C,A,A,H,-,A,A,0,,,Y,,Y,,C,02,1,0,0,0,0,0,0,0,1,"- ","- ",,,"SAN BERNARDINO",FONTANA,-117.49337768554688,34.048168182373047
90787736,2018,2018-08-09,9835,2018-06-15,2325,022078,,5,3,9,3600,0,1,1,,2,073,"I-15 N/B","ALVORD MOUNTAIN RD",1584.00,S,N,A,-,Y,,,15,,,,,,N,Y,1,3,0,1,A,-,08,22107,,N,F,A,A,A,H,-,D,D,0,,,,,Y,,A,07,0,0,0,0,0,0,0,0,0,"- ","- ",34.982479095458984,-116.60115814208984,"SAN BERNARDINO",UNINCORPORATED,-116.60115814208984,34.98248291015625
90787943,2018,2018-08-09,9865,2018-07-30,1405,019929,,1,2,9,3600,0,3,5,,2,002,"GREEN VALLEY LAKE RD",SR-18,7920.00,W,N,A,-,N,,,,,,,,,,Y,2,0,1,1,A,-,01,23152,A,N,E,I,A,A,H,-,A,D,0,,,,,Y,Y,D,22,1,0,0,0,0,0,0,0,0,"- ","- ",34.224468231201172,-117.09085845947266,"SAN BERNARDINO",UNINCORPORATED,-117.09136199951172,34.22467041015625