CASE_ID,ACCIDENT_YEAR,PROC_DATE,JURIS,COLLISION_DATE,COLLISION_TIME,OFFICER_ID,REPORTING_DISTRICT,DAY_OF_WEEK,CHP_SHIFT,POPULATION,CNTY_CITY_LOC,SPECIAL_COND,BEAT_TYPE,CHP_BEAT_TYPE,CITY_DIVISION_LAPD,CHP_BEAT_CLASS,BEAT_NUMBER,PRIMARY_RD,SECONDARY_RD,DISTANCE,DIRECTION,INTERSECTION,WEATHER_1,WEATHER_2,STATE_HWY_IND,CALTRANS_COUNTY,CALTRANS_DISTRICT,STATE_ROUTE,ROUTE_SUFFIX,POSTMILE_PREFIX,POSTMILE,LOCATION_TYPE,RAMP_INTERSECTION,SIDE_OF_HWY,TOW_AWAY,COLLISION_SEVERITY,NUMBER_KILLED,NUMBER_INJURED,PARTY_COUNT,PRIMARY_COLL_FACTOR,PCF_CODE_OF_VIOL,PCF_VIOL_CATEGORY,PCF_VIOLATION,PCF_VIOL_SUBSECTION,HIT_AND_RUN,TYPE_OF_COLLISION,MVIW,PED_ACTION,ROAD_SURFACE,ROAD_COND_1,ROAD_COND_2,LIGHTING,CONTROL_DEVICE,CHP_ROAD_TYPE,PEDESTRIAN_ACCIDENT,BICYCLE_ACCIDENT,MOTORCYCLE_ACCIDENT,TRUCK_ACCIDENT,NOT_PRIVATE_PROPERTY,ALCOHOL_INVOLVED,STWD_VEHTYPE_AT_FAULT,CHP_VEHTYPE_AT_FAULT,COUNT_SEVERE_INJ,COUNT_VISIBLE_INJ,COUNT_COMPLAINT_PAIN,COUNT_PED_KILLED,COUNT_PED_INJURED,COUNT_BICYCLIST_KILLED,COUNT_BICYCLIST_INJURED,COUNT_MC_KILLED,COUNT_MC_INJURED,PRIMARY_RAMP,SECONDARY_RAMP,LATITUDE,LONGITUDE,COUNTY,CITY,POINT_X,POINT_Y
90888854,2018,2018-12-24,9850,2018-12-15,1610,013554,,6,2,9,3600,0,3,5,,2,003,"MATILIJA RD","VIA SECO ST",50.00,N,N,A,-,N,,,,,,,,,,Y,2,0,1,1,A,-,03,22350,,N,F,A,A,A,H,-,A,D,0,,,Y,,Y,,C,02,1,0,0,0,0,0,0,0,1,"- ","- ",34.446590423583984,-117.16613006591797,"SAN BERNARDINO",UNINCORPORATED,-117.1661376953125,34.446517944335938
90889914,2018,2018-12-26,9855,2018-12-07,1612,018727,,5,2,6,3607,0,1,1,,2,103,"I-10 E/B (SAN BERNARDINO FWY)","FOURTH ST.",3399.00,E,N,A,-,Y,,,10,,,,,,E,Y,2,0,1,3,A,-,07,21658,A,N,B,C,A,A,H,-,B,D,0,,,Y,,Y,,A,01,1,0,0,0,0,0,0,0,1,"- ","- ",34.074489593505859,-117.61802673339844,"SAN BERNARDINO",ONTARIO,-117.61804962158203,34.074459075927734
90890071,2018,2018-12-26,9865,2018-12-16,1305,018392,,7,1,9,3600,0,3,5,,2,001,"SCHOOL RD","OAK LN",140.00,W,N,A,-,N,,,,,,,,,,Y,2,0,2,1,A,-,03,22350,,N,E,I,A,A,H,-,A,D,0,,,,,Y,,A,07,1,1,0,0,0,0,0,0,0,"- ","- ",34.233688354492188,-117.20453643798828,"SAN BERNARDINO",UNINCORPORATED,-117.20458221435547,34.233619689941406
90890655,2018,2018-12-26,9860,2018-11-09,1445,021392,,5,2,9,3600,0,3,5,,2,002,"MARSHALL BOULEVARD","STERLING AVENUE",11.00,E,N,A,-,N,,,,,,,,,,Y,1,1,0,1,A,-,03,22350,,N,F,A,A,A,H,-,A,A,0,,,Y,,Y,,C,02,0,0,0,0,0,0,0,1,0,"- ","- ",34.149501800537109,-117.24356079101562,"SAN BERNARDINO",UNINCORPORATED,-117.24367523193359,34.149440765380859
90893065,2018,2018-12-28,9834,2018-11-19,0618,017038,,1,1,9,3600,0,1,1,,2,042,"INTERSTATE 40 WESTBOUND","GOFFS ROAD",13728.00,W,N,A,-,Y,,,40,,,,,,W,Y,1,1,0,1,A,-,08,22107,,N,E,I,A,A,H,-,B,D,0,,,,,Y,,D,22,0,0,0,0,0,0,0,0,0,"- ","- ",34.817901611328125,-115.14605712890625,"SAN BERNARDINO",UNINCORPORATED,-115.14608001708984,34.81805419921875
90893698,2018,2018-12-28,9860,2018-08-30,0836,017919,,4,1,4,3640,0,1,1,,2,106,"INTERSTATE 10 WESTBOUND","YUCAIPA BOULEVARD",1698.00,E,N,A,-,Y,,,10,,,,,,W,Y,1,1,2,4,A,-,03,22350,,N,C,C,A,A,H,-,A,D,0,,,,,Y,,A,07,0,1,1,0,0,0,0,0,0,"- ","- ",34.024971008300781,-117.11402130126953,"SAN BERNARDINO",YUCAIPA,-117.11399841308594,34.025054931640625
90894779,2018,2018-12-31,9850,2018-12-24,1850,019908,,1,2,5,3612,0,1,1,,2,083,"I-15 S/B","PALMDALE RD",1214.00,N,N,A,-,Y,,,15,,,,,,S,Y,2,0,4,2,A,-,07,21658,A,N,D,C,A,A,H,-,C,D,0,,,,,Y,Y,A,01,2,1,1,0,0,0,0,0,0,"- ","- ",34.510410308837891,-117.32244110107422,"SAN BERNARDINO",VICTORVILLE,-117.32229614257812,34.510372161865234
90895174,2018,2019-01-01,9850,2018-12-21,1518,021758,,5,2,9,3600,0,3,5,,2,002,"FOLEY RD","RANCHERO RD",81.00,N,N,A,-,N,,,,,,,,,,N,2,0,1,2,A,-,05,21650,,N,A,C,A,A,H,-,A,D,0,,,Y,,Y,,C,02,1,0,0,0,0,0,0,0,1,"- ","- ",34.383609771728516,-117.37698364257812,"SAN BERNARDINO",UNINCORPORATED,-117.37696075439453,34.383342742919922
90899896,2018,2019-01-08,9865,2018-12-14,2330,020717,,5,3,9,3600,0,3,5,,2,001,"BIRCHWOOD DRIVE","PINEWOOD DRIVE",309.00,S,N,A,-,N,,,,,,,,,,Y,2,0,2,1,A,-,01,23152,A,F,E,I,A,A,H,-,D,D,0,,,,,Y,Y,A,01,1,0,1,0,0,0,0,0,0,"- ","- ",34.253238677978516,-117.20439147949219,"SAN BERNARDINO",UNINCORPORATED,-117.20433044433594,34.253147125244141
90900363,2018,2019-01-09,9860,2018-12-31,1905,018275,,1,2,5,3609,0,1,1,,2,201,"SR-210 W/B","PEPPER AVENUE",150.00,E,N,A,-,Y,,,210,,,,,,W,Y,2,0,1,1,A,-,08,22107,,N,E,I,A,A,H,-,D,D,0,,,,,Y,,A,01,1,0,0,0,0,0,0,0,0,"- ","- ",34.134521484375,-117.35272216796875,"SAN BERNARDINO",RIALTO,-117.35272216796875,34.134517669677734
90900520,2019,2019-01-09,9834,2019-01-06,0957,016267,,7,1,9,3600,0,1,1,,2,042,"I-40 W/B","WATER RD",5122.00,W,N,B,-,Y,,,40,,,,,,W,Y,2,0,1,1,A,-,17,21711,,N,E,I,A,B,H,-,A,D,0,,,,,Y,,E,22,1,0,0,0,0,0,0,0,0,"- ","- ",34.840579986572266,-114.98709869384766,"SAN BERNARDINO",UNINCORPORATED,-114.98712158203125,34.840667724609375
90902874,2019,2019-01-11,9850,2019-01-06,2116,021365,,7,2,9,3600,0,3,5,,2,005,"DUNCAN RD","BALDY MESA RD",12.00,W,N,A,-,N,,,,,,,,,,Y,2,0,2,1,A,-,01,23152,A,N,E,I,A,A,H,-,D,A,0,,,,,Y,Y,A,01,1,1,0,0,0,0,0,0,0,"- ","- ",34.470111846923828,-117.45114135742188,"SAN BERNARDINO",UNINCORPORATED,-117.45105743408203,34.470172882080078
90903854,2019,2019-01-14,9870,2019-01-05,2240,020280,,6,3,9,3600,0,1,3,,1,041,"STATE ROUTE 62 (TWENTYNINE PALMS HWY)","IRONAGE ROAD",52800.00,E,N,E,-,Y,,,62,,,,,,,Y,2,0,1,1,A,-,08,22107,,N,E,I,A,B,H,-,D,D,0,,,,,Y,,A,01,1,0,0,0,0,0,0,0,0,"- ","- ",34.099491119384766,-115.53626251220703,"SAN BERNARDINO",UNINCORPORATED,-115.53632354736328,34.099521636962891
90904178,2018,2019-01-14,9860,2018-12-09,1340,021363,,7,1,9,3600,0,2,4,,1,131,"LYTLE CREEK ROAD","NATIONAL FOREST ROAD 2N79",1175.00,S,N,B,-,N,,,,,,,,,,Y,1,1,0,1,A,-,03,22350,,N,F,A,A,A,H,-,A,D,0,,,Y,,Y,,C,02,0,0,0,0,0,0,0,1,0,"- ","- ",34.220909118652344,-117.46560668945312,"SAN BERNARDINO",UNINCORPORATED,-117.46560668945312,34.220909118652344
9090540,2020,2020-06-17,3601,2020-03-27,1141,P75,3601,5,5,3,3601,0,0,0,,0,PATROL,"EAST FREDRICK ST","COLLINS CT",130.00,W,N,A,-,N,,,,,,,,,,N,2,0,1,2,A,-,03,22350,,N,B,E,A,A,H,-,A,D,0,,,Y,,Y,,C,02,1,0,0,0,0,0,0,0,1,"- ","- ",,,"SAN BERNARDINO",BARSTOW,-117.01828765869141,34.896678924560547
90906910,2019,2019-01-17,9835,2019-01-10,0945,014927,,4,1,9,3600,0,1,1,,2,047,"I-40 W/B","CRUCERO RD",42240.00,E,N,A,-,Y,,,40,,,,,,W,Y,2,0,1,1,A,-,08,22107,,N,E,I,A,A,H,-,A,D,0,,,,,Y,,A,01,1,0,0,0,0,0,0,0,0,"- ","- ",34.717788696289062,-116.02513885498047,"SAN BERNARDINO",UNINCORPORATED,-116.02513885498047,34.717781066894531
9090704,2020,2020-07-01,3600,2020-03-02,1829,A9947,RC002,1,5,6,3616,0,0,0,,0,RC6,"FOOTHILL BL","PROMENADE PL",0.00,,Y,A,-,N,,,,,,,,,,Y,2,0,1,2,A,-,03,22350,,N,B,C,A,A,H,-,C,A,0,,,Y,,Y,,C,02,1,0,0,0,0,0,0,0,1,"- ","- ",,,"SAN BERNARDINO","RANCHO CUCAMONGA",,
90907783,2019,2019-01-21,9860,2019-01-12,0025,020595,,6,3,5,3608,0,1,1,,2,105,"I-10 W/B TO SR-210 W/B","NEW YORK AVE",430.00,W,N,A,-,Y,,,10,,,,R,,W,Y,2,0,1,1,A,-,01,23152,A,N,E,I,A,A,H,-,C,A,0,,,,,Y,Y,A,01,1,0,0,0,0,0,0,0,0,"- ","- ",34.063888549804688,-117.19711303710938,"SAN BERNARDINO",REDLANDS,-117.19711303710938,34.063888549804688
90907935,2019,2019-01-21,9835,2019-01-15,1234,21176,,2,1,9,3600,0,1,1,,2,077,"I-15 S/B","YATES WELL RD",10982.00,N,N,C,-,Y,,,15,,,,,,S,Y,2,0,2,2,A,-,01,23152,A,N,C,C,A,B,H,-,A,D,0,,,,,Y,Y,A,01,1,0,1,0,0,0,0,0,0,"- ","- ",35.569320678710938,-115.40789031982422,"SAN BERNARDINO",UNINCORPORATED,-115.40779113769531,35.56927490234375
90909472,2019,2019-01-23,9860,2019-01-14,2045,020051,,1,2,6,3610,0,1,1,,2,216,"I-215 N/B","PALM AVE",34.00,N,N,B,C,Y,,,215,,,,,,N,Y,2,0,1,1,A,-,03,22350,,N,E,I,A,B,H,-,D,D,0,,,,,Y,,D,22,1,0,0,0,0,0,0,0,0,"- ","- ",34.191120147705078,-117.361328125,"SAN BERNARDINO","SAN BERNARDINO",-117.36130523681641,34.191150665283203
90909701,2019,2019-01-23,9850,2019-01-13,1730,021343,,7,2,9,3600,0,3,5,,2,005,"OASIS ROAD","SOLANO ROAD",330.00,N,N,A,-,N,,,,,,,,,,Y,2,0,1,3,A,-,08,22107,,F,B,C,A,A,H,-,D,D,0,,,,,Y,,-,"- ",1,0,0,0,0,0,0,0,0,"- ","- ",34.452560424804688,-117.64286804199219,"SAN BERNARDINO",UNINCORPORATED,-117.64283752441406,34.452465057373047
90910306,2019,2019-01-24,9865,2019-01-12,1315,017407,,6,1,9,3600,0,3,5,,2,002,"SUNSET DRIVE","DEER LICK LANE",7.00,S,N,B,-,N,,,,,,,,,,Y,2,0,1,1,A,-,03,22350,,N,E,I,A,C,H,-,A,D,0,,,,,Y,,D,22,1,0,0,0,0,0,0,0,0,"- ","- ",34.206008911132812,-117.11701202392578,"SAN BERNARDINO",UNINCORPORATED,-117.11699676513672,34.205978393554688
90911061,2019,2019-01-24,9860,2019-01-16,0940,016590,,3,1,9,3600,0,1,3,,1,010,SR-138,I-15,10560.00,E,N,B,C,Y,,,138,,,,,,,Y,2,0,1,1,A,-,08,22107,,N,E,I,A,B,H,-,A,D,0,,,,,Y,,A,01,1,0,0,0,0,0,0,0,0,"- ","- ",34.324031829833984,-117.45674896240234,"SAN BERNARDINO",UNINCORPORATED,-117.45675659179688,34.324066162109375
90912592,2018,2019-01-25,9835,2018-12-07,1215,14807,,5,1,9,3600,0,1,1,,2,077,"I-15 N/B","NIPTON ROAD",9346.00,S,N,B,E,Y,,,15,,,,,,N,Y,1,1,1,1,A,-,03,22350,,N,E,I,A,B,H,-,A,D,0,,,,,Y,,A,01,1,0,0,0,0,0,0,0,0,"- ","- ",35.461318969726562,-115.47509765625,"SAN BERNARDINO",UNINCORPORATED,-115.47508239746094,35.461406707763672
90912917,2019,2019-01-25,9860,2019-01-16,0156,020766,,3,3,9,3600,0,1,1,,2,152,"I-15 N/B","CLEGHORN RD",1584.00,N,N,B,C,Y,,,15,,,,,,N,N,2,0,1,2,A,-,08,22107,,N,B,C,A,B,H,-,D,D,0,,,,Y,Y,,A,01,1,0,0,0,0,0,0,0,0,"- ","- ",34.302280426025391,-117.46022033691406,"SAN BERNARDINO",UNINCORPORATED,-117.46018218994141,34.302318572998047
90913040,2018,2019-10-01,9855,2018-09-26,1415,019947,,3,2,6,3604,0,1,1,,2,153,"I-15 S/B (ONTARIO FWY)","BEECH AVE.",2500.00,S,N,A,-,Y,,,15,,,,,,S,Y,1,1,0,2,A,-,03,22350,,N,C,C,A,A,H,-,A,D,0,,,,,Y,,A,01,0,0,0,0,0,0,0,0,0,"- ","- ",34.145458221435547,-117.48558807373047,"SAN BERNARDINO",FONTANA,-117.48545074462891,34.145286560058594
90914989,2018,2019-04-05,9860,2018-10-24,0630,019321,,3,1,6,3610,0,1,3,,2,259,"STATE ROUTE 259 NORTHBOUND TO E STREET","E STREET",1118.00,S,N,A,-,Y,,,259,,,,R,,N,Y,1,1,1,3,A,-,08,22107,,F,C,E,A,A,H,-,B,D,0,,,,Y,Y,,A,01,0,1,0,0,0,0,0,0,0,"- ","- ",34.144870758056641,-117.29786682128906,"SAN BERNARDINO","SAN BERNARDINO",-117.29786682128906,34.144870758056641
90915198,2019,2019-01-30,9835,2019-01-21,1245,020053,,1,1,9,3600,0,1,3,,1,013,"SR-58 W/B",US-395,32736.00,E,N,A,G,Y,,,58,,,,,,W,Y,2,0,2,3,A,-,05,21460,A,N,B,C,A,A,H,-,A,D,0,,,,Y,Y,,G,25,2,0,0,0,0,0,0,0,0,"- ","- ",34.961929321289062,-117.4422607421875,"SAN BERNARDINO",UNINCORPORATED,-117.4422607421875,34.961929321289062
90916539,2018,2019-01-31,9865,2018-11-13,1413,014696,,2,2,9,3600,0,1,3,,1,022,"STATE ROUTE 18 (SR-18)","SOUTAR DRIVE",368.00,N,N,A,-,Y,,,18,,,,,,,Y,1,1,0,1,A,-,08,22107,,N,F,A,A,A,H,-,A,A,0,,,,,Y,,D,22,0,0,0,0,0,0,0,0,0,"- ","- ",34.203891754150391,-117.09902191162109,"SAN BERNARDINO",UNINCORPORATED,-117.09902191162109,34.203907012939453
90917033,2019,2019-12-04,9860,2019-01-22,0347,021675,,2,3,9,3600,0,1,1,,2,151,"I-15 N/B","DEBRIS CONE CREEK",130.00,S,N,A,-,Y,,,15,,,,,,N,Y,2,0,1,1,A,-,08,22107,,N,E,I,A,A,H,-,D,D,0,,,,,Y,,D,22,1,0,0,0,0,0,0,0,0,"- ","- ",34.289260864257812,-117.45137023925781,"SAN BERNARDINO",UNINCORPORATED,-117.45153045654297,34.289237976074219
90917121,2019,2019-02-01,9835,2019-01-20,1019,21176,,7,1,3,3601,0,1,1,,2,075,"I-15 N/B","E. BAKER BLVD. O/C",1056.00,S,N,A,-,Y,,,,,,,,,,Y,2,0,1,2,A,-,07,21658,A,F,F,A,A,A,H,-,A,D,0,,,,,Y,,A,01,1,0,0,0,0,0,0,0,0,"- ","- ",35.279079437255859,-116.04913330078125,"SAN BERNARDINO",BARSTOW,,
90917727,2019,2019-02-01,9870,2019-01-23,0720,020213,,3,1,9,3600,0,1,3,,1,031,"SR-62 (TWENTYNINE PALMS HIGHWAY)","SUNNY HILL ROAD",0.00,,Y,A,-,Y,,,62,,,,,,,Y,2,0,2,2,A,-,09,21801,A,N,A,C,A,A,H,-,A,D,0,,,,,Y,,A,07,1,0,1,0,0,0,0,0,0,"- ","- ",34.134891510009766,-116.32820129394531,"SAN BERNARDINO",UNINCORPORATED,-116.32820129394531,34.13494873046875
90918112,2019,2019-02-04,9835,2019-01-31,2356,21307,,4,3,9,3600,0,1,1,,2,074,"INTERSTATE 15 N/B","RASOR RD",9346.00,N,N,A,-,Y,,,15,,,,,,N,Y,1,1,1,1,A,-,01,23152,A,N,E,I,A,A,H,-,D,D,0,,,,,Y,Y,A,01,0,1,0,0,0,0,0,0,0,"- ","- ",35.154819488525391,-116.19184875488281,"SAN BERNARDINO",UNINCORPORATED,-116.19186401367188,35.154830932617188
90918943,2019,2019-02-05,9860,2019-01-25,2245,020572,,5,3,6,3610,0,1,1,,2,103,"I-10 W/B","WATERMAN AVE",300.00,W,N,A,-,Y,,,10,,,,,,W,Y,2,0,1,1,A,-,08,22107,,N,E,I,A,A,H,-,D,D,0,,,,,Y,Y,A,07,1,0,0,0,0,0,0,0,0,"- ","- ",34.064250946044922,-117.28069305419922,"SAN BERNARDINO","SAN BERNARDINO",-117.28069305419922,34.064300537109375
90919559,2019,2019-02-05,9850,2019-01-26,1814,021422,,6,2,9,3600,0,3,5,,2,003,"DEEP CREEK ROAD","TUSSING RANCH ROAD",1015.00,S,N,A,-,N,,,,,,,,,,Y,2,0,1,1,A,-,08,22107,,N,E,I,A,A,H,-,D,D,0,,,,,Y,,A,01,1,0,0,0,0,0,0,0,0,"- ","- ",34.439601898193359,-117.22508239746094,"SAN BERNARDINO",UNINCORPORATED,-117.22513580322266,34.439670562744141
90920818,2018,2019-02-06,9870,2018-02-07,2205,020213,,3,3,9,3600,0,1,3,,1,011,"SR-62 (TWENTYNINE PALMS HIGHWAY)","FOBES ROAD",158.00,E,N,A,-,Y,,,62,,,,,,,Y,1,1,0,1,A,-,16,24002,A,N,E,I,A,A,H,-,D,D,0,,,,Y,Y,,G,25,0,0,0,0,0,0,0,0,0,"- ","- ",34.073390960693359,-116.54562377929688,"SAN BERNARDINO",UNINCORPORATED,-116.545654296875,34.073440551757812
90922974,2019,2019-02-11,9860,2019-02-02,1127,019251,,6,1,9,3600,0,3,5,,2,004,"VALLEY BLVD","ALDER AVE",1056.00,E,N,C,-,N,,,,,,,,,,Y,2,0,3,2,A,-,08,22107,,N,C,E,A,B,H,-,A,D,0,,,,,Y,,A,01,1,0,2,0,0,0,0,0,0,"- ","- ",34.070331573486328,-117.41428375244141,"SAN BERNARDINO",UNINCORPORATED,-117.41476440429688,34.070442199707031
90924219,2018,2019-10-14,9870,2018-11-21,2145,019709,,3,2,9,3600,0,3,5,,2,003,"BORDER AVENUE","RECHE ROAD",1141.00,S,N,A,-,N,,,,,,,,,,Y,1,1,0,1,A,-,08,22107,,N,E,I,A,A,H,-,D,D,0,,,,,Y,,A,07,0,0,0,0,0,0,0,0,0,"- ","- ",34.262641906738281,-116.29878997802734,"SAN BERNARDINO",UNINCORPORATED,-116.29894256591797,34.262866973876953
90924707,2019,2019-06-10,9850,2019-01-22,1938,021366,,2,2,9,3600,0,1,3,,2,052,"STATE ROUTE 18","BEEKLEY RD.",569.00,W,N,A,-,Y,,,18,,,,,,,Y,1,1,4,2,A,-,06,21751,,N,A,C,A,A,H,-,D,D,0,,,,,Y,,A,01,2,2,0,0,0,0,0,0,0,"- ","- ",34.506301879882812,-117.59256744384766,"SAN BERNARDINO",UNINCORPORATED,-117.59256744384766,34.506267547607422
90929412,2019,2019-02-19,9855,2019-01-29,0055,016215,,2,3,6,3607,0,1,1,,2,101,"I-10 W/B (SAN BERNARDINO FWY)","MILLIKEN AVE.",1256.00,W,N,A,-,Y,,,10,,,,,,W,Y,2,0,3,2,A,-,01,23152,A,N,C,C,A,A,H,-,C,D,0,,,,,Y,Y,A,01,1,1,1,0,0,0,0,0,0,"- ","- ",34.067680358886719,-117.55374908447266,"SAN BERNARDINO",ONTARIO,-117.55374908447266,34.067550659179688
90929427,2019,2019-02-19,9850,2019-02-08,1858,021343,,5,2,9,3600,0,1,3,,2,044,SR-247,"SWANEE RD",920.00,S,N,A,-,Y,,,247,,,,,,,Y,2,0,2,2,A,-,05,21650,,N,A,A,A,A,H,-,D,D,0,,,,Y,Y,,A,07,1,0,1,0,0,0,0,0,0,"- ","- ",34.369770050048828,-116.62779235839844,"SAN BERNARDINO",UNINCORPORATED,-116.62779235839844,34.369777679443359
90929626,2019,2019-10-25,9860,2019-02-01,2346,019674,,5,3,9,3600,0,3,5,,2,002,"DEL ROSA DRIVE","BESSANT STREET",50.00,N,N,B,C,N,,,,,,,,,,Y,2,0,1,2,A,-,08,22107,,N,D,C,A,A,H,-,C,D,0,,,Y,,Y,Y,J,48,1,0,0,0,0,0,0,0,1,"- ","- ",34.124561309814453,-117.25253295898438,"SAN BERNARDINO",UNINCORPORATED,-117.25253295898438,34.124477386474609
9092996,2020,2020-08-10,3603,2020-04-11,1833,4916,CPD,6,5,4,3603,0,0,0,,0,004,"WASHINGTON ST","COOLEY DR",0.00,,Y,A,-,N,,,,,,,,,,Y,2,0,1,2,A,-,01,23153,A,N,D,C,A,A,H,-,A,A,0,,,,,Y,Y,A,01,1,0,0,0,0,0,0,0,0,"- ","- ",34.048660278320312,-117.29290771484375,"SAN BERNARDINO",COLTON,-117.29303741455078,34.048488616943359
90930363,2019,2019-02-20,9850,2019-02-10,1000,018211,,7,1,9,3600,0,3,5,,2,001,"RIVERVIEW DR","DRIFTWOOD DR",162.00,E,N,A,-,N,,,,,,,,,,Y,2,0,1,4,A,-,08,22107,,N,D,E,A,A,H,-,A,D,0,,,,,Y,,A,01,1,0,0,0,0,0,0,0,0,"- ","- ",34.493980407714844,-117.25695037841797,"SAN BERNARDINO",UNINCORPORATED,-117.25701141357422,34.493896484375
90930409,2019,2019-02-20,9834,2019-01-26,2215,018343,,6,3,9,3600,0,1,1,,2,042,"I-40 EASTBOUND","ESSEX ROAD",2112.00,E,N,A,-,Y,,,40,,,,,,E,Y,1,1,0,1,A,-,08,22107,,N,F,A,A,A,H,-,D,D,0,,,,,Y,,A,07,0,0,0,0,0,0,0,0,0,"- ","- ",34.801280975341797,-115.31154632568359,"SAN BERNARDINO",UNINCORPORATED,-115.31154632568359,34.801223754882812
90930643,2019,2019-02-21,9860,2019-02-09,2345,020135,,6,3,6,3610,0,1,1,,2,201,"SR-210 E/B","27TH ST",1056.00,W,N,B,-,Y,,,210,,,,,,E,Y,2,0,1,1,A,-,01,23152,A,N,E,I,A,A,H,-,D,D,0,,,,,Y,Y,A,01,1,0,0,0,0,0,0,0,0,"- ","- ",34.140121459960938,-117.32377624511719,"SAN BERNARDINO","SAN BERNARDINO",-117.32395935058594,34.140277862548828
90932763,2019,2019-02-25,9870,2019-02-14,1020,017420,,4,1,9,3600,0,2,4,,2,042,"AMBOY ROAD","BELLKING ROAD",11616.00,N,N,B,C,N,,,,,,,,,,Y,2,0,1,1,A,-,03,22350,,N,E,J,A,B,H,-,A,D,0,,,,,Y,,A,07,1,0,0,0,0,0,0,0,0,"- ","- ",34.226398468017578,-115.72038269042969,"SAN BERNARDINO",UNINCORPORATED,-115.72032928466797,34.225673675537109
90932968,2019,2019-02-25,9870,2019-02-13,1814,021924,,3,2,9,3600,0,3,5,,2,003,"LEAR AVENUE","INDIAN TRAIL",0.00,,Y,A,-,N,,,,,,,,,,Y,2,0,1,2,A,-,09,21802,A,N,D,C,A,A,H,-,D,A,0,,,,,Y,,A,01,1,0,0,0,0,0,0,0,0,"- ","- ",34.186031341552734,-116.15061187744141,"SAN BERNARDINO",UNINCORPORATED,-116.15058135986328,34.186000823974609
90933899,2019,2019-02-26,9865,2019-02-19,1845,020725,,2,2,9,3600,0,1,3,,1,010,"SR-18 NORTHBOUND","CLOUDLAND TRUCK TR",528.00,S,N,A,-,Y,,,18,,,,,,N,Y,2,0,1,1,A,-,01,23152,A,N,E,I,A,A,H,-,D,D,0,,,,,Y,Y,A,01,1,0,0,0,0,0,0,0,0,"- ","- ",34.226398468017578,-117.29570007324219,"SAN BERNARDINO",UNINCORPORATED,-117.29573059082031,34.226337432861328
90934236,2019,2019-02-26,9860,2019-02-16,2120,020051,,6,2,6,3610,0,1,1,,2,216,"I-215 S/B","27TH ST",550.00,S,N,A,-,Y,,,215,,,,,,S,Y,2,0,1,2,A,-,03,22350,,F,C,C,A,A,H,-,D,D,0,,,,,Y,,-,99,1,0,0,0,0,0,0,0,0,"- ","- ",34.138408660888672,-117.31584167480469,"SAN BERNARDINO","SAN BERNARDINO",-117.31574249267578,34.13848876953125
90935734,2019,2019-02-28,9860,2019-02-05,0003,021675,,2,3,4,3603,0,1,1,,2,103,"I-10 W/B","RANCHO AVE",1584.00,E,N,B,C,Y,,,10,,,,,,W,Y,2,0,1,2,A,-,01,23152,A,F,B,C,A,B,H,-,D,D,0,,,,,Y,Y,A,01,1,0,0,0,0,0,0,0,0,"- ","- ",34.066490173339844,-117.33017730712891,"SAN BERNARDINO",COLTON,-117.33017730712891,34.066509246826172
90941483,2018,2019-09-24,9870,2018-09-22,2100,019593,,6,2,9,3600,0,3,5,,2,001,"JUNIPER AVENUE","PIONEER DRIVE",225.00,S,N,A,-,N,,,,,,,,,,Y,1,1,1,1,A,-,17,21712,A,N,H,A,A,A,H,-,D,D,0,,,,,Y,,A,07,0,1,0,0,0,0,0,0,0,"- ","- ",34.053321838378906,-116.589599609375,"SAN BERNARDINO",UNINCORPORATED,-116.58954620361328,34.053375244140625
90941496,2019,2019-03-07,9870,2019-02-24,0940,017420,,7,1,9,3600,0,2,4,,2,042,"AMBOY ROAD","BELL KING ROAD",23232.00,N,N,A,-,N,,,,,,,,,,Y,2,0,5,1,A,-,03,22350,,N,E,J,A,A,H,-,A,D,0,,,,,Y,,A,01,1,2,2,0,0,0,0,0,0,"- ","- ",34.257789611816406,-115.71859741210938,"SAN BERNARDINO",UNINCORPORATED,-115.71950531005859,34.256381988525391
90941644,2019,2019-03-07,9860,2019-02-23,2140,021392,,6,2,6,3610,0,1,1,,2,216,"I-215 N/B FROM HIGHLAND AVE.","HIGHLAND AVE.",0.00,,Y,A,-,Y,,,215,,,,R,,N,N,2,0,1,1,A,-,03,22350,,N,E,I,A,A,H,-,C,A,0,,Y,,,Y,,L,04,1,0,0,0,0,0,1,0,0,"- ","- ",34.136219024658203,-117.31165313720703,"SAN BERNARDINO","SAN BERNARDINO",-117.31165313720703,34.136219024658203