CASE_ID,ACCIDENT_YEAR,PROC_DATE,JURIS,COLLISION_DATE,COLLISION_TIME,OFFICER_ID,REPORTING_DISTRICT,DAY_OF_WEEK,CHP_SHIFT,POPULATION,CNTY_CITY_LOC,SPECIAL_COND,BEAT_TYPE,CHP_BEAT_TYPE,CITY_DIVISION_LAPD,CHP_BEAT_CLASS,BEAT_NUMBER,PRIMARY_RD,SECONDARY_RD,DISTANCE,DIRECTION,INTERSECTION,WEATHER_1,WEATHER_2,STATE_HWY_IND,CALTRANS_COUNTY,CALTRANS_DISTRICT,STATE_ROUTE,ROUTE_SUFFIX,POSTMILE_PREFIX,POSTMILE,LOCATION_TYPE,RAMP_INTERSECTION,SIDE_OF_HWY,TOW_AWAY,COLLISION_SEVERITY,NUMBER_KILLED,NUMBER_INJURED,PARTY_COUNT,PRIMARY_COLL_FACTOR,PCF_CODE_OF_VIOL,PCF_VIOL_CATEGORY,PCF_VIOLATION,PCF_VIOL_SUBSECTION,HIT_AND_RUN,TYPE_OF_COLLISION,MVIW,PED_ACTION,ROAD_SURFACE,ROAD_COND_1,ROAD_COND_2,LIGHTING,CONTROL_DEVICE,CHP_ROAD_TYPE,PEDESTRIAN_ACCIDENT,BICYCLE_ACCIDENT,MOTORCYCLE_ACCIDENT,TRUCK_ACCIDENT,NOT_PRIVATE_PROPERTY,ALCOHOL_INVOLVED,STWD_VEHTYPE_AT_FAULT,CHP_VEHTYPE_AT_FAULT,COUNT_SEVERE_INJ,COUNT_VISIBLE_INJ,COUNT_COMPLAINT_PAIN,COUNT_PED_KILLED,COUNT_PED_INJURED,COUNT_BICYCLIST_KILLED,COUNT_BICYCLIST_INJURED,COUNT_MC_KILLED,COUNT_MC_INJURED,PRIMARY_RAMP,SECONDARY_RAMP,LATITUDE,LONGITUDE,COUNTY,CITY,POINT_X,POINT_Y
91291115,2020,2020-08-24,9850,2020-08-15,0628,017775,,6,1,5,3612,0,1,1,,2,083,"I-15 OFF TO E STREET","E STREET",790.00,N,N,A,-,Y,,,15,,,,R,,,Y,2,0,1,1,A,-,03,22350,,N,F,A,A,A,H,-,A,D,0,,,Y,,Y,,C,02,1,0,0,0,0,0,0,0,1,"- ","- ",34.546768188476562,-117.29779052734375,"SAN BERNARDINO",VICTORVILLE,-117.29779052734375,34.546768188476562
91292780,2020,2020-08-26,9865,2020-08-16,0755,016913,,7,1,9,3600,0,3,5,,2,001,"NORTH BAY RD",SR-173,0.00,,Y,A,-,N,,,,,,,,,,N,2,0,1,2,A,-,09,21802,A,N,D,G,A,A,H,-,A,D,0,,Y,,,Y,,A,01,1,0,0,0,0,0,1,0,0,"- ","- ",34.2711181640625,-117.18412780761719,"SAN BERNARDINO",UNINCORPORATED,-117.1844482421875,34.271099090576172
91293321,2020,2020-08-27,9865,2020-08-16,1700,021392,,7,2,9,3600,0,3,5,,2,003,"BALDWIN LAKE RD","POND DR",40.00,E,N,A,-,N,,,,,,,,,,N,2,0,1,2,A,-,03,22350,,N,C,G,A,A,H,-,A,D,0,,Y,,,Y,,L,04,1,0,0,0,0,0,1,0,0,"- ","- ",34.281990051269531,-116.80126953125,"SAN BERNARDINO",UNINCORPORATED,-116.80119323730469,34.281959533691406
91293891,2020,2020-08-27,9860,2020-08-22,1140,019321,,6,1,6,3610,0,1,1,,2,202,"SR-210 E/B","MT VIEW AVE.",120.00,W,N,A,-,Y,,,210,,,,,,E,Y,2,0,6,2,A,-,08,22107,,N,B,C,A,A,H,-,A,D,0,,,,,Y,,A,07,3,2,1,0,0,0,0,0,0,"- ","- ",34.145378112792969,-117.28912353515625,"SAN BERNARDINO","SAN BERNARDINO",-117.28912353515625,34.145362854003906
91295778,2020,2020-08-31,9835,2020-08-28,1305,020053,,5,1,9,3600,0,1,1,,2,043,"I-40 W/B","HECTOR ROAD",12144.00,W,N,A,-,Y,,,40,,,,,,W,Y,2,0,3,2,A,-,01,23152,A,N,B,C,A,A,H,-,A,D,0,,,,,Y,Y,A,01,1,2,0,0,0,0,0,0,0,"- ","- ",34.798671722412109,-116.5107421875,"SAN BERNARDINO",UNINCORPORATED,-116.51073455810547,34.798698425292969
91296724,2020,2020-09-01,9835,2020-08-23,0330,022218,,7,3,3,3601,0,1,1,,2,070,"INTERSTATE 15 SOUTHBOUND","HODGE RD",17424.00,N,N,A,-,Y,,,,,,,,,,Y,2,0,1,1,A,-,08,22107,,N,F,A,A,A,H,-,D,D,0,,,Y,,Y,,C,02,1,0,0,0,0,0,0,0,1,"- ","- ",34.787090301513672,-117.12418365478516,"SAN BERNARDINO",BARSTOW,,
91297594,2020,2020-09-02,9834,2020-08-22,0600,015229,,6,1,9,3600,0,1,1,,2,042,"I-40 W/B","ESSEX RD.",4752.00,E,N,A,-,Y,,,40,,,,,,W,Y,2,0,1,1,A,-,08,22107,,N,F,A,A,A,H,-,B,D,0,,,Y,,Y,,C,02,1,0,0,0,0,0,0,0,1,"- ","- ",34.802558898925781,-115.30416107177734,"SAN BERNARDINO",UNINCORPORATED,-115.30415344238281,34.802478790283203
91298707,2020,2020-09-03,9855,2020-08-27,0041,021176,,4,3,6,3604,0,1,1,,2,153,"I-15 N/B (ONTARIO FWY)","DUNCAN CANYON RD.",3010.00,N,N,A,-,Y,,,15,,,,,,N,Y,2,0,5,3,A,-,03,22350,,N,C,C,A,A,D,-,D,A,0,,,,,Y,,A,07,1,4,0,0,0,0,0,0,0,"- ","- ",34.171001434326172,-117.45365142822266,"SAN BERNARDINO",FONTANA,-117.45358276367188,34.170894622802734
91299583,2020,2020-09-07,9860,2020-08-09,2205,021363,,7,3,9,3600,0,3,5,,2,002,"KENDALL DR","PALM AVE",2585.00,N,N,A,-,N,,,,,,,,,,Y,2,0,1,1,A,-,08,22107,,N,E,I,A,A,H,-,D,D,0,,,,,Y,,A,01,1,0,0,0,0,0,0,0,0,"- ","- ",34.193901062011719,-117.36569976806641,"SAN BERNARDINO",UNINCORPORATED,-117.36786651611328,34.195220947265625
91299867,2020,2020-10-01,9860,2020-09-02,0617,014963,,3,1,4,3603,0,1,1,,2,103,"INTERSTATE 10 EASTBOUND","MOUNT VERNON AVENUE",459.00,E,N,A,-,Y,,,10,,,,,,E,Y,1,1,1,3,A,-,03,22350,,N,C,C,A,A,H,-,B,D,0,,,,,Y,,D,22,1,0,0,0,0,0,0,0,0,"- ","- ",34.064838409423828,-117.31194305419922,"SAN BERNARDINO",COLTON,-117.31194305419922,34.064846038818359
91299897,2020,2020-09-07,9860,2020-08-31,1830,019419,,1,2,9,3600,0,3,5,,2,001,"LONE PINE CANYON RD",SR-138,2112.00,S,N,A,-,N,,,,,,,,,,N,2,0,1,1,A,-,03,22350,,N,F,A,A,A,H,-,A,D,0,,,Y,,Y,,C,02,1,0,0,0,0,0,0,0,1,"- ","- ",34.311729431152344,-117.49961090087891,"SAN BERNARDINO",UNINCORPORATED,-117.4984130859375,34.312076568603516
91300719,2020,2020-09-08,9835,2020-08-20,2320,020389,,4,3,9,3600,0,3,5,,2,032,"NATIONAL TRAILS HIGHWAY","OAK GROVE ROAD",266.00,E,N,A,-,N,,,,,,,,,,Y,2,0,6,1,A,-,01,23152,A,N,F,A,A,A,H,-,D,D,0,,,,,Y,Y,A,07,2,4,0,0,0,0,0,0,0,"- ","- ",34.836448669433594,-117.1673583984375,"SAN BERNARDINO",UNINCORPORATED,-117.16692352294922,34.836780548095703
91301650,2020,2020-09-09,9850,2020-08-29,1814,022073,,6,2,9,3600,0,3,5,,2,006,"HOLLISTER RD","VERBENA RD",580.00,E,N,A,-,N,,,,,,,,,,N,2,0,3,1,A,-,01,23152,A,N,F,A,A,A,G,-,A,D,0,,,Y,,Y,Y,C,06,2,0,1,0,0,0,0,0,3,"- ","- ",34.416191101074219,-117.42379760742188,"SAN BERNARDINO",UNINCORPORATED,-117.42385101318359,34.415950775146484
91303033,2020,2020-09-11,9850,2020-09-05,1620,022256,,6,2,5,3621,0,1,1,,2,084,"I-15 N/B","DALE EVAN'S PRKY",4224.00,N,N,A,-,Y,,,,,,,,,,Y,2,0,1,1,A,-,03,22350,,N,F,A,A,A,H,-,A,D,0,,,Y,,Y,,C,02,1,0,0,0,0,0,0,0,1,"- ","- ",34.656078338623047,-117.21327972412109,"SAN BERNARDINO","APPLE VALLEY",,
91303849,2020,2020-09-14,9855,2020-09-05,0945,015626,,6,1,5,3602,0,1,3,,2,603,"SR-60 E/B (POMONA FWY)","BENSON AVE.",734.00,E,N,A,-,Y,,,60,,,,,,E,Y,2,0,3,4,A,-,07,21658,A,N,B,C,A,A,H,-,A,D,0,,,Y,,Y,,A,07,1,1,1,0,0,0,0,0,2,"- ","- ",34.030040740966797,-117.69564819335938,"SAN BERNARDINO",CHINO,-117.69564819335938,34.030117034912109
91304222,2020,2022-02-07,9855,2020-02-29,1020,018335,,6,1,9,3600,0,3,5,,2,001,"ETIWANDA AVENUE","VALLEY BOULEVARD",0.00,,Y,A,-,N,,,,,,,,,,Y,1,1,3,2,A,-,12,21453,A,N,D,C,A,A,H,-,A,A,0,,,,,Y,,A,07,1,1,1,0,0,0,0,0,0,"- ","- ",34.070968627929688,-117.52404022216797,"SAN BERNARDINO",UNINCORPORATED,-117.52420806884766,34.070980072021484
91304364,2020,2020-09-14,9850,2020-09-07,0025,022073,,1,3,9,3600,0,1,3,,2,046,SR-247,"MPM 58",258.00,S,N,A,-,Y,,,247,,,,,,,N,2,0,1,2,A,-,11,21956,A,N,G,B,E,A,H,-,D,D,0,Y,,,,Y,,N,60,1,0,0,0,1,0,0,0,0,"- ","- ",34.618110656738281,-116.96524810791016,"SAN BERNARDINO",UNINCORPORATED,-116.96527862548828,34.618141174316406
91305227,2020,2020-09-15,9835,2020-09-11,0529,021482,,5,3,9,3600,0,1,1,,2,045,"I-40 W/B","CRUCERO RD",1056.00,W,N,A,-,Y,,,40,,,,,,W,Y,2,0,2,2,A,-,03,22350,,N,C,C,A,A,H,-,D,A,0,,,,Y,Y,,A,07,1,0,1,0,0,0,0,0,0,"- ","- ",34.725311279296875,-116.17063903808594,"SAN BERNARDINO",UNINCORPORATED,-116.17063903808594,34.725307464599609
91305707,2020,2020-09-16,9855,2020-09-07,0510,018727,,1,3,6,3616,0,1,1,,2,201,"SR-210 W/B (FOOTHILL FWY)","EAST AVE.",952.00,E,N,A,-,Y,,,210,,,,,,W,Y,2,0,1,1,A,-,08,22107,,N,E,I,A,A,H,-,C,D,0,,,,,Y,,A,01,1,0,0,0,0,0,0,0,0,"- ","- ",34.136371612548828,-117.51117706298828,"SAN BERNARDINO","RANCHO CUCAMONGA",-117.51117706298828,34.136463165283203
91305824,2020,2020-09-16,9860,2020-09-13,1015,016590,,7,1,9,3600,0,1,1,,2,151,"I-15 N/B","THE CAJON CREEK LT.",285.00,N,N,A,-,Y,,,15,,,,,,N,Y,2,0,1,1,A,-,08,22107,,N,E,J,A,A,H,-,A,D,0,,,,,Y,,A,01,1,0,0,0,0,0,0,0,0,"- ","- ",34.2227783203125,-117.40982818603516,"SAN BERNARDINO",UNINCORPORATED,-117.40965270996094,34.222751617431641
91306190,2020,2020-09-17,9860,2020-09-06,0020,020572,,7,3,9,3600,0,1,1,,2,102,"I-10 E/B","CEDAR AVE",2640.00,E,N,A,-,Y,,,10,,,,,,E,Y,2,0,2,2,A,-,01,23152,A,N,C,C,A,A,H,-,C,D,0,,,,,Y,Y,A,01,1,1,0,0,0,0,0,0,0,"- ","- ",34.068161010742188,-117.38742828369141,"SAN BERNARDINO",UNINCORPORATED,-117.38742828369141,34.068149566650391
91306311,2020,2020-09-17,9834,2020-09-14,1035,015182,,1,1,9,3600,0,1,1,,2,042,"I-40 E/B","MOUNTAIN SPRINGS RD",4224.00,W,N,B,-,Y,,,40,,,,,,E,Y,2,0,2,1,A,-,08,22107,,N,F,A,A,A,H,-,A,D,0,,,,,Y,,D,22,2,0,0,0,0,0,0,0,0,"- ","- ",34.827438354492188,-115.06491851806641,"SAN BERNARDINO",UNINCORPORATED,-115.06492614746094,34.827487945556641
91306965,2020,2021-02-03,9870,2020-07-29,1043,016935,,3,1,9,3600,0,1,3,,1,031,"STATE ROUTE 62 (TWENTYNINE PALMS HWY)","CALIFORNIA AVENUE",558.00,W,N,A,-,Y,,,62,,,,,,,Y,1,2,0,2,A,-,01,23152,F,N,A,C,A,A,H,-,A,D,0,,,,,Y,,A,01,0,0,0,0,0,0,0,0,0,"- ","- ",34.135040283203125,-116.27043914794922,"SAN BERNARDINO",UNINCORPORATED,-116.27043914794922,34.135101318359375
91307501,2020,2020-09-18,9850,2020-09-06,0820,018211,,7,1,9,3600,0,1,2,,2,054,"UNITED STATES 395","KRAMER ROAD",15840.00,N,N,A,-,Y,,,,,,,,,,Y,1,1,0,2,A,-,03,22350,,N,D,C,A,A,H,-,A,D,0,,,Y,,Y,,C,02,0,0,0,0,0,0,0,1,0,"- ","- ",34.909000396728516,-117.51570892333984,"SAN BERNARDINO",UNINCORPORATED,-117.51564025878906,34.907630920410156
91307684,2020,2020-09-21,9835,2020-09-08,1748,022379,,2,2,9,3600,0,1,1,,2,074,"I-15 N/B","BASIN RD",23866.00,S,N,A,-,Y,,,15,,,,,,N,Y,2,0,1,1,A,-,01,23152,A,N,E,I,A,A,H,-,A,D,0,,,,,Y,Y,A,01,1,0,0,0,0,0,0,0,0,"- ","- ",35.087589263916016,-116.3341064453125,"SAN BERNARDINO",UNINCORPORATED,-116.33409881591797,35.087638854980469
91308296,2020,2020-09-21,9860,2020-09-14,0015,020595,,1,3,5,3609,0,1,1,,2,102,"I-10 E/B TO RIVERSIDE AVE","RIVERSIDE AVENUE",100.00,W,N,A,-,Y,,,10,,,,R,,E,Y,2,0,1,2,A,-,01,23152,A,N,C,C,A,A,H,-,D,D,0,,,,Y,Y,Y,A,01,1,0,0,0,0,0,0,0,0,"- ","- ",34.068439483642578,-117.37079620361328,"SAN BERNARDINO",RIALTO,-117.37079620361328,34.068439483642578
91309610,2020,2020-09-23,9835,2020-09-12,1220,022078,,6,1,9,3600,0,1,1,,2,072,"I-15 N/B","E. YERMO RD.",15.00,N,N,A,-,Y,,,15,,,,,,N,Y,2,0,1,1,A,-,08,22107,,N,F,A,A,A,H,-,A,D,0,,,,,Y,,A,01,1,0,0,0,0,0,0,0,0,"- ","- ",34.910621643066406,-116.80770111083984,"SAN BERNARDINO",UNINCORPORATED,-116.80770111083984,34.910633087158203
91309776,2020,2020-09-23,9865,2020-09-12,1825,021669,,6,2,9,3600,0,1,3,,2,032,SR-18,SR-38,10560.00,S,N,A,-,Y,,,,,,,,,,Y,2,0,1,2,A,-,03,22350,,N,D,C,A,A,H,-,A,D,0,,,Y,,Y,,C,02,1,0,0,0,0,0,0,0,1,"- ","- ",34.250438690185547,-118.99664306640625,"SAN BERNARDINO",UNINCORPORATED,-116.94921112060547,34.238330841064453
91309877,2020,2020-09-23,9855,2020-09-12,0607,017781,,6,1,6,3604,0,1,1,,2,201,"SR-210 E/B (FOOTHILL FWY)","BEECH AVE.",460.00,E,N,A,-,Y,,,210,,,,,,E,Y,2,0,1,2,A,-,03,22350,,N,C,C,A,A,H,-,B,D,0,,,,Y,Y,,D,22,1,0,0,0,0,0,0,0,0,"- ","- ",34.1361083984375,-117.46913146972656,"SAN BERNARDINO",FONTANA,-117.46913146972656,34.13629150390625
91310144,2020,2020-09-23,9865,2020-09-13,1425,021502,,7,2,9,3600,0,1,3,,2,021,"STATE ROUTE 330","FORESTRY ROAD 1N22",2640.00,N,N,A,-,Y,,,330,,,,,,,Y,2,0,2,3,A,-,05,21460,A,N,B,C,A,A,H,-,A,D,0,,,,,Y,,D,22,2,0,0,0,0,0,0,0,0,"- ","- ",34.183528900146484,-117.17555999755859,"SAN BERNARDINO",UNINCORPORATED,-117.17555236816406,34.183551788330078
91310365,2020,2020-09-24,9855,2020-09-17,1020,015626,,4,1,6,3607,0,1,3,,2,603,"SR-60 E/B (POMONA FWY)","MILLIKEN AVE.",1584.00,W,N,A,-,Y,,,60,,,,,,E,Y,2,0,1,2,A,-,07,21658,A,F,B,C,A,A,H,-,A,D,0,,,Y,,Y,,-,99,1,0,0,0,0,0,0,0,1,"- ","- ",34.025341033935547,-117.5634765625,"SAN BERNARDINO",ONTARIO,-117.56346893310547,34.025379180908203
91310530,2020,2020-09-24,9850,2020-09-03,1305,017730,,4,1,9,3600,0,3,5,,2,001,"EL MIRAGE ROAD","SHEEP CREEK ROAD",0.00,,Y,A,-,N,,,,,,,,,,Y,1,1,0,2,A,-,09,21802,A,N,D,C,A,A,H,-,A,A,0,,,,Y,Y,,A,07,0,0,0,0,0,0,0,0,0,"- ","- ",34.601970672607422,-117.57827758789062,"SAN BERNARDINO",UNINCORPORATED,-117.57840728759766,34.601970672607422
9131222,2020,2020-10-14,3604,2020-07-12,1601,1127,,7,5,6,3604,0,0,0,,0,,"ARMSTRONG RD","7TH ST",1171.00,S,N,A,-,N,,,,,,,,,,Y,2,0,1,2,A,-,09,21804,A,N,D,C,A,A,H,-,A,A,0,,,Y,,Y,,C,06,1,0,0,0,0,0,0,0,1,"- ","- ",34.215450286865234,-117.24420166015625,"SAN BERNARDINO",FONTANA,-117.41154479980469,34.037879943847656
91312392,2020,2020-09-25,9860,2020-08-22,1615,021371,,6,2,9,3600,0,1,3,,1,382,"STATE ROUTE 38","BRYANT STREET",4752.00,E,N,A,-,Y,,,38,,,,,,,Y,1,1,1,3,A,-,05,21460,A,N,B,C,A,A,H,-,A,D,0,,,,,Y,,D,22,0,0,1,0,0,0,0,0,0,"- ","- ",34.089069366455078,-117.03874206542969,"SAN BERNARDINO",UNINCORPORATED,-117.03873443603516,34.089065551757812
91313096,2020,2020-09-28,9855,2020-09-17,0524,021233,,4,3,6,3607,0,1,1,,2,103,"I-10 W/B (SAN BERNARDINO FWY)","ARCHIBALD AVE.",1500.00,W,N,A,-,Y,,,10,,,,,,W,Y,2,0,1,2,A,-,03,22350,,N,C,C,A,A,D,-,C,D,0,,,,Y,Y,,A,01,1,0,0,0,0,0,0,0,0,"- ","- ",34.068088531494141,-117.59838104248047,"SAN BERNARDINO",ONTARIO,-117.59839630126953,34.067966461181641
91313292,2020,2020-09-28,9860,2020-09-26,0525,019321,,6,3,9,3600,0,1,1,,2,152,"I-15 N/B","OAK HILL ROAD",11616.00,S,N,A,-,Y,,,15,,,,,,N,Y,2,0,1,2,A,-,01,23152,A,N,C,C,A,A,H,-,A,D,0,,,,Y,Y,Y,A,07,1,0,0,0,0,0,0,0,0,"- ","- ",34.340099334716797,-117.46185302734375,"SAN BERNARDINO",UNINCORPORATED,-117.46185302734375,34.340129852294922
91313653,2020,2020-09-28,9855,2020-09-18,1735,017506,,5,2,6,3604,0,1,1,,2,201,"SR-210 W/B TO BEECH AVE.","BEECH AVE.",27.00,E,N,A,-,Y,,,210,,,,R,,W,Y,2,0,1,1,A,-,01,23152,A,N,E,I,A,A,H,-,A,A,0,,,,,Y,Y,A,07,1,0,0,0,0,0,0,0,0,"- ","- ",34.136699676513672,-117.470703125,"SAN BERNARDINO",FONTANA,-117.470703125,34.136699676513672
91315228,2020,2020-09-30,9850,2020-09-17,0005,022510,,4,3,9,3600,0,1,3,,2,044,"STATE ROUTE 247","MIDWAY AVENUE",410.00,S,N,A,-,Y,,,247,,,,,,,N,1,1,0,2,A,-,11,21956,A,F,G,B,E,A,H,-,D,D,0,Y,,,,Y,,N,60,0,0,0,1,0,0,0,0,0,"- ","- ",34.444038391113281,-116.90087127685547,"SAN BERNARDINO",UNINCORPORATED,-116.90087127685547,34.444023132324219
9131597,2020,2020-08-19,3604,2020-05-31,1906,1301,,7,5,6,3604,0,0,0,,0,002,"BASELINE AV","MANGO AV",692.00,E,N,A,-,N,,,,,,,,,,Y,2,0,1,1,A,-,03,22350,,N,E,I,A,A,H,-,A,D,0,,,Y,,Y,,C,02,1,0,0,0,0,0,0,0,1,"- ","- ",,,"SAN BERNARDINO",FONTANA,-117.429443359375,34.121341705322266
91316364,2020,2020-10-02,9865,2020-09-27,1130,017407,,7,1,9,3600,0,1,3,,1,022,"STATE ROUTE 18","GREEN VALLEY LAKE RD",1056.00,N,N,A,-,Y,,,18,,,,,,,Y,2,0,1,1,A,-,03,22350,,N,E,J,A,A,H,-,A,D,0,,,Y,,Y,,C,02,1,0,0,0,0,0,0,0,1,"- ","- ",34.221458435058594,-117.06802368164062,"SAN BERNARDINO",UNINCORPORATED,-117.06803131103516,34.221508026123047
91317319,2020,2020-10-05,9834,2020-08-31,0310,020488,,1,3,9,3600,0,1,1,,2,040,"INTERSTATE 40 WESTBOUND","ESSEX ROAD",2640.00,E,N,A,-,Y,,,40,,,,,,W,Y,1,1,1,1,A,-,08,22107,,N,E,I,A,A,H,-,D,D,0,,,,Y,Y,,G,25,1,0,0,0,0,0,0,0,0,"- ","- ",34.802158355712891,-115.30686950683594,"SAN BERNARDINO",UNINCORPORATED,-115.30687713623047,34.802253723144531
91318143,2020,2020-10-06,9835,2020-09-20,1305,022324,,7,1,9,3600,0,1,1,,2,041,"I-40 E/B","HIDDEN SPRINGS RD",2640.00,E,N,A,-,Y,,,,,,,,,,Y,2,0,1,1,A,-,08,22107,,N,E,I,A,A,H,-,A,D,0,,,,,Y,,D,22,1,0,0,0,0,0,0,0,0,"- ","- ",34.839141845703125,-116.87888336181641,"SAN BERNARDINO",UNINCORPORATED,-116.79474639892578,34.839916229248047
91318756,2020,2020-10-06,9835,2020-05-03,1330,022379,,7,1,9,3600,0,1,1,,2,074,"I-15 N/B","RASOR RD",8976.00,N,N,A,-,Y,,,15,,,,,,N,Y,1,3,3,2,A,-,21,22106,,N,E,I,A,A,H,-,A,D,0,,,,,Y,,A,07,3,0,0,0,0,0,0,0,0,"- ","- ",35.154720306396484,-116.19194793701172,"SAN BERNARDINO",UNINCORPORATED,-116.19195556640625,35.154727935791016
91318997,2020,2020-10-07,9850,2020-09-27,1850,022386,,7,2,5,3612,0,1,1,,2,083,"I-15 S/B","MOJAVE DR",1372.00,S,N,A,-,Y,,,15,,,,,,S,Y,2,0,1,2,A,-,07,21658,A,N,B,C,A,A,H,-,D,D,0,,,,Y,Y,,D,22,1,0,0,0,0,0,0,0,0,"- ","- ",34.525428771972656,-117.31786346435547,"SAN BERNARDINO",VICTORVILLE,-117.31778717041016,34.525394439697266
91319153,2020,2020-10-07,9850,2020-09-27,0458,021758,,7,3,5,3612,0,1,1,,2,082,"I-15 S/B","BEAR VALLEY RD",1848.00,S,N,A,-,Y,,,15,,,,,,S,Y,2,0,2,1,A,-,08,22107,,N,E,I,A,A,H,-,C,D,0,,,,,Y,,A,01,1,1,0,0,0,0,0,0,0,"- ","- ",34.466148376464844,-117.34980773925781,"SAN BERNARDINO",VICTORVILLE,-117.34974670410156,34.466102600097656
91320042,2020,2020-12-16,9860,2020-09-12,0806,019321,,6,1,6,3610,0,1,1,,2,214,"INTERSTATE 215 NORTHBOUND","ORANGE SHOW ROAD",2640.00,S,N,B,-,Y,,,215,,,,,,N,Y,1,1,0,1,A,-,08,22107,,N,E,I,A,A,H,-,A,D,0,,,,,Y,,A,01,0,0,0,0,0,0,0,0,0,"- ","- ",34.071849822998047,-117.29524230957031,"SAN BERNARDINO","SAN BERNARDINO",-117.29551696777344,34.071865081787109
9132060,2020,2020-10-15,3604,2020-07-15,1648,1354,,3,5,6,3604,0,0,0,,0,,"MULBERRY AV",CHERRY,32.00,S,N,A,-,N,,,,,,,,,,Y,2,0,1,2,A,-,07,21658,A,N,B,C,A,A,H,-,A,A,0,,,Y,,Y,,-,"- ",1,0,0,0,0,0,0,0,1,"- ","- ",,,"SAN BERNARDINO",FONTANA,-117.50697326660156,34.035480499267578
91320669,2020,2020-10-09,9860,2020-09-21,0218,022103,,1,3,5,3608,0,1,1,,2,203,"SR-210 W/B","PIONEER AVE",3168.00,W,N,A,-,Y,,,210,,,,,,W,Y,2,0,1,3,A,-,03,22350,,N,G,B,E,A,H,-,D,D,0,Y,,,,Y,,M,50,1,0,0,0,1,0,0,0,0,"- ","- ",34.089389801025391,-117.20046997070312,"SAN BERNARDINO",REDLANDS,-117.20051574707031,34.089389801025391
91321305,2020,2020-10-12,9860,2020-10-06,1725,019706,,2,2,9,3600,0,1,1,,2,151,"I-15 NORTHBOUND","KENWOOD AVE",84.00,N,N,A,-,Y,,,15,,,,,,N,Y,2,0,1,2,A,-,03,22350,,N,B,C,A,A,H,-,A,D,0,,,Y,,Y,,C,02,1,0,0,0,0,0,0,0,1,"- ","- ",34.237018585205078,-117.42540740966797,"SAN BERNARDINO",UNINCORPORATED,-117.42536163330078,34.237079620361328
91323172,2020,2020-10-13,9865,2020-10-06,0510,018392,,2,3,9,3600,0,1,3,,2,011,SR-18,"CREST FOREST DR.",317.00,S,N,A,-,Y,,,18,,,,,,,Y,2,0,1,2,A,-,06,21751,,N,D,C,A,A,H,-,D,D,0,,,Y,,Y,,C,02,1,0,0,0,0,0,0,0,1,"- ","- ",34.227481842041016,-117.25424194335938,"SAN BERNARDINO",UNINCORPORATED,-117.25424194335938,34.227474212646484
91323501,2020,2020-10-14,9850,2020-10-06,2210,022361,,2,3,9,3600,0,1,3,,2,040,"STATE ROUTE 18","ORACLE ROAD",615.00,W,N,A,-,Y,,,18,,,,,,,Y,2,0,2,1,A,-,01,23152,A,N,E,I,A,A,H,-,D,A,0,,,,,Y,Y,A,01,2,0,0,0,0,0,0,0,0,"- ","- ",34.44403076171875,-116.94992828369141,"SAN BERNARDINO",UNINCORPORATED,-116.94992828369141,34.443881988525391
91323623,2020,2020-12-08,9835,2020-09-19,2157,21307,,6,2,9,3600,0,1,1,,2,076,"INTERSTATE 15 N/B","HALLORAN SUMMIT RD",10190.00,N,N,A,-,Y,,,15,,,,,,N,Y,1,1,2,1,A,-,08,22107,,N,F,A,A,A,H,-,D,D,0,,,,,Y,,A,01,1,1,0,0,0,0,0,0,0,"- ","- ",35.413429260253906,-115.76032257080078,"SAN BERNARDINO",UNINCORPORATED,-115.76035308837891,35.413520812988281
91324635,2020,2020-10-15,9834,2020-09-04,1635,021525,,5,2,9,3600,0,1,2,,1,091,US-95,SR-62,51850.00,N,N,A,-,Y,,,95,,,,,,,Y,1,1,3,2,A,-,08,22107,,N,A,C,A,A,H,-,A,D,0,,,,,Y,,A,01,1,0,2,0,0,0,0,0,0,"- ","- ",34.298080444335938,-114.6519775390625,"SAN BERNARDINO",UNINCORPORATED,-114.65194702148438,34.298080444335938
91327660,2020,2020-10-20,9855,2020-07-18,2358,020664,,6,3,6,3616,0,1,1,,2,152,"INTERSTATE-15 NORTHBOUND","BASELINE AVENUE",1496.00,S,N,A,-,Y,,,15,,,,,,N,Y,1,1,0,3,A,-,11,21954,A,N,G,B,E,A,H,-,C,D,0,Y,,,,Y,,N,60,0,0,0,1,0,0,0,0,0,"- ","- ",34.118320465087891,-117.51721954345703,"SAN BERNARDINO","RANCHO CUCAMONGA",-117.51730346679688,34.118419647216797
91328102,2020,2021-04-28,9834,2020-09-22,1624,017038,,2,2,9,3600,0,1,2,,1,095,US-95,"CALIFORNIA/NEVADA STATELINE",6864.00,S,N,A,-,Y,,,95,,,,,,,Y,1,1,4,2,A,-,05,21460,A,N,A,C,A,A,H,-,A,D,0,,,,,Y,,A,07,2,2,0,0,0,0,0,0,0,"- ","- ",35.158660888671875,-114.84149932861328,"SAN BERNARDINO",UNINCORPORATED,-114.84145355224609,35.15869140625