CASE_ID,ACCIDENT_YEAR,PROC_DATE,JURIS,COLLISION_DATE,COLLISION_TIME,OFFICER_ID,REPORTING_DISTRICT,DAY_OF_WEEK,CHP_SHIFT,POPULATION,CNTY_CITY_LOC,SPECIAL_COND,BEAT_TYPE,CHP_BEAT_TYPE,CITY_DIVISION_LAPD,CHP_BEAT_CLASS,BEAT_NUMBER,PRIMARY_RD,SECONDARY_RD,DISTANCE,DIRECTION,INTERSECTION,WEATHER_1,WEATHER_2,STATE_HWY_IND,CALTRANS_COUNTY,CALTRANS_DISTRICT,STATE_ROUTE,ROUTE_SUFFIX,POSTMILE_PREFIX,POSTMILE,LOCATION_TYPE,RAMP_INTERSECTION,SIDE_OF_HWY,TOW_AWAY,COLLISION_SEVERITY,NUMBER_KILLED,NUMBER_INJURED,PARTY_COUNT,PRIMARY_COLL_FACTOR,PCF_CODE_OF_VIOL,PCF_VIOL_CATEGORY,PCF_VIOLATION,PCF_VIOL_SUBSECTION,HIT_AND_RUN,TYPE_OF_COLLISION,MVIW,PED_ACTION,ROAD_SURFACE,ROAD_COND_1,ROAD_COND_2,LIGHTING,CONTROL_DEVICE,CHP_ROAD_TYPE,PEDESTRIAN_ACCIDENT,BICYCLE_ACCIDENT,MOTORCYCLE_ACCIDENT,TRUCK_ACCIDENT,NOT_PRIVATE_PROPERTY,ALCOHOL_INVOLVED,STWD_VEHTYPE_AT_FAULT,CHP_VEHTYPE_AT_FAULT,COUNT_SEVERE_INJ,COUNT_VISIBLE_INJ,COUNT_COMPLAINT_PAIN,COUNT_PED_KILLED,COUNT_PED_INJURED,COUNT_BICYCLIST_KILLED,COUNT_BICYCLIST_INJURED,COUNT_MC_KILLED,COUNT_MC_INJURED,PRIMARY_RAMP,SECONDARY_RAMP,LATITUDE,LONGITUDE,COUNTY,CITY,POINT_X,POINT_Y
91497658,2021,2021-06-15,9855,2021-05-07,0228,020743,,5,3,6,3607,0,1,3,,2,601,"SR-60 EASTBOUND (POMONA FWY)","VINEYARD AVENUE",220.00,E,N,B,-,Y,,,60,,,,,,E,Y,1,1,0,1,A,-,08,22107,,N,E,I,A,A,D,-,D,A,0,,,,,Y,,A,01,0,0,0,0,0,0,0,0,0,"- ","- ",34.030540466308594,-117.61016845703125,"SAN BERNARDINO",ONTARIO,-117.61016845703125,34.030475616455078
91498855,2021,2021-06-16,9855,2021-05-13,1730,017506,,4,2,6,3604,0,1,1,,2,201,"SR-210 E/B TO BEECH AVENUE","BEECH AVE.",30.00,W,N,A,-,Y,,,210,,,,R,,E,Y,2,0,2,3,A,-,03,22350,A,N,C,C,A,A,H,-,A,A,0,,,,,Y,,A,01,1,1,0,0,0,0,0,0,0,"- ","- ",34.136409759521484,-117.47118377685547,"SAN BERNARDINO",FONTANA,-117.47118377685547,34.136409759521484
91501444,2021,2021-06-21,9850,2021-06-12,0650,019908,,6,1,9,3600,0,1,1,,2,084,"I-15 N/B","DALE EVANS PKY",4224.00,S,N,A,-,Y,,,15,,,,,,N,Y,2,0,1,2,A,-,08,22107,,N,C,E,A,A,H,-,A,D,0,,,,Y,Y,,A,01,1,0,0,0,0,0,0,0,0,"- ","- ",34.637588500976562,-117.22267913818359,"SAN BERNARDINO",UNINCORPORATED,-117.22276306152344,34.637653350830078
91501780,2021,2021-06-21,9850,2021-06-12,1415,022386,,6,2,9,3600,0,1,3,,2,060,SR-138,"PHELAN ROAD",1092.00,E,N,A,-,Y,,,138,,,,,,,Y,2,0,1,1,A,-,08,22107,,N,F,A,A,A,H,-,A,D,0,,,Y,,Y,,C,02,1,0,0,0,0,0,0,0,1,"- ","- ",34.422451019287109,-117.61139678955078,"SAN BERNARDINO",UNINCORPORATED,-117.61140441894531,34.422443389892578
91502929,2021,2021-06-22,9870,2021-05-30,1335,020512,,7,1,9,3600,0,1,3,,1,011,"STATE ROUTE 62 (TWENTYNINE PALMS HIGHWAY)","SUNDOWN TRAIL",356.00,E,N,A,-,Y,,,62,,,,,,,Y,1,1,0,1,A,-,01,23152,G,N,E,I,A,A,H,-,A,D,0,,,,,Y,Y,A,07,0,0,0,0,0,0,0,0,0,"- ","- ",34.080429077148438,-116.53629302978516,"SAN BERNARDINO",UNINCORPORATED,-116.53607177734375,34.080047607421875
9150454,2020,2020-10-10,3604,2020-08-27,1424,769,,4,5,6,3604,0,0,0,,0,002,"MONTECA DR","NIAGARA DR",47.00,E,N,A,-,N,,,,,,,,,,N,2,0,1,1,A,-,08,22107,,N,E,I,A,A,H,-,A,D,0,,,,,Y,,A,01,1,0,0,0,0,0,0,0,0,"- ","- ",,,"SAN BERNARDINO",FONTANA,-117.45907592773438,34.123500823974609
91504901,2021,2021-06-24,9860,2021-06-13,1750,020533,,7,2,6,3610,0,1,1,,2,214,"I-215 S/B","ORANGE SHOW RD",100.00,N,N,A,-,Y,,,215,,,,,,S,Y,2,0,1,3,A,-,03,22350,,N,E,I,A,A,D,-,A,D,0,,,Y,,Y,,A,01,1,0,0,0,0,0,0,0,1,"- ","- ",34.078380584716797,-117.29662322998047,"SAN BERNARDINO","SAN BERNARDINO",-117.29669189453125,34.078330993652344
91505023,2021,2021-06-24,9865,2021-06-11,1425,021392,,5,2,9,3600,0,1,3,,2,014,"SR-138 W/B","OLD MILL RD",3168.00,W,N,A,-,Y,,,138,,,,,,W,Y,2,0,1,1,A,-,08,22107,,N,E,I,A,A,H,-,A,D,0,,,Y,,Y,,C,02,1,0,0,0,0,0,0,0,1,"- ","- ",34.262001037597656,-117.28887176513672,"SAN BERNARDINO",UNINCORPORATED,-117.28896331787109,34.261989593505859
91505119,2021,2021-06-24,9870,2021-06-13,1420,020512,,7,2,9,3600,0,1,3,,1,041,"STATE ROUTE 62 (TWENTYNINE PALMS HIGHWAY)","CHADWICK ROAD",205.00,E,N,A,-,Y,,,62,,,,,,,Y,2,0,1,1,A,-,08,22107,,N,F,A,A,A,H,-,A,D,0,,,,,Y,,E,22,1,0,0,0,0,0,0,0,0,"- ","- ",34.122238159179688,-115.77284240722656,"SAN BERNARDINO",UNINCORPORATED,-115.77284240722656,34.122222900390625
91505727,2021,2021-06-24,9865,2021-06-14,1350,021502,,1,1,9,3600,0,1,3,,2,045,"STATE ROUTE 38",1N01,730.00,W,N,A,-,Y,,,,,,,,,,Y,2,0,1,2,A,-,07,21658,A,F,B,C,A,A,H,-,A,D,0,,,Y,,Y,,-,99,1,0,0,0,0,0,0,0,1,"- ","- ",34.190559387207031,-117.71810913085938,"SAN BERNARDINO",UNINCORPORATED,,
91507303,2021,2021-06-28,9860,2021-06-24,0710,019321,,4,1,9,3600,0,3,5,,2,002,"WATERMAN AVE.","6TH ST",30.00,S,N,A,-,N,,,,,,,,,,Y,2,0,2,2,A,-,03,22350,,N,C,C,A,A,H,-,A,D,0,,,,,Y,,A,07,1,0,1,0,0,0,0,0,0,"- ","- ",34.110061645507812,-117.27874755859375,"SAN BERNARDINO",UNINCORPORATED,-117.27877044677734,34.110149383544922
9150827,2020,2020-09-14,3600,2020-04-05,1146,H5152,TW005,7,5,3,3617,0,0,0,,0,TW1,"ADOBE RD","FOLEY DR",205.00,N,N,A,-,N,,,,,,,,,,Y,2,0,2,2,A,-,08,22107,,N,D,C,A,A,H,-,A,D,0,,,,,Y,,A,01,1,0,1,0,0,0,0,0,0,"- ","- ",34.190769195556641,-116.05397033691406,"SAN BERNARDINO","TWENTYNINE PALMS",-116.05400085449219,34.190769195556641
91510077,2021,2021-06-30,9835,2021-06-19,1500,022324,,6,2,9,3600,0,1,1,,2,074,"I-15 N/B","WEST BAKER BOULEVARD",10560.00,S,N,A,-,Y,,,15,,,,,,N,Y,2,0,1,1,A,-,08,22107,,N,F,I,A,A,H,-,A,D,0,,,,,Y,,A,01,1,0,0,0,0,0,0,0,0,"- ","- ",35.23175048828125,-116.10221099853516,"SAN BERNARDINO",UNINCORPORATED,-116.10210418701172,35.231685638427734
91510892,2021,2021-07-01,9850,2021-06-28,1948,021643,,1,2,5,3612,0,1,1,,2,084,"I-15 NORTHBOUND (BARSTOW FREEWAY)","STODDARD WELLS ROAD",3500.00,S,N,A,-,Y,,,15,,,,,,N,N,2,0,1,2,A,-,07,21658,A,F,F,A,A,A,H,-,A,D,0,,,Y,,Y,,A,01,1,0,0,0,0,0,0,0,1,"- ","- ",34.582691192626953,-117.26651000976562,"SAN BERNARDINO",VICTORVILLE,-117.26653289794922,34.582710266113281
91510897,2021,2021-07-01,9835,2021-05-23,0704,021482,,7,1,9,3600,0,1,1,,2,073,"I-15 S/B","ALVORD MOUNTAIN RD",3907.00,N,N,A,-,Y,,,15,,,,,,S,Y,1,1,0,1,A,-,08,22107,,N,E,I,A,A,H,-,A,D,0,,,,,Y,,A,01,0,0,0,0,0,0,0,0,0,"- ","- ",34.989681243896484,-116.58522033691406,"SAN BERNARDINO",UNINCORPORATED,-116.58528137207031,34.989818572998047
9151093,2020,2020-09-21,3600,2020-05-22,1854,G6918,VC063,5,5,5,3612,0,0,0,,0,VC3,"BEAR VALLEY RD","ELEVENTH AV",0.00,,Y,A,-,N,,,,,,,,,,N,2,0,1,2,A,-,12,21453,A,N,D,G,A,A,H,-,A,A,0,,Y,,,Y,,L,04,1,0,0,0,0,0,1,0,0,"- ","- ",,,"SAN BERNARDINO",VICTORVILLE,-117.32115173339844,34.470638275146484
91512430,2021,2021-07-02,9855,2021-06-24,0655,015498,,4,1,6,3616,0,1,1,,2,201,"SR-210 W/B (FOOTHILL FWY)","ETIWANDA AVE.",500.00,E,N,A,-,Y,,,210,,,,,,W,Y,2,0,1,2,A,-,07,21658,A,N,C,C,A,A,H,-,A,D,0,,,Y,,Y,,A,07,1,0,0,0,0,0,0,0,1,"- ","- ",34.136459350585938,-117.52171325683594,"SAN BERNARDINO","RANCHO CUCAMONGA",-117.52171325683594,34.136505126953125
91512443,2021,2021-07-02,9860,2021-05-27,2100,019599,,4,2,5,3608,0,1,1,,2,105,"I-10 W/B","FORD ST.",1056.00,W,N,A,-,Y,,,10,,,,,,W,N,2,0,1,3,A,-,08,22107,,N,G,B,E,A,H,-,D,D,0,Y,,,,Y,,A,01,1,0,0,0,1,0,0,0,0,"- ","- ",34.045059204101562,-117.15676116943359,"SAN BERNARDINO",REDLANDS,-117.15682220458984,34.045032501220703
91512726,2021,2021-07-05,9860,2021-06-28,1750,021138,,1,2,9,3600,0,3,5,,2,004,"11TH ST","ELM ST",280.00,W,N,A,-,N,,,,,,,,,,N,2,0,1,1,C,-,18,,,N,H,H,A,A,H,-,A,D,0,,,Y,,Y,,-,"- ",1,0,0,0,0,0,0,0,1,"- ","- ",34.044551849365234,-117.40376281738281,"SAN BERNARDINO",UNINCORPORATED,-117.40383148193359,34.044513702392578
91513049,2021,2021-07-19,9850,2021-06-23,1546,022510,,3,2,9,3600,0,1,1,,2,084,"I-15 S/B","DALE EVANS PKWY",5438.00,N,N,B,-,Y,,,15,,,,,,S,Y,2,0,6,2,A,-,01,23152,F,N,C,C,A,A,H,-,A,D,0,,,,,Y,,A,07,6,0,0,0,0,0,0,0,0,"- ","- ",34.658699035644531,-117.21298217773438,"SAN BERNARDINO",UNINCORPORATED,-117.21286773681641,34.658668518066406
91513114,2021,2021-07-06,9835,2021-07-01,2309,020150,,4,3,9,3600,0,1,1,,2,074,"I-15 N/B","RASOR RD",14784.00,N,N,A,-,Y,,,15,,,,,,N,Y,2,0,1,2,A,-,01,23152,A,N,C,C,A,A,H,-,D,D,0,,,,,Y,Y,A,01,1,0,0,0,0,0,0,0,0,"- ","- ",35.178749084472656,-116.16938018798828,"SAN BERNARDINO",UNINCORPORATED,-116.16960144042969,35.178951263427734
91514755,2021,2021-07-07,9860,2021-06-22,2035,016651,,2,2,9,3600,0,1,1,,2,152,"I-15 S/B TO CLEGHORN ROAD","CLEGHORN ROAD",0.00,,Y,A,-,Y,,,15,,,,R,,S,N,2,0,4,2,A,-,12,22450,A,N,D,C,A,A,H,-,C,A,0,,,,,Y,,A,01,1,2,1,0,0,0,0,0,0,"- ","- ",34.298591613769531,-117.45821380615234,"SAN BERNARDINO",UNINCORPORATED,-117.45821380615234,34.298591613769531
91515126,2021,2021-07-07,9865,2021-06-24,1850,020725,,4,2,9,3600,0,1,3,,1,039,SR-38,"ERWIN RANCH ROAD",0.00,,Y,A,-,Y,,,38,,,,,,,N,2,0,1,2,A,-,05,21460,A,N,D,C,A,A,H,-,A,D,0,,,Y,,Y,,C,02,1,0,0,0,0,0,0,0,1,"- ","- ",34.246860504150391,-116.81194305419922,"SAN BERNARDINO",UNINCORPORATED,-116.81192016601562,34.246879577636719
91515456,2021,2021-07-08,9860,2021-06-30,0105,014777,,3,3,9,3600,0,1,1,,2,151,"I-15 S/B","OAKIE FLAT ROAD",904.00,S,N,A,-,Y,,,15,,,,,,S,Y,2,0,1,1,A,-,08,22107,,N,E,I,A,A,H,-,D,D,0,,,,,Y,,A,01,1,0,0,0,0,0,0,0,0,"- ","- ",34.26129150390625,-117.45024108886719,"SAN BERNARDINO",UNINCORPORATED,-117.44982147216797,34.261234283447266
91517652,2021,2021-07-12,9850,2021-06-22,1015,019176,,2,1,9,3600,0,1,3,,2,040,SR-18,"BUENA VISTA ST.",25.00,E,N,A,-,Y,,,18,,,,,,,Y,2,0,2,3,A,-,03,22350,,N,C,C,A,A,H,-,A,D,0,,,,,Y,,A,07,1,1,0,0,0,0,0,0,0,"- ","- ",34.448001861572266,-116.99803161621094,"SAN BERNARDINO",UNINCORPORATED,-116.99803924560547,34.447967529296875
9152163,2020,2020-09-25,3600,2020-05-25,0334,G9455,VVSUP,1,5,5,3612,0,0,0,,0,006,"MOJAVE DR","COBALT RD",0.00,,Y,B,-,N,,,,,,,,,,Y,2,0,2,1,B,-,22,,,N,F,-,A,A,G,-,D,D,0,,,,,Y,,A,08,1,0,1,0,0,0,0,0,0,"- ","- ",,,"SAN BERNARDINO",VICTORVILLE,-117.37306213378906,34.528541564941406
91523893,2021,2021-07-19,9835,2021-07-07,0001,020150,,3,3,9,3600,0,1,1,,2,070,"15 SOUTHBOUND","OUTLET CENTER DRIVE",8976.00,S,N,A,-,Y,,,,,,,,,,N,2,0,2,1,A,-,21,22106,,N,G,B,A,A,H,-,D,D,0,,,,,Y,,A,07,2,0,0,0,0,0,0,0,0,"- ","- ",34.792121887207031,-117.11897277832031,"SAN BERNARDINO",UNINCORPORATED,,
9152458,2020,2020-10-28,3610,2020-08-31,1540,50977,,1,5,6,3610,0,0,0,,0,POLICE,"N VALENCIA AV","HIGHLAND AV",6.00,S,N,A,-,N,,,,,,,,,,N,2,0,1,2,A,-,08,22107,,N,G,B,B,A,H,-,A,A,0,Y,,,,Y,,A,01,1,0,0,0,1,0,0,0,0,"- ","- ",34.135898590087891,-117.27249908447266,"SAN BERNARDINO","SAN BERNARDINO",-117.27252197265625,34.135883331298828
91524752,2021,2021-07-20,9834,2021-06-15,0415,017149,,2,3,9,3600,0,1,1,,2,042,"INTERSTATE 40","ESSEX ROAD",600.00,E,N,A,-,Y,,,40,,,,,,,Y,1,1,0,1,A,-,08,22107,,N,F,A,A,A,H,-,D,D,0,,,,,Y,,A,01,0,0,0,0,0,0,0,0,0,"- ","- ",34.801410675048828,-115.32012176513672,"SAN BERNARDINO",UNINCORPORATED,-115.32012176513672,34.801376342773438
91526292,2021,2021-07-22,9850,2021-07-15,2320,019176,,4,3,9,3600,0,1,3,,2,044,"STATE ROUTE 247","PARMESON ROAD",141.00,W,N,A,-,Y,,,247,,,,,,,Y,1,2,2,2,A,-,05,21651,C,N,A,C,A,A,H,-,D,D,0,,,,,Y,,A,01,2,0,0,0,0,0,0,0,0,"- ","- ",34.434490203857422,-116.8153076171875,"SAN BERNARDINO",UNINCORPORATED,-116.81529998779297,34.434543609619141
91528180,2021,2021-07-26,9860,2021-06-29,2130,021638,,2,2,9,3600,0,3,5,,2,003,"SAND CANYON RD","RESERVOIR CANAL RD",2112.00,E,N,A,-,N,,,,,,,,,,Y,2,0,3,2,A,-,05,21460,A,N,A,C,A,A,H,-,D,D,0,,,,,Y,,A,01,3,0,0,0,0,0,0,0,0,"- ","- ",34.044990539550781,-117.11508178710938,"SAN BERNARDINO",UNINCORPORATED,,
91528442,2021,2021-07-26,9850,2021-07-12,0600,021366,,1,1,9,3600,0,3,5,,2,003,"DEEP CREEK RD.","VERBENA LN.",170.00,S,N,A,-,N,,,,,,,,,,Y,2,0,2,2,A,-,06,21751,,N,A,C,A,A,H,-,A,D,0,,,,,Y,,A,01,1,1,0,0,0,0,0,0,0,"- ","- ",34.438640594482422,-117.22509765625,"SAN BERNARDINO",UNINCORPORATED,-117.22514343261719,34.438365936279297
91528620,2021,2021-07-26,9850,2021-07-10,1240,018211,,6,1,9,3600,0,2,4,,2,055,"NATIONAL TRAILS HWY","POLISH LN",3696.00,N,N,A,-,Y,,,,,,,,,,Y,2,0,2,2,A,-,08,22107,,F,A,C,A,A,H,-,A,D,0,,,,,Y,,A,01,1,1,0,0,0,0,0,0,0,"- ","- ",34.619300842285156,-117.34358215332031,"SAN BERNARDINO",UNINCORPORATED,-117.34334564208984,34.618209838867188
9153087,2020,2020-09-23,3609,2020-09-02,1748,8510,R1140,3,5,5,3609,0,0,0,,0,003,"ACACIA AV","RIALTO AV",0.00,,Y,A,-,N,,,,,,,,,,Y,2,0,2,5,A,-,12,22450,,N,D,C,A,A,H,-,A,A,0,,,,,Y,,D,22,1,0,1,0,0,0,0,0,0,"- ","- ",34.099601745605469,-117.36160278320312,"SAN BERNARDINO",RIALTO,-117.36161804199219,34.099510192871094
91531471,2021,2021-07-29,9870,2021-07-17,1650,021288,,6,2,9,3600,0,1,3,,1,011,"SR-62 (TWENTYNINE PALMS HWY.)","BELLA VISTA DRIVE",0.00,,Y,A,-,Y,,,62,,,,,,,Y,2,0,2,2,A,-,01,23152,A,N,D,C,A,A,H,-,A,A,0,,,Y,,Y,Y,C,02,1,1,0,0,0,0,0,0,1,"- ","- ",34.078590393066406,-116.53829193115234,"SAN BERNARDINO",UNINCORPORATED,-116.53831481933594,34.078624725341797
91531810,2021,2021-11-01,9835,2021-07-19,2333,022303,,1,3,9,3600,0,1,1,,2,074,"N/B I-15","KELBAKER RD",1003.00,S,N,A,-,Y,,,15,,,,,,,Y,2,0,3,2,A,-,01,23153,A,N,C,2,A,A,H,-,D,D,0,,,,,Y,Y,-,"- ",1,2,0,0,0,0,0,0,0,"- ","- ",35.259281158447266,-116.07939147949219,"SAN BERNARDINO",UNINCORPORATED,-116.07939147949219,35.25927734375
91533198,2021,2021-07-30,9860,2021-06-25,1315,021229,,5,1,9,3600,0,1,1,,2,151,"I-15 S/B","KENWOOD AVE",1056.00,N,N,A,-,Y,,,15,,,,,,S,N,2,0,1,2,A,-,08,22107,,F,B,C,A,A,H,-,A,D,0,,,Y,,Y,,A,07,1,0,0,0,0,0,0,0,1,"- ","- ",34.238571166992188,-117.42790985107422,"SAN BERNARDINO",UNINCORPORATED,-117.42791748046875,34.238555908203125
91533894,2021,2021-07-30,9860,2021-07-20,1837,021138,,2,2,9,3600,0,3,5,,2,003,"4TH ST","PINE ST",103.00,E,N,A,-,N,,,,,,,,,,N,2,0,1,1,C,-,18,,,N,H,H,A,A,H,-,A,D,0,,,Y,,Y,,-,"- ",1,0,0,0,0,0,0,0,1,"- ","- ",34.106449127197266,-117.26856231689453,"SAN BERNARDINO",UNINCORPORATED,-117.26860046386719,34.106437683105469
91534183,2021,2021-08-02,9850,2021-07-30,0300,021758,,5,3,9,3600,0,3,5,,2,006,"GREEN ROAD","HILLSIDE PLACE",435.00,N,N,A,-,N,,,,,,,,,,Y,2,0,1,1,A,-,01,23152,A,N,E,I,A,A,H,-,D,D,0,,,,,Y,Y,A,07,1,0,0,0,0,0,0,0,0,"- ","- ",34.409191131591797,-117.63567352294922,"SAN BERNARDINO",UNINCORPORATED,-117.6357421875,34.409114837646484
91534319,2021,2021-08-02,9860,2021-06-25,2110,021229,,5,2,9,3600,0,2,4,,1,131,"LYTLE CREEK RD","SHEEP CANYON RD",10560.00,N,N,A,-,N,,,,,,,,,,Y,2,0,1,1,A,-,08,22107,,N,F,A,A,A,H,-,D,D,0,,,Y,,Y,,C,02,1,0,0,0,0,0,0,0,1,"- ","- ",34.279308319091797,-117.53256225585938,"SAN BERNARDINO",UNINCORPORATED,-117.52877044677734,34.27569580078125
91535249,2021,2021-08-03,9860,2021-07-23,1813,020533,,5,2,9,3600,0,1,1,,2,102,"I-10 E/B","CEDAR AVE",4650.00,W,N,A,-,Y,,,10,,,,,,E,N,2,0,1,2,A,-,01,23152,A,N,E,I,A,A,H,-,A,D,0,,,,,Y,Y,D,22,1,0,0,0,0,0,0,0,0,"- ","- ",34.067680358886719,-117.41162872314453,"SAN BERNARDINO",UNINCORPORATED,-117.41162872314453,34.067558288574219
91536701,2021,2021-08-04,9835,2021-07-26,1036,021482,,1,1,9,3600,0,1,1,,2,077,"I-15 S/B","NIPTON RD",11827.00,S,N,B,C,Y,,,15,,,,,,S,Y,2,0,2,1,A,-,03,22350,,N,E,I,A,B,H,-,A,D,0,,,,,Y,,D,22,1,0,1,0,0,0,0,0,0,"- ","- ",35.464569091796875,-115.48117065429688,"SAN BERNARDINO",UNINCORPORATED,-115.48117065429688,35.464569091796875
91536814,2021,2021-08-04,9860,2021-07-18,0010,021375,,7,3,6,3610,0,1,1,,2,201,"SR-210 E/B TO I-215","STATE ST.",2330.00,E,N,A,-,Y,,,210,,,,R,,E,Y,2,0,9,2,A,-,08,22107,,N,C,4,A,A,H,-,C,D,0,,,,,Y,,A,01,1,1,7,0,0,0,0,0,0,"- ","- ",34.138969421386719,-117.32479858398438,"SAN BERNARDINO","SAN BERNARDINO",-117.32479858398438,34.138969421386719
91538062,2021,2021-08-05,9850,2021-07-25,1350,022510,,7,1,9,3600,0,2,4,,2,064,"LONE PINE CANYON RD","EAST CANYON DR",1373.00,S,N,A,-,N,,,,,,,,,,N,2,0,1,1,A,-,08,22107,,N,F,A,A,A,H,-,A,D,0,,,Y,,Y,,C,02,1,0,0,0,0,0,0,0,1,"- ","- ",34.344829559326172,-117.60812377929688,"SAN BERNARDINO",UNINCORPORATED,-117.60841369628906,34.34503173828125
91538076,2021,2021-08-06,9860,2021-07-24,0530,016800,,6,3,6,3610,0,1,1,,2,216,"I-215 N/B","BASELINE ST",1871.00,S,N,A,-,Y,,,215,,,,,,N,N,2,0,2,2,A,-,03,22350,,N,C,C,A,A,H,-,C,D,0,,,,Y,Y,,A,07,1,1,0,0,0,0,0,0,0,"- ","- ",34.116161346435547,-117.30235290527344,"SAN BERNARDINO","SAN BERNARDINO",-117.30278015136719,34.116165161132812
9154064,2020,2020-10-22,3604,2020-08-25,0500,1249,,2,5,6,3604,0,0,0,,0,004,"CHERRY AV","RANCHERIAS DR",0.00,,Y,A,-,N,,,,,,,,,,Y,2,0,1,2,A,-,05,21650,1,N,A,G,A,A,H,-,C,A,0,,Y,,,Y,,L,04,1,0,0,0,0,0,1,0,0,"- ","- ",,,"SAN BERNARDINO",FONTANA,-117.50167083740234,34.036968231201172
91540859,2021,2021-08-10,9860,2021-07-29,0010,020572,,4,3,9,3600,0,3,5,,2,004,"LOCUST AVE","7TH ST",64.00,N,N,A,-,N,,,,,,,,,,Y,2,0,1,1,A,-,03,22350,,N,E,I,A,A,H,-,C,D,0,,,,,Y,,D,22,1,0,0,0,0,0,0,0,0,"- ","- ",34.040920257568359,-117.40943908691406,"SAN BERNARDINO",UNINCORPORATED,-117.40947723388672,34.040756225585938
91541644,2021,2021-08-10,9870,2021-08-01,0650,021650,,7,1,9,3600,0,1,3,,1,031,"STATE ROUTE 62 (29 PAMLS HWY)","LA CONTENTA ROAD",1162.00,E,N,A,-,Y,,,62,,,,,,,Y,2,0,1,1,A,-,08,22107,,N,E,9,A,A,H,-,A,D,0,,,,,Y,,A,07,1,0,0,0,0,0,0,0,0,"- ","- ",34.134780883789062,-116.36580657958984,"SAN BERNARDINO",UNINCORPORATED,-116.36580657958984,34.134895324707031
91542392,2021,2022-01-10,9850,2021-06-26,2305,021562,,6,3,9,3600,0,1,3,,2,052,SR-18,"MONTE VISTA RD",200.00,W,N,A,-,Y,,,18,,,,,,,Y,2,0,2,3,A,-,06,21755,A,F,A,2,A,A,H,-,D,D,0,,,,,Y,,A,01,2,0,0,0,0,0,0,0,0,"- ","- ",34.506488800048828,-117.56018829345703,"SAN BERNARDINO",UNINCORPORATED,-117.56018829345703,34.506488800048828
91545819,2021,2021-08-16,9865,2021-08-05,2015,020725,,4,2,9,3600,0,1,3,,1,034,SR-18,"CACTUS ROAD",1584.00,S,N,A,-,Y,,,18,,,,,,,Y,2,0,1,1,A,-,01,23152,F,M,E,8,A,A,H,-,D,D,0,,,,,Y,,A,01,1,0,0,0,0,0,0,0,0,"- ","- ",34.294719696044922,-116.79857635498047,"SAN BERNARDINO",UNINCORPORATED,-116.79860687255859,34.294765472412109
91545887,2021,2021-08-16,9865,2021-08-07,1212,016179,,6,1,9,3600,0,1,3,,2,031,SR-38,"BEAR LOOP",116.00,E,N,A,-,Y,,,38,,,,,,,N,2,0,1,1,A,-,03,22350,,N,F,A,A,A,H,-,A,D,0,,Y,,,Y,,L,04,1,0,0,0,0,0,1,0,0,"- ","- ",34.26416015625,-116.87721252441406,"SAN BERNARDINO",UNINCORPORATED,-116.87722778320312,34.264244079589844
91546690,2021,2022-10-20,9834,2021-08-08,1030,015229,,7,1,9,3600,0,1,1,,2,040,"I-40 E/B","ESSEX RD.",44880.00,W,N,A,-,Y,,,40,,,,,,E,Y,2,0,1,1,A,-,08,22107,,N,F,A,A,A,H,-,A,D,0,,,,Y,Y,,F,26,1,0,0,0,0,0,0,0,0,"- ","- ",34.774421691894531,-115.45787811279297,"SAN BERNARDINO",UNINCORPORATED,-115.45784759521484,34.774330139160156
91546812,2021,2021-09-28,9850,2021-07-12,0949,021366,,1,1,9,3600,0,1,3,,2,044,"STATE ROUTE 247","MEDANOS AVENUE",369.00,S,N,A,-,N,,,247,,,,,,,Y,1,1,1,3,A,-,06,21751,,N,B,C,A,A,H,-,A,D,0,,,,,Y,,D,22,1,0,0,0,0,0,0,0,0,"- ","- ",34.443729400634766,-116.86405181884766,"SAN BERNARDINO",UNINCORPORATED,-116.86405181884766,34.443737030029297
91547100,2021,2021-08-17,9850,2021-08-08,1425,022386,,7,2,9,3600,0,1,1,,2,083,"BOWEN RANCH RD","OAK SPRINGS RD",5280.00,N,N,A,-,N,,,,,,,,,,Y,2,0,1,1,A,-,03,22350,,N,E,I,A,A,H,-,A,D,0,,,,,Y,,A,07,1,0,0,0,0,0,0,0,0,"- ","- ",34.380268096923828,-117.14663696289062,"SAN BERNARDINO",UNINCORPORATED,-117.15215301513672,34.372180938720703