CASE_ID,ACCIDENT_YEAR,PROC_DATE,JURIS,COLLISION_DATE,COLLISION_TIME,OFFICER_ID,REPORTING_DISTRICT,DAY_OF_WEEK,CHP_SHIFT,POPULATION,CNTY_CITY_LOC,SPECIAL_COND,BEAT_TYPE,CHP_BEAT_TYPE,CITY_DIVISION_LAPD,CHP_BEAT_CLASS,BEAT_NUMBER,PRIMARY_RD,SECONDARY_RD,DISTANCE,DIRECTION,INTERSECTION,WEATHER_1,WEATHER_2,STATE_HWY_IND,CALTRANS_COUNTY,CALTRANS_DISTRICT,STATE_ROUTE,ROUTE_SUFFIX,POSTMILE_PREFIX,POSTMILE,LOCATION_TYPE,RAMP_INTERSECTION,SIDE_OF_HWY,TOW_AWAY,COLLISION_SEVERITY,NUMBER_KILLED,NUMBER_INJURED,PARTY_COUNT,PRIMARY_COLL_FACTOR,PCF_CODE_OF_VIOL,PCF_VIOL_CATEGORY,PCF_VIOLATION,PCF_VIOL_SUBSECTION,HIT_AND_RUN,TYPE_OF_COLLISION,MVIW,PED_ACTION,ROAD_SURFACE,ROAD_COND_1,ROAD_COND_2,LIGHTING,CONTROL_DEVICE,CHP_ROAD_TYPE,PEDESTRIAN_ACCIDENT,BICYCLE_ACCIDENT,MOTORCYCLE_ACCIDENT,TRUCK_ACCIDENT,NOT_PRIVATE_PROPERTY,ALCOHOL_INVOLVED,STWD_VEHTYPE_AT_FAULT,CHP_VEHTYPE_AT_FAULT,COUNT_SEVERE_INJ,COUNT_VISIBLE_INJ,COUNT_COMPLAINT_PAIN,COUNT_PED_KILLED,COUNT_PED_INJURED,COUNT_BICYCLIST_KILLED,COUNT_BICYCLIST_INJURED,COUNT_MC_KILLED,COUNT_MC_INJURED,PRIMARY_RAMP,SECONDARY_RAMP,LATITUDE,LONGITUDE,COUNTY,CITY,POINT_X,POINT_Y
92090951,2022,2023-06-12,9860,2022-06-25,0848,017098,,6,1,9,3600,0,1,1,,2,151,"INTERSTATE 15 SOUTHBOUND","OAKIE FLAT ROAD",782.00,N,N,A,-,Y,SBD,,15,,R,17.636,H,,L,Y,1,1,1,2,A,-,03,22350,,N,C,C,A,A,H,-,A,D,0,,,Y,,Y,,C,02,0,0,1,0,0,0,0,1,0,"- ","- ",34.266090393066406,-117.44966888427734,"SAN BERNARDINO",UNINCORPORATED,-117.44974517822266,34.266090393066406
92090954,2022,2023-06-12,9860,2022-05-04,0315,021149,,3,3,4,3603,0,1,1,,2,103,"INTERSTATE 10 EASTBOUND","HUNTS LANE",1880.00,W,N,A,-,Y,SBD,,10,,R,24.593,H,,R,Y,1,1,0,2,A,-,11,21956,A,N,G,1,E,A,H,-,D,D,0,Y,,,,Y,,N,60,0,0,0,1,0,0,0,0,0,"- ","- ",34.063308715820312,-117.29038238525391,"SAN BERNARDINO",COLTON,-117.29038238525391,34.063327789306641
92090955,2022,2023-06-12,9860,2022-05-06,1229,019467,,5,1,9,3600,0,1,1,,2,102,"INTERSTATE 10 WESTBOUND","CEDAR AVENUE",167.00,W,N,A,-,Y,SBD,,10,,R,18.451,H,,L,Y,1,1,3,3,A,-,08,22107,,N,D,C,A,A,H,-,A,D,0,,,,,Y,,A,01,1,1,1,0,0,0,0,0,0,"- ","- ",34.068599700927734,-117.39682006835938,"SAN BERNARDINO",UNINCORPORATED,-117.39682006835938,34.068611145019531
92091100,2023,2023-06-12,9860,2023-06-05,"25  ",021169,,1,3,6,3610,0,1,1,,2,216,"I-215 N/B FROM BASELINE ST","16TH ST",8.00,S,N,A,-,Y,SBD,,215," "," ",8.503,H,,R,Y,2,0,3,1,A,-,08,22107,,N,E,I,A,A,H,-,C,D,0,,,,,Y,,A,01,1,0,2,0,0,0,0,0,0,"- ","- ",34.127548217773438,-117.30236053466797,"SAN BERNARDINO","SAN BERNARDINO",-117.30265808105469,34.127475738525391
92091182,2023,2023-06-12,9860,2023-05-13,"210 ",022582,,6,3,9,3600,0,3,5,,2,001,"LYTLE CREEK ROAD","BIG TREE CUCAMONGA",5227.00,W,N,A,-,N,,,,,,,,,,N,2,0,1,1,A,-,03,22350,,N,E,I,A,A,H,-,D,A,0,,,,,Y,,A,01,1,0,0,0,0,0,0,0,0,"- ","- ",34.214141845703125,-117.45751953125,"SAN BERNARDINO",UNINCORPORATED,-117.45738983154297,34.212638854980469
92092236,2023,2023-06-13,9855,2023-06-10,"205 ",021403,,6,3,6,3607,0,1,1,,2,103,"I-10 E/B (SAN BERNARDINO FWY)","4TH STREET",142.00,E,N,A,-,Y,SBD,,10," "," ",5.279,H,,R,Y,2,0,3,1,A,-,01,23152,A,N,E,I,A,A,D,-,D,D,0,,,,,Y,Y,A,01,1,2,0,0,0,0,0,0,0,"- ","- ",34.077369689941406,-117.62325286865234,"SAN BERNARDINO",ONTARIO,-117.62322235107422,34.077407836914062
92092661,2023,2023-06-13,9860,2023-06-04,1030,019419,,7,1,9,3600,0,1,3,,1,010,SR-138,"OAKRIDGE CANYON RD.",1584.00,W,N,A,-,Y,SBD,,138," "," ",21.602,H,,R,Y,2,0,3,2,A,-,03,22350,,N,C,C,A,A,H,-,A,D,0,,,Y,,Y,,C,02,1,2,0,0,0,0,0,0,3,"- ","- ",34.320598602294922,-117.38607025146484,"SAN BERNARDINO",UNINCORPORATED,-117.38606262207031,34.320613861083984
92092820,2023,2023-06-13,9834,2023-06-05,1517,013633,,1,2,9,3600,0,1,2,,1,093,"UNITED STATES ROUTE 95","MPM 95 SBD 50.00",1056.00,N,N,A,-,Y,SBD,,95," "," ",50.517,H,,R,Y,2,0,1,1,A,-,08,22107,,N,F,A,A,A,H,-,A,D,0,,,,Y,Y,,F,26,1,0,0,0,0,0,0,0,0,"- ","- ",34.729389190673828,-114.60276031494141,"SAN BERNARDINO",UNINCORPORATED,-114.60279846191406,34.729396820068359
9209294,2020,2021-02-05,3600,2020-11-14,1040,H5821,HE103,6,5,5,3619,0,0,0,,0,HE1,"BALSAM AV","SEQUOIA ST",0.00,,Y,A,-,N,,,,,,,,,,Y,2,0,1,2,A,-,09,21802,A,N,D,C,A,A,H,-,A,A,0,,,Y,,Y,,A,01,1,0,0,0,0,0,0,0,1,"- ","- ",,,"SAN BERNARDINO",HESPERIA,-117.32993316650391,34.468788146972656
92093886,2023,2023-06-14,9835,2023-06-08,1248,019189,,4,1,9,3600,0,3,5,,2,032,"BONANZA TRL","RODEO RD",0.00,,Y,A,-,N,,,,,,,,,,Y,2,0,2,2,A,-,12,22450,A,N,D,C,A,A,H,-,A,A,0,,,,,Y,,D,22,1,1,0,0,0,0,0,0,0,"- ","- ",34.761600494384766,-117.25926971435547,"SAN BERNARDINO",UNINCORPORATED,-117.25934600830078,34.761600494384766
92094014,2023,2023-06-15,9860,2023-06-13,1933,021363,,2,2,9,3600,0,3,5,,2,002,"DUFFY ST.","SAN ANSELMO AVE",155.00,N,N,A,-,N,,,,,,,,,,N,2,0,2,2,A,-,01,23152,A,N,C,E,A,A,H,-,A,D,0,,,,,Y,Y,-,"- ",1,1,0,0,0,0,0,0,0,"- ","- ",34.141918182373047,-117.34416961669922,"SAN BERNARDINO",UNINCORPORATED,-117.34419250488281,34.141845703125
92094598,2023,2023-06-15,9850,2023-05-18,"718 ",020817,,4,1,9,3600,0,1,3,,2,052,SR-18,"OASIS RD",507.00,E,N,A,-,Y,SBD,,18," "," ",114.886,H,,R,Y,2,0,4,3,A,-,08,22107,,N,D,C,A,A,H,-,A,D,0,,,,,Y,,A,01,2,1,1,0,0,0,0,0,0,"- ","- ",34.498970031738281,-117.64205169677734,"SAN BERNARDINO",UNINCORPORATED,-117.64205169677734,34.498943328857422
92094662,2023,2023-06-15,9850,2023-04-30,"252 ",022148,,7,3,5,3619,0,1,1,,2,082,"INTERSTATE 15 SOUTHBOUND","MAIN ST",3689.00,N,N,A,-,Y,SBD,,15," "," ",34.708,H,,L,Y,1,1,0,1,A,-,08,22107,,N,E,I,A,A,D,-,D,D,0,,,,,Y,,A,07,0,0,0,0,0,0,0,0,0,"- ","- ",34.435340881347656,-117.37389373779297,"SAN BERNARDINO",HESPERIA,-117.37384033203125,34.435310363769531
92095565,2023,2023-06-16,9855,2023-06-04,"540 ",018335,,7,3,6,3604,0,1,1,,2,101,"I-10 W/B (SAN BERNARDINO FWY)","CITRUS AVENUE",4010.00,W,N,A,-,Y,SBD,,10," "," ",14.418,H,,L,Y,2,0,1,1,A,-,08,22107,,N,E,8,A,A,H,-,B,D,0,,,,Y,Y,,F,26,1,0,0,0,0,0,0,0,0,"- ","- ",34.066551208496094,-117.46707153320312,"SAN BERNARDINO",FONTANA,-117.46707153320312,34.066516876220703
92095999,2023,2023-06-16,9834,2023-04-22,"925 ",018343,,6,1,9,3600,0,1,2,,1,091,"UNITED STATES 95 (US-95)","95 SBD 28.00",711.00,S,N,A,-,Y,SBD,,95," "," ",28.054,H,,R,Y,1,1,0,2,A,-,05,21460,A,N,A,C,A,A,H,-,A,D,0,,,,Y,Y,,A,01,0,0,0,0,0,0,0,0,0,"- ","- ",34.420890808105469,-114.65209197998047,"SAN BERNARDINO",UNINCORPORATED,-114.65203857421875,34.420890808105469
92098204,2023,2023-06-20,9865,2023-06-04,1505,021892,,7,2,9,3600,0,1,3,,1,030,SR-18,"MPM 40.35",500.00,N,N,A,-,Y,SBD,,18," "," ",40.167,H,,R,N,2,0,2,1,A,-,08,22107,,N,F,J,A,A,B,-,A,D,0,,,Y,,Y,,C,02,1,1,0,0,0,0,0,0,2,"- ","- ",34.244438171386719,-117.02812957763672,"SAN BERNARDINO",UNINCORPORATED,-117.02809906005859,34.244434356689453
92100012,2022,2023-06-22,9860,2022-02-19,0034,022347,,6,3,4,3640,0,1,1,,2,106,"INTERSTATE 10 EASTBOUND","COUNTY LINE ROAD",1156.00,W,N,A,-,Y,SBD,,10,,R,38.968,H,,R,Y,1,1,1,2,A,-,08,22107,,N,C,2,A,A,H,-,D,D,0,,,Y,,Y,,C,02,0,1,0,0,0,0,0,1,0,"- ","- ",34.006511688232422,-117.06659698486328,"SAN BERNARDINO",YUCAIPA,-117.06658935546875,34.006515502929688
92100359,2023,2023-12-21,9860,2023-06-17,2308,022347,,6,3,6,3610,0,1,1,,2,202,"STATE ROUTE 210","GOLDEN AVENUE",368.00,E,N,A,-,Y,SBD,,210," ",R,25.384,H,,R,Y,2,0,1,2,A,-,08,22107,,N,E,I,A,A,H,-,D,D,0,,,,,Y,,A,07,1,0,0,0,0,0,0,0,0,"- ","- ",34.143661499023438,-117.25836944580078,"SAN BERNARDINO","SAN BERNARDINO",-117.25839996337891,34.143501281738281
92100965,2023,2023-06-23,9835,2023-04-14,"110 ",022619,,5,3,9,3600,0,1,1,,2,073,"N/B I-15","COYOTE LAKE ROAD",8131.00,S,N,A,-,Y,SBD,,15," ",R,90.270,H,,R,Y,1,1,2,1,A,-,08,22107,,N,F,A,A,A,H,-,D,D,0,,,,,Y,,A,07,2,0,0,0,0,0,0,0,0,"- ","- ",34.924018859863281,-116.74124145507812,"SAN BERNARDINO",UNINCORPORATED,-116.74125671386719,34.924076080322266
92101130,2023,2023-06-23,9865,2023-06-13,1704,021840,,2,2,9,3600,0,3,5,,2,001,"DEVILS CANYON RD","CREST FOREST DR",2112.00,W,N,A,-,N,,,,,,,,,,N,2,0,1,2,A,-,05,21650,,N,A,G,A,A,H,-,A,D,0,,Y,,,Y,,-,"- ",1,0,0,0,0,0,1,0,0,"- ","- ",34.252330780029297,-117.33312225341797,"SAN BERNARDINO",UNINCORPORATED,-117.33324432373047,34.252891540527344
92101324,2023,2023-06-26,9860,2023-05-28,"25  ",022539,,7,3,6,3610,0,1,1,,2,216,"I-215 S/B",SR-210,2112.00,N,N,A,-,Y,SBD,,215," "," ",10.492,H,,L,Y,2,0,3,2,A,-,08,22107,,N,C,2,A,A,H,-,C,D,0,,,,,Y,,D,22,1,0,2,0,0,0,0,0,0,"- ","- ",34.150199890136719,-117.32285308837891,"SAN BERNARDINO","SAN BERNARDINO",-117.32280731201172,34.150218963623047
92103002,2023,2023-06-27,9835,2023-01-23,1447,022324,,1,2,9,3600,0,1,1,,2,073,"I-15 S/B","HARVARD RD",1350.00,S,N,A,-,Y,SBD,,15," ",R,96.149,H,,L,Y,1,1,1,1,A,-,08,22107,,N,F,A,A,A,H,-,A,D,0,,,,,Y,,D,22,1,0,0,0,0,0,0,0,0,"- ","- ",34.962211608886719,-116.64885711669922,"SAN BERNARDINO",UNINCORPORATED,-116.64878845214844,34.962100982666016
92103934,2023,2023-06-28,9860,2023-06-17,1940,022439,,6,2,5,3608,0,1,1,,2,104,"I-10 E/B","ALABAMA ST",115.00,W,N,A,-,Y,SBD,,10," "," ",29.285,H,,R,Y,2,0,1,1,A,-,01,23152,A,N,E,I,A,A,H,-,B,D,0,,,,,Y,,A,01,1,0,0,0,0,0,0,0,0,"- ","- ",34.066410064697266,-117.20925140380859,"SAN BERNARDINO",REDLANDS,-117.20925140380859,34.066497802734375
92104391,2023,2023-06-28,9855,2023-06-20,"135 ",020963,,2,3,6,3616,0,1,1,,2,153,"INTERSTATE 15 NORTHBOUND","VICTORIA STREET",1584.00,N,N,A,-,Y,SBD,,15," "," ",7.755,H,,R,Y,2,0,1,1,A,-,08,22107,,N,E,I,A,A,H,-,D,D,0,,,,,Y,,A,01,1,0,0,0,0,0,0,0,0,"- ","- ",34.131099700927734,-117.50164031982422,"SAN BERNARDINO","RANCHO CUCAMONGA",-117.50179290771484,34.131229400634766
92106917,2023,2023-06-30,9855,2023-06-15,1627,020564,,4,2,6,3616,0,1,1,,2,204,"SR-210 E/B (FOOTHILL FWY)","CARNELIAN ST",500.00,E,N,A,-,Y,SBD,,210," "," ",4.704,H,,R,N,2,0,1,2,A,-,07,21658,A,N,B,C,A,A,H,-,A,D,0,,,Y,,Y,,D,22,1,0,0,0,0,0,0,0,1,"- ","- ",34.134849548339844,-117.61440277099609,"SAN BERNARDINO","RANCHO CUCAMONGA",-117.61440277099609,34.134830474853516
92110750,2023,2023-07-06,9850,2023-06-26,1728,022734,,1,2,9,3600,0,2,4,,2,057,"SHEEP CREEK RD","DUNCAN RD",0.00,,Y,A,-,N,,,,,,,,,,Y,2,0,2,2,A,-,12,22450,A,N,D,C,A,A,H,-,A,A,0,,,Y,,Y,,C,02,2,0,0,0,0,0,0,0,1,"- ","- ",34.46990966796875,-117.57279205322266,"SAN BERNARDINO",UNINCORPORATED,-117.57273864746094,34.469890594482422
92111901,2023,2023-07-07,9835,2023-01-27,"405 ",020150,,5,3,9,3600,0,1,1,,2,075,"I-15 N/B","HALLORAN SPRINGS RD",5280.00,N,N,A,-,Y,SBD,,15," "," ",150.538,H,,R,Y,1,1,1,4,A,-,08,22107,,N,C,2,E,A,H,-,D,D,0,Y,,,Y,Y,,G,25,1,0,0,1,0,0,0,0,0,"- ","- ",35.379020690917969,-115.8756103515625,"SAN BERNARDINO",UNINCORPORATED,-115.87564849853516,35.379104614257812
92112142,2023,2023-07-07,9855,2023-06-24,1754,023027,,6,2,6,3607,0,1,1,,2,101,"I-10 W/B (SAN BERNARDINO FWY)",I-15,2200.00,E,N,A,-,Y,SBD,,10," "," ",10.398,H,,L,N,2,0,1,2,A,-,07,21658,A,N,B,C,A,A,H,-,A,D,0,,,Y,,Y,,-,"- ",1,0,0,0,0,0,0,0,1,"- ","- ",34.067638397216797,-117.53688812255859,"SAN BERNARDINO",ONTARIO,-117.53688812255859,34.067455291748047
92113246,2023,2023-07-10,9865,2023-03-16,1938,014696,,4,2,9,3600,0,1,3,,2,015,SR-189,"BLUE JAY CUTOFF",1829.00,E,N,A,-,Y,SBD,,189," "," ",3.749,H,,R,N,1,1,0,2,A,-,03,22350,,F,G,B,E,A,H,-,D,D,0,Y,,,,Y,,-,99,0,0,0,1,0,0,0,0,0,"- ","- ",34.244720458984375,-117.21259307861328,"SAN BERNARDINO",UNINCORPORATED,-117.21260070800781,34.244731903076172
92113426,2023,2023-07-10,9835,2023-07-03,1750,022787,,1,2,9,3600,0,3,5,,2,032,"CHURCH AVE","H STREET",0.00,,Y,A,-,N,,,,,,,,,,Y,2,0,2,2,A,-,01,23152,A,N,D,D,A,A,H,-,A,A,0,,,,,Y,Y,A,07,2,0,0,0,0,0,0,0,0,"- ","- ",34.882770538330078,-117.04757690429688,"SAN BERNARDINO",UNINCORPORATED,-117.04759216308594,34.882820129394531
92113807,2023,2023-07-11,9865,2023-07-07,"250 ",021840,,5,3,9,3600,0,3,5,,2,003,"MAPLE LN","BARTON LN",60.00,N,N,A,-,N,,,,,,,,,,N,2,0,1,1,A,-,08,22107,,N,E,I,A,A,H,-,D,D,0,,,,,Y,,A,01,1,0,0,0,0,0,0,0,0,"- ","- ",34.243309020996094,-116.82514190673828,"SAN BERNARDINO",UNINCORPORATED,-116.82514953613281,34.2432861328125
9211451,2020,2021-01-14,3604,2020-10-26,0603,718,,1,5,6,3604,0,0,0,,0,,"SLOVER AV","HEMLOCK AV",0.00,,Y,A,-,N,,,,,,,,,,Y,1,1,1,2,A,-,12,22450,A,N,D,C,A,A,H,-,C,A,0,,,,Y,Y,,A,08,0,0,1,0,0,0,0,0,0,"- ","- ",,,"SAN BERNARDINO",FONTANA,-117.47560882568359,34.062931060791016
9211458,2020,2021-01-14,3600,2020-06-30,2039,E8923,SBSUP,2,5,4,3618,0,0,0,,0,HI3,"CHURCH ST","GLENHEATHER DR",150.00,S,N,A,-,N,,,,,,,,,,N,1,1,0,2,A,-,03,22350,,F,G,B,E,A,A,-,C,B,0,Y,,,,Y,,A,01,0,0,0,1,0,0,0,0,0,"- ","- ",34.113330841064453,-117.17389678955078,"SAN BERNARDINO",HIGHLAND,-117.17375183105469,34.112987518310547
9211461,2020,2021-01-25,3600,2020-07-20,2202,G6918,VC057,1,5,5,3612,0,0,0,,0,VC5,"RT 18","DEL GADO RD",60.00,E,N,A,-,Y,SBD,8,18,-,-,97.710,H,-,S,N,1,1,0,2,A,-,11,21954,A,N,G,B,D,A,H,-,C,A,0,Y,,,,Y,,N,60,0,0,0,1,0,0,0,0,0,"- ","- ",,,"SAN BERNARDINO",VICTORVILLE,-117.34257507324219,34.506767272949219
9211466,2020,2021-01-25,3600,2020-09-16,2023,G3224,YV007,3,5,3,3631,0,0,0,,0,YV1,"RT 62","MOHAWK TRL",166.00,W,N,A,-,Y,SBD,8,62,-,-,10.880,H,-,W,N,1,1,0,2,A,-,11,21954,A,N,G,B,D,A,H,-,C,D,0,Y,,,,Y,,N,60,0,0,0,1,0,0,0,0,0,"- ","- ",34.120719909667969,-116.44023132324219,"SAN BERNARDINO","YUCCA VALLEY",-116.43995666503906,34.120662689208984
9211516,2020,2021-01-26,3600,2020-06-19,1729,F6907,VC068,5,5,5,3612,0,0,0,,0,VC4,"RT 395","BEAR VALLEY RD",1839.00,N,N,A,-,Y,SBD,8,395,-,-,8.970,H,-,N,Y,1,1,0,2,A,-,08,22107,,N,D,C,A,A,H,-,A,D,0,,,Y,,Y,,C,02,0,0,0,0,0,0,0,1,0,"- ","- ",,,"SAN BERNARDINO",VICTORVILLE,-117.39950561523438,34.475364685058594
9211522,2020,2021-01-21,3600,2020-11-13,1346,U0068,YC304,5,5,4,3640,0,0,0,,0,YC2,"WILDWOOD CANYON RD","OAK GROVE RD",195.00,W,N,A,-,N,,,,,,,,,,Y,1,1,0,2,A,-,01,23152,A,N,B,C,A,A,H,-,A,D,0,,,,,Y,Y,D,22,0,0,0,0,0,0,0,0,0,"- ","- ",,,"SAN BERNARDINO",YUCAIPA,-116.99529266357422,34.013172149658203
9211533,2020,2021-02-01,3600,2020-10-07,0133,F6907,VC046,3,5,5,3612,0,0,0,,0,VC6,"RT 66","RT 15",2920.00,N,N,A,-,N,,,,,,,,,,Y,1,1,0,1,A,-,08,22107,,N,F,A,A,A,H,-,D,D,0,,,,,Y,,A,01,0,0,0,0,0,0,0,0,0,"- ","- ",,,"SAN BERNARDINO",VICTORVILLE,,
9211559,2019,2021-02-03,3604,2019-12-02,2139,1286,FONTA,1,5,6,3604,0,0,0,,0,004,"COOLWATER LN","MILLPOND RD",50.00,E,N,A,-,N,,,,,,,,,,Y,1,1,0,3,D,-,00,,,N,B,E,A,A,H,-,C,A,0,,,,,Y,,-,"- ",0,0,0,0,0,0,0,0,0,"- ","- ",,,"SAN BERNARDINO",FONTANA,-117.449462890625,34.045429229736328
92115823,2023,2023-07-13,9860,2023-06-13,1340,021638,,2,1,9,3600,0,1,3,,1,380,"SR-38 (MILL CREEK ROAD)","WARD WAY",15.00,E,N,A,-,Y,SBD,,38," "," ",5.813,H,,R,Y,2,0,2,2,A,-,05,21460,C,N,A,C,A,A,H,-,A,D,0,,,,,Y,,A,01,1,1,0,0,0,0,0,0,0,"- ","- ",34.073211669921875,-117.09271240234375,"SAN BERNARDINO",UNINCORPORATED,-117.09271240234375,34.073249816894531
9211607,2020,2021-02-18,3600,2020-04-28,1451,F8172,HE,2,5,5,3619,0,0,0,,0,0HE,"BEAR VALLEY RD","MARIPOSA RD",740.00,W,N,A,-,N,,,,,,,,,,Y,1,1,1,2,A,-,01,23152,A,N,C,C,A,A,H,-,A,A,0,,,Y,,Y,Y,C,02,1,0,0,0,0,0,0,1,1,"- ","- ",,,"SAN BERNARDINO",HESPERIA,-117.34531402587891,34.470424652099609
9211618,2020,2021-02-18,3600,2020-10-25,2150,D2561,VC019,7,5,5,3612,0,0,0,,0,VC2,"7TH ST","EAST SAND ST",0.00,,Y,A,-,N,,,,,,,,,,Y,1,1,0,3,A,-,11,21954,A,F,G,B,D,A,H,-,C,A,0,Y,,,,Y,,N,60,0,0,0,1,0,0,0,0,0,"- ","- ",,,"SAN BERNARDINO",VICTORVILLE,-117.31713104248047,34.512531280517578
9211631,2020,2021-02-18,3600,2020-12-31,2154,E2055,HE325,4,5,5,3619,0,0,0,,0,HE3,"CALIENTE RD","EL CENTRO RD",1256.00,S,N,A,-,N,,,,,,,,,,Y,1,1,0,1,A,-,07,21658,A,N,F,A,A,A,H,-,D,D,0,,,,,Y,,A,07,0,0,0,0,0,0,0,0,0,"- ","- ",,,"SAN BERNARDINO",HESPERIA,-117.41236877441406,34.387454986572266
9211641,2020,2022-06-18,3600,2020-12-01,1907,C9389,RC005,2,5,6,3616,0,0,0,,0,RC6,"BASELINE RD","DAY CREEK MARKET PLACE",0.00,,Y,A,-,N,,,,,,,,,,N,1,1,0,2,A,-,12,21453,A,N,D,G,A,A,H,-,C,A,0,,Y,,,Y,Y,L,04,0,0,0,0,0,1,0,0,0,"- ","- ",,,"SAN BERNARDINO","RANCHO CUCAMONGA",-117.53926300000001,34.121487999999999
9211678,2020,2021-03-09,3600,2020-06-01,2311,G8526,HE125,1,5,5,3619,0,0,0,,0,HE1,"HESPERIA RD","LEMON ST",578.00,S,N,A,-,N,,,,,,,,,,Y,1,4,1,2,A,-,03,22350,,N,A,C,A,A,H,-,D,D,0,,,,,Y,,D,22,1,0,0,0,0,0,0,0,0,"- ","- ",,,"SAN BERNARDINO",HESPERIA,-117.29776000976562,34.442913055419922
9211693,2020,2021-03-18,3600,2020-08-14,2055,E2055,HE304,5,5,5,3619,0,0,0,,0,HE3,"ESCONDIDO AV","SULTANA ST",68.00,S,N,A,-,N,,,,,,,,,,Y,1,2,2,3,A,-,05,21651,A,N,A,C,A,A,H,-,D,D,0,,,,,Y,,A,01,2,0,0,0,0,0,0,0,0,"- ","- ",,,"SAN BERNARDINO",HESPERIA,-117.37294006347656,34.419353485107422
92117344,2023,2023-07-14,9855,2023-07-02,2113,023027,,7,2,6,3607,0,1,1,,2,103,"I-10 W/B (SAN BERNARDINO FWY)","VINEYARD AVE",2500.00,W,N,A,-,Y,SBD,,10," "," ",5.576,H,,L,N,2,0,2,3,A,-,03,22350,,N,C,2,A,A,H,-,A,D,0,,,,,Y,,A,01,1,1,0,0,0,0,0,0,0,"- ","- ",34.074981689453125,-117.61859130859375,"SAN BERNARDINO",ONTARIO,-117.61856842041016,34.075008392333984
9211735,2021,2021-03-24,3609,2021-01-15,0508,0884,R1049,5,5,5,3609,0,0,0,,0,001,"WALNUT AV","ALDER AV",855.00,W,N,A,-,N,,,,,,,,,,N,1,1,0,3,A,-,11,21954,A,N,G,B,D,A,H,-,C,D,0,Y,,,,Y,,N,60,0,0,0,1,0,0,0,0,0,"- ","- ",34.128398895263672,-117.42160034179688,"SAN BERNARDINO",RIALTO,-117.42133331298828,34.128456115722656
92117413,2023,2023-07-17,9860,2023-07-13,"545 ",019495,,4,3,9,3600,0,1,3,,1,012,SR-138,"WIMMER RD",1162.00,W,N,A,-,Y,SBD,,138," "," ",12.371,H,,R,N,2,0,1,1,A,-,03,22350,,N,E,I,A,A,H,-,A,D,0,,,,,Y,,D,22,1,0,0,0,0,0,0,0,0,"- ","- ",34.328578948974609,-117.51849365234375,"SAN BERNARDINO",UNINCORPORATED,-117.51837921142578,34.328636169433594
9211754,2021,2021-03-30,3605,2021-02-01,1935,401,,1,5,4,3605,0,0,0,,0,,"HOLT BL","RAMONA AV",20.00,E,N,A,-,N,,,,,,,,,,N,1,1,0,2,A,-,11,21956,A,F,G,B,D,A,H,-,C,A,0,Y,,,,Y,,N,60,0,0,0,1,0,0,0,0,0,"- ","- ",,,"SAN BERNARDINO",MONTCLAIR,-117.70699310302734,34.063121795654297
9211777,2020,2022-06-14,3611,2020-12-03,2045,626,3611,4,5,5,3611,0,0,0,,0,004,"FOOTHILL BL","ALTA AV",300.00,E,N,A,-,N,,,,,,,,,,Y,1,1,0,2,A,-,11,21954,A,N,G,B,C,A,H,-,C,A,0,Y,,,,Y,Y,N,60,0,0,0,1,0,0,0,0,0,"- ","- ",,,"SAN BERNARDINO",UPLAND,-117.63224029541016,34.10723876953125
9211782,2021,2023-07-18,3600,2021-01-31,0539,D8573,HE134,7,5,5,3619,0,0,0,,0,001,"RT 395","YUCCA TERRACE DR",359.00,N,N,A,-,Y,SBD,8,395,-,-,6.190,H,-,S,Y,1,1,0,1,A,-,08,22107,,N,F,A,A,A,H,-,D,D,0,,,,,Y,Y,A,01,0,0,0,0,0,0,0,0,0,"- ","- ",,,"SAN BERNARDINO",HESPERIA,-117.39954376220703,34.434963226318359
9211795,2020,2022-06-14,3610,2020-05-10,2128,50912,,7,5,6,3610,0,0,0,,0,DAVID,"S TIPPECANOE AV","E HARRY SHEPARD BL",0.00,,Y,A,-,N,,,,,,,,,,Y,1,2,0,1,A,-,03,22350,,N,E,I,A,A,H,-,C,A,0,,,,,Y,Y,A,01,0,0,0,0,0,0,0,0,0,"- ","- ",34.097988128662109,-117.25959014892578,"SAN BERNARDINO","SAN BERNARDINO",-117.25974273681641,34.098079681396484
9211798,2020,2021-04-13,3610,2020-07-03,2155,50912,,5,5,6,3610,0,0,0,,0,ADAM,"RT 66","N FLORES ST",400.00,W,N,A,-,Y,SBD,8,66,-,-,21.570,H,-,W,Y,1,2,1,1,A,-,03,22350,,N,E,I,A,A,H,-,C,D,0,,,,,Y,,A,01,1,0,0,0,0,0,0,0,0,"- ","- ",,,"SAN BERNARDINO","SAN BERNARDINO",-117.32854461669922,34.108177185058594
9211799,2020,2021-04-08,3610,2020-07-08,1405,50789,,3,5,6,3610,0,0,0,,0,DAVID,"N TIPPECANOE AV","HARRY SHEPARD BL",43.00,N,N,A,-,N,,,,,,,,,,Y,1,1,0,1,A,-,03,22350,,N,E,I,A,A,H,-,A,A,0,,,,,Y,,A,01,0,0,0,0,0,0,0,0,0,"- ","- ",,,"SAN BERNARDINO","SAN BERNARDINO",-117.25974273681641,34.098197937011719