CASE_ID,ACCIDENT_YEAR,PROC_DATE,JURIS,COLLISION_DATE,COLLISION_TIME,OFFICER_ID,REPORTING_DISTRICT,DAY_OF_WEEK,CHP_SHIFT,POPULATION,CNTY_CITY_LOC,SPECIAL_COND,BEAT_TYPE,CHP_BEAT_TYPE,CITY_DIVISION_LAPD,CHP_BEAT_CLASS,BEAT_NUMBER,PRIMARY_RD,SECONDARY_RD,DISTANCE,DIRECTION,INTERSECTION,WEATHER_1,WEATHER_2,STATE_HWY_IND,CALTRANS_COUNTY,CALTRANS_DISTRICT,STATE_ROUTE,ROUTE_SUFFIX,POSTMILE_PREFIX,POSTMILE,LOCATION_TYPE,RAMP_INTERSECTION,SIDE_OF_HWY,TOW_AWAY,COLLISION_SEVERITY,NUMBER_KILLED,NUMBER_INJURED,PARTY_COUNT,PRIMARY_COLL_FACTOR,PCF_CODE_OF_VIOL,PCF_VIOL_CATEGORY,PCF_VIOLATION,PCF_VIOL_SUBSECTION,HIT_AND_RUN,TYPE_OF_COLLISION,MVIW,PED_ACTION,ROAD_SURFACE,ROAD_COND_1,ROAD_COND_2,LIGHTING,CONTROL_DEVICE,CHP_ROAD_TYPE,PEDESTRIAN_ACCIDENT,BICYCLE_ACCIDENT,MOTORCYCLE_ACCIDENT,TRUCK_ACCIDENT,NOT_PRIVATE_PROPERTY,ALCOHOL_INVOLVED,STWD_VEHTYPE_AT_FAULT,CHP_VEHTYPE_AT_FAULT,COUNT_SEVERE_INJ,COUNT_VISIBLE_INJ,COUNT_COMPLAINT_PAIN,COUNT_PED_KILLED,COUNT_PED_INJURED,COUNT_BICYCLIST_KILLED,COUNT_BICYCLIST_INJURED,COUNT_MC_KILLED,COUNT_MC_INJURED,PRIMARY_RAMP,SECONDARY_RAMP,LATITUDE,LONGITUDE,COUNTY,CITY,POINT_X,POINT_Y
92187847,2023,2023-10-02,9850,2023-09-22,"134 ",021765,,5,3,5,3619,0,1,1,,2,081,"INTERSTAE 15 NORTHBOUND","RANCHERO RD",1584.00,S,N,A,-,Y,SBD,,15," "," ",30.034,H,,R,Y,2,0,1,2,A,-,03,22350,,M,C,C,A,A,D,-,D,D,0,,,,,Y,,A,07,1,0,0,0,0,0,0,0,0,"- ","- ",34.378650665283203,-117.41860198974609,"SAN BERNARDINO",HESPERIA,-117.41862487792969,34.378665924072266
92190551,2023,2023-10-04,9860,2023-07-23,2201,022583,,7,3,9,3600,0,3,5,,2,001,"CAJON COURT","CAJON BOULEVARD",217.00,N,N,A,-,N,,,,,,,,,,N,1,1,0,1,A,-,03,22350,,N,F,0,A,A,H,-,D,D,0,,,Y,,Y,,C,02,0,0,0,0,0,0,0,1,0,"- ","- ",34.221298217773438,-117.40354919433594,"SAN BERNARDINO",UNINCORPORATED,-117.40349578857422,34.221263885498047
92193419,2023,2023-10-06,9850,2023-09-06,2325,021205,,3,3,9,3600,0,1,3,,2,062,SR-2,"DESERT FRONT RD",3696.00,S,N,A,-,Y,SBD,,2," "," ",3.467,H,,R,Y,1,1,0,1,A,-,08,22107,,N,E,I,A,A,H,-,D,D,0,,,,,Y,,D,22,0,0,0,0,0,0,0,0,0,"- ","- ",34.367111206054688,-117.60334014892578,"SAN BERNARDINO",UNINCORPORATED,-117.60337829589844,34.367095947265625
92198667,2023,2023-10-13,9855,2023-03-21,"56  ",022584,,2,3,9,3600,0,2,4,,1,012,"VALLEY BOULEVARD (13500 BLOCK)","COMMERCE DRIVE",0.00,,Y,C,-,N,,,,,,,,,,Y,1,1,0,1,A,-,01,23152,A,N,E,I,A,B,H,-,C,A,0,,,,,Y,Y,A,07,0,0,0,0,0,0,0,0,0,"- ","- ",34.071098327636719,-117.51540374755859,"SAN BERNARDINO",UNINCORPORATED,-117.51554107666016,34.070877075195312
92198840,2023,2023-10-13,9850,2023-10-06,1858,023055,,5,2,9,3600,0,2,4,,2,053,"EL MIRAGE RD","EL MIRAGE LAKE RD",111.00,W,N,A,-,N,,,,,,,,,,Y,2,0,1,2,A,-,08,22107,,F,H,A,A,A,H,-,B,D,0,,,Y,,Y,Y,D,22,1,0,0,0,0,0,0,0,1,"- ","- ",34.601669311523438,-117.52111053466797,"SAN BERNARDINO",UNINCORPORATED,-117.52552032470703,34.601737976074219
92198918,2022,2023-10-13,9860,2022-11-01,0120,021342,,2,3,6,3610,0,1,1,,2,202,"STATE ROUTE 210 EASTBOUND","SIERRA WAY",167.00,W,N,A,-,Y,SBD,,210,,R,23.808,H,,R,Y,1,2,1,2,A,-,03,22350,,N,D,C,A,A,H,-,D,D,0,,,,,Y,Y,A,07,0,0,1,0,0,0,0,0,0,"- ","- ",34.145351409912109,-117.28575134277344,"SAN BERNARDINO","SAN BERNARDINO",-117.28575134277344,34.145305633544922
92199035,2023,2023-10-16,9860,2023-09-29,1440,022694,,5,2,9,3600,0,2,4,,2,066,"CAJON BLVD","SWARTHOUT CANYON RD",2500.00,S,N,A,-,N,,,,,,,,,,Y,2,0,2,2,A,-,05,21460,A,N,A,C,A,A,H,-,A,D,0,,,,,Y,,A,07,1,1,0,0,0,0,0,0,0,"- ","- ",34.267940521240234,-117.45558929443359,"SAN BERNARDINO",UNINCORPORATED,-117.45346832275391,34.269199371337891
92199918,2023,2023-10-16,9834,2023-08-31,"840 ",015182,,4,1,9,3600,0,1,2,,1,093,"UNITED STATES 95 (US-95)","HAVASU LAKE RD",11088.00,N,N,A,-,Y,SBD,,95," "," ",39.520,H,,R,Y,1,3,0,2,A,-,05,21460,C,N,A,C,A,A,H,-,A,D,0,,,,,Y,,A,01,0,0,0,0,0,0,0,0,0,"- ","- ",34.586631774902344,-114.63760375976562,"SAN BERNARDINO",UNINCORPORATED,-114.63752746582031,34.586578369140625
92202479,2023,2024-05-08,9860,2023-10-08,1630,022843,,7,2,9,3600,0,3,5,,2,002,"OGDEN ST","VERMONT ST",197.00,E,N,A,-,N,,,,,,,,,,Y,2,0,1,2,A,-,01,23152,A,N,A,C,A,A,H,-,A,D,0,,,,,Y,Y,A,01,1,0,0,0,0,0,0,0,0,"- ","- ",34.157901763916016,-117.35224914550781,"SAN BERNARDINO",UNINCORPORATED,-117.35230255126953,34.1578369140625
92202966,2023,2023-10-19,9860,2023-10-01,"514 ",022890,,7,3,4,3603,0,1,1,,2,214,"I-215 N/B",I-10,415.00,N,N,A,-,Y,SBD,,215," "," ",4.144,H,,R,Y,2,0,2,1,A,-,08,22107,,N,E,I,A,A,H,-,D,D,0,,,,,Y,,D,22,1,0,1,0,0,0,0,0,0,"- ","- ",34.065479278564453,-117.29601287841797,"SAN BERNARDINO",COLTON,-117.2960205078125,34.065483093261719
92204876,2023,2023-10-20,9865,2023-08-05,1125,017407,,6,1,9,3600,0,1,3,,2,045,"STATE ROUTE 38","JENKS LAKE ROAD EAST",5808.00,E,N,A,-,Y,SBD,,38," "," ",30.534,H,,R,Y,2,0,1,2,A,-,06,21760,B,F,B,G,A,A,H,-,A,D,0,,Y,,,Y,,-,99,1,0,0,0,0,0,1,0,0,"- ","- ",34.170860290527344,-116.83318328857422,"SAN BERNARDINO",UNINCORPORATED,-116.83316802978516,34.170906066894531
92204890,2023,2023-10-20,9860,2023-10-12,"913 ",017098,,4,1,9,3600,0,1,1,,2,151,"I-15 N/B","MATHEWS RANCH ROAD",1500.00,N,N,A,-,Y,SBD,,15," ",R,16.197,H,,R,Y,2,0,2,1,A,-,08,22107,,N,E,8,A,A,H,-,A,D,0,,,,,Y,,A,07,1,0,1,0,0,0,0,0,0,"- ","- ",34.248691558837891,-117.43988800048828,"SAN BERNARDINO",UNINCORPORATED,-117.43994140625,34.248622894287109
92205019,2023,2023-10-20,9834,2023-10-16,"625 ",015182,,1,1,9,3600,0,1,1,,2,040,"I-40 W/B","ESSEX RD",35904.00,W,N,A,-,Y,SBD,,40," ",R,93.007,H,,L,Y,2,0,1,1,A,-,08,22107,,N,F,A,A,A,H,-,A,D,0,,,,Y,Y,,G,25,1,0,0,0,0,0,0,0,0,"- ","- ",34.783340454101562,-115.43354034423828,"SAN BERNARDINO",UNINCORPORATED,-115.43352508544922,34.783309936523438
92206107,2023,2023-10-23,9850,2023-10-04,"507 ",022734,,3,3,9,3600,0,1,3,,2,060,SR-138,SR-2,390.00,S,N,A,-,Y,SBD,,138," "," ",6.741,H,,R,Y,2,0,3,4,A,-,09,21801,A,N,D,C,A,A,H,-,C,D,0,,,,,Y,,A,01,2,1,0,0,0,0,0,0,0,"- ","- ",34.389930725097656,-117.57537841796875,"SAN BERNARDINO",UNINCORPORATED,-117.57548522949219,34.389877319335938
92207001,2023,2023-10-24,9860,2023-10-11,2015,021980,,3,2,9,3600,0,2,4,,1,410,"VALLEY BLVD","LARCH AVE",0.00,,Y,A,-,N,,,,,,,,,,N,2,0,1,2,A,-,11,21954,A,N,G,B,D,A,H,-,C,A,0,Y,,,,Y,,N,60,1,0,0,0,1,0,0,0,0,"- ","- ",34.070461273193359,-117.39215850830078,"SAN BERNARDINO",UNINCORPORATED,-117.39208984375,34.070491790771484
92208287,2023,2023-10-25,9835,2023-07-16,2040,022846,,7,2,3,3601,0,1,1,,2,070,I-15,"OUTLET CENTER DR",4752.00,N,N,A,-,Y,SBD,,15," "," ",66.622,H,,R,Y,1,1,0,1,A,-,08,22107,,N,F,A,A,A,H,-,D,D,0,,,,,Y,,A,07,0,0,0,0,0,0,0,0,0,"- ","- ",34.822719573974609,-117.09358215332031,"SAN BERNARDINO",BARSTOW,-117.09366607666016,34.822734832763672
92208580,2023,2023-10-25,9855,2023-10-13,1705,021006,,5,2,9,3600,0,3,5,,2,001,"ARROW ROUTE (15700 BLOCK)","ALMERIA AVEUE",310.00,W,N,A,-,N,,,,,,,,,,Y,2,0,5,2,A,-,09,21804,A,N,D,C,A,A,H,-,A,D,0,,,,,Y,,A,07,2,1,2,0,0,0,0,0,0,"- ","- ",34.099281311035156,-117.46143341064453,"SAN BERNARDINO",UNINCORPORATED,-117.46128845214844,34.099285125732422
92208707,2023,2023-10-25,9855,2023-09-26,"740 ",018335,,2,1,6,3607,0,1,3,,2,601,"SR-60 W/B (POMONA FWY)","EUCLID AVE.",1965.00,E,N,A,-,Y,SBD,,60," ",R,4.972,H,,L,Y,2,0,1,3,A,-,03,22350,,N,B,C,A,A,H,-,A,D,0,,,Y,,Y,,C,02,1,0,0,0,0,0,0,0,1,"- ","- ",34.030509948730469,-117.64409637451172,"SAN BERNARDINO",ONTARIO,-117.64409637451172,34.030540466308594
9221296,2020,2021-02-26,3600,2020-12-13,2102,H6866,YV011,7,5,3,3631,0,0,0,,0,YV1,"RT 62","DUMOSA AV",0.00,,Y,A,-,Y,SBD,8,62,-,-,12.186,I,5,W,N,2,0,1,2,A,-,17,21451,A,N,G,B,B,A,H,-,C,A,0,Y,,,,Y,,A,08,1,0,0,0,1,0,0,0,0,"- ","- ",34.122341156005859,-116.41783905029297,"SAN BERNARDINO","YUCCA VALLEY",-116.41764831542969,34.122356414794922
9221640,2020,2021-03-04,3609,2020-12-19,0310,0208,R113,6,5,5,3609,0,0,0,,0,004,"PEPPER AV","FOOTHILL BL",0.00,,Y,A,-,N,,,,,,,,,,Y,2,0,2,2,A,-,12,21453,A,F,D,C,A,A,H,-,C,A,0,,,,,Y,,A,01,1,0,1,0,0,0,0,0,0,"- ","- ",,,"SAN BERNARDINO",RIALTO,-117.35291290283203,34.106769561767578
92223264,2023,2023-10-31,9830,2023-10-22,1435,022390,,7,2,9,3600,0,1,2,,1,063,US-395,"HOFFMAN RD",10560.00,S,N,A,-,Y,SBD,,395," "," ",66.801,H,,R,Y,2,0,4,2,A,-,08,22107,,N,B,C,A,A,H,-,A,D,0,,,,,Y,,A,07,2,2,0,0,0,0,0,0,0,"- ","- ",35.28662109375,-117.61625671386719,"SAN BERNARDINO",UNINCORPORATED,-117.61627197265625,35.28662109375
92223613,2022,2023-10-31,9860,2022-07-24,2350,022553,,7,3,6,3604,0,1,1,,2,102,"INTERSTATE 10 WESTBOUND","SIERRA AVENUE",5.00,W,N,A,-,Y,SBD,,10,,,16.231,H,,L,Y,1,1,1,3,A,-,01,23152,A,N,G,B,E,A,H,-,D,D,0,Y,,,,Y,Y,A,07,0,1,0,1,0,0,0,0,0,"- ","- ",34.067409515380859,-117.43550872802734,"SAN BERNARDINO",FONTANA,-117.43550872802734,34.067447662353516
92224028,2023,2023-10-31,9860,2023-10-22,"50  ",022875,,7,3,9,3600,0,1,1,,2,152,"I-15 N/B",SR-138,7920.00,N,N,A,-,Y,SBD,,15," ",R,22.996,H,,R,N,2,0,2,1,A,-,01,23152,A,N,E,I,A,A,H,-,D,D,0,,,,,Y,Y,A,01,1,1,0,0,0,0,0,0,0,"- ","- ",34.33380126953125,-117.48209381103516,"SAN BERNARDINO",UNINCORPORATED,-117.48195648193359,34.333782196044922
92224240,2023,2023-10-31,9835,2023-10-28,1532,023120,,6,2,9,3600,0,1,1,,2,074,"I-15 S/B","BASIN RD",5280.00,S,N,A,-,Y,SBD,,15," ",R,119.440,H,,L,Y,2,0,2,1,A,-,01,23152,A,N,E,I,A,A,H,-,A,D,0,,,,,Y,Y,A,01,1,1,0,0,0,0,0,0,0,"- ","- ",35.099628448486328,-116.28195953369141,"SAN BERNARDINO",UNINCORPORATED,-116.28194427490234,35.099475860595703
92224429,2023,2023-10-31,9860,2023-10-21,"530 ",020002,,6,3,6,3610,0,1,1,,2,214,"I-215 N/B","AUTO CENTER RD",685.00,S,N,A,-,Y,SBD,,215," "," ",4.895,H,,R,Y,2,0,2,2,A,-,01,23152,A,N,B,C,A,A,H,-,C,D,0,,,,,Y,Y,A,01,1,0,1,0,0,0,0,0,0,"- ","- ",34.076381683349609,-117.29551696777344,"SAN BERNARDINO","SAN BERNARDINO",-117.29561614990234,34.076366424560547
92225545,2023,2023-11-01,9855,2023-11-01,"142 ",022865,,3,3,6,3607,0,1,1,,2,103,"I-10 E/B (SAN BERNARDINO FWY)","EUCLID AVE.",1056.00,W,N,A,-,Y,SBD,,10," "," ",3.210,H,,R,Y,2,0,5,4,A,-,01,23153,A,N,C,C,A,A,D,-,C,D,0,,,,,Y,Y,A,01,1,3,1,0,0,0,0,0,0,"- ","- ",34.087310791015625,-117.65564727783203,"SAN BERNARDINO",ONTARIO,-117.65564727783203,34.087245941162109
92225664,2023,2023-11-01,9855,2023-10-25,2242,022607,,3,3,9,3600,0,3,5,,2,003,"EUCLID AVE. (2500 BLOCK)","MOUNTAIN DR.",293.00,E,N,B,C,N,,,,,,,,,,Y,2,0,1,1,A,-,01,23152,A,N,E,I,A,B,H,-,C,D,0,,,,,Y,Y,A,01,1,0,0,0,0,0,0,0,0,"- ","- ",34.157779693603516,-117.65856170654297,"SAN BERNARDINO",UNINCORPORATED,-117.65791320800781,34.157546997070312
92226444,2023,2023-11-02,9865,2023-10-20,1820,021392,,5,2,9,3600,0,3,5,,2,001,"STRAIGHT WAY RD","PIONEER CAMP RD",0.00,,Y,A,-,N,,,,,,,,,,N,2,0,1,2,A,-,09,21804,A,N,F,A,A,A,H,-,D,A,0,,,Y,,Y,,A,01,1,0,0,0,0,0,0,0,1,"- ","- ",34.241619110107422,-117.28356170654297,"SAN BERNARDINO",UNINCORPORATED,-117.28360748291016,34.241596221923828
9222773,2021,2021-04-08,3610,2021-01-15,1230,51135,,5,5,6,3610,0,0,0,,0,DAVID,"SOUTH WATERMAN AV","E PARKCENTER DR",0.00,,Y,A,-,N,,,,,,,,,,,2,0,3,2,D,-,00,,,N,D,C,A,A,H,-,A,A,0,,,Y,,Y,,-,"- ",1,0,2,0,0,0,0,0,2,"- ","- ",34.075721740722656,-117.27797698974609,"SAN BERNARDINO","SAN BERNARDINO",-117.27867889404297,34.074298858642578
92228613,2023,2023-11-06,9830,2023-10-27,"945 ",022390,,5,1,9,3600,0,1,2,,1,063,US-395,"HOFFMAN RD.",8448.00,S,N,A,-,Y,SBD,,395," "," ",67.157,H,,R,Y,2,0,1,1,A,-,08,22107,,N,E,I,A,A,H,-,A,D,0,,,,,Y,,A,01,1,0,0,0,0,0,0,0,0,"- ","- ",35.291629791259766,-117.61534118652344,"SAN BERNARDINO",UNINCORPORATED,-117.61531066894531,35.2916259765625
92232066,2023,2023-11-09,9860,2023-11-01,2310,022890,,3,3,3,3615,0,1,1,,2,104,"I-10 W/B","TIPPECANOE AVE",2270.00,E,N,A,-,Y,SBD,,10," "," ",26.739,H,,L,Y,2,0,1,1,A,-,01,23152,A,N,E,8,A,A,H,-,C,D,0,,,,,Y,Y,A,01,1,0,0,0,0,0,0,0,0,"- ","- ",34.066318511962891,-117.25361633300781,"SAN BERNARDINO","LOMA LINDA",-117.25361633300781,34.066310882568359
92232134,2023,2023-11-09,9870,2023-11-02,"611 ",016935,,4,1,9,3600,0,1,3,,1,031,"STATE ROUTE 62 (TWENTYNINE PALMS HIGHWAY)","SUNFAIR ROAD",175.00,E,N,A,-,Y,SBD,,62," "," ",22.202,H,,R,Y,2,0,2,4,A,-,03,22350,,N,B,C,A,A,H,-,C,D,0,,,Y,,Y,,-,"- ",1,1,0,0,0,0,0,0,1,"- ","- ",34.135231018066406,-116.24655151367188,"SAN BERNARDINO",UNINCORPORATED,-116.24655151367188,34.135143280029297
92232153,2023,2024-02-07,9860,2023-01-11,1344,021638,,3,1,9,3600,0,1,1,,2,103,"I-10 W/B TO 9TH STREET","9TH STREET",495.00,E,N,A,-,Y,SBD,,10," ",R,22.816,H,,L,Y,2,0,2,5,A,-,08,22107,,F,E,I,A,A,H,-,A,D,0,,,,Y,Y,,A,01,1,1,0,0,0,0,0,0,0,"- ","- ",34.065898895263672,-117.32113647460938,"SAN BERNARDINO",UNINCORPORATED,-117.32118225097656,34.065639495849609
92236059,2023,2023-11-14,9834,2023-06-11,1427,020342,,7,2,9,3600,0,1,3,,1,062,"STATE ROUTE 62 (SR-62)","62 SBD 102.50",265.00,W,N,A,-,Y,SBD,,62," "," ",102.527,H,,R,Y,1,1,3,1,A,-,08,22107,,N,F,A,A,A,H,-,A,D,0,,,,,Y,,A,07,0,3,0,0,0,0,0,0,0,"- ","- ",34.105819702148438,-114.92787933349609,"SAN BERNARDINO",UNINCORPORATED,-114.92789459228516,34.105789184570312
9223851,2021,2021-03-22,3604,2021-01-29,2113,1302,FONTA,5,5,6,3604,0,0,0,,0,003,"LAUREL AV","ORANGE WY",121.00,S,N,B,-,N,,,,,,,,,,Y,2,0,1,1,A,-,03,22350,,N,E,I,A,A,H,-,D,D,0,,,,,Y,,A,01,1,0,0,0,0,0,0,0,0,"- ","- ",,,"SAN BERNARDINO",FONTANA,-117.41397094726562,34.095939636230469
92238876,2023,2023-11-17,9855,2023-01-14,"634 ",015299,,6,1,6,3604,0,1,1,,2,201,"STATE ROUTE 210 WESTBOUND (FOOTHILL FREEWAY)","CITRUS AVENUE",2051.00,E,N,A,-,Y,SBD,,210," "," ",14.408,H,,L,Y,1,4,2,2,A,-,01,23152,A,N,A,C,A,A,H,-,B,D,0,,,Y,,Y,Y,C,02,2,0,0,0,0,0,0,1,0,"- ","- ",34.136478424072266,-117.44516754150391,"SAN BERNARDINO",FONTANA,-117.44516754150391,34.136493682861328
92241122,2022,2023-11-20,9860,2022-11-26,1546,020533,,6,2,9,3600,0,3,5,,2,004,"HAWTHORNE AVENUE","PALM LANE",131.00,E,N,A,-,N,,,,,,,,,,Y,1,2,2,5,A,-,01,23152,A,F,A,E,F,A,H,-,A,D,0,Y,,,,Y,Y,D,22,1,1,0,2,1,0,0,0,0,"- ","- ",34.08135986328125,-117.41429138183594,"SAN BERNARDINO",UNINCORPORATED,-117.41436004638672,34.081264495849609
92242003,2023,2023-11-21,9855,2023-11-13,1505,017351,,1,2,6,3604,0,1,1,,2,101,"I-10 E/B (SAN BERNARDINO FWY)","CHERRY AVENUE",1584.00,E,N,A,-,Y,SBD,,10," "," ",13.481,H,,R,N,2,0,1,2,A,-,03,22350,,N,C,C,A,A,H,-,A,A,0,,,,,Y,,A,01,1,0,0,0,0,0,0,0,0,"- ","- ",34.065910339355469,-117.4833984375,"SAN BERNARDINO",FONTANA,-117.4833984375,34.065921783447266
92242092,2023,2023-11-21,9835,2023-11-11,"235 ",022379,,6,3,3,3601,0,1,1,,2,071,"I-15 N/B","LENWOOD RD",7392.00,S,N,A,-,Y,SBD,,15," "," ",67.345,H,,R,Y,2,0,2,3,A,-,03,22350,,N,C,C,A,A,H,-,D,D,0,,,,Y,Y,,A,01,2,0,0,0,0,0,0,0,0,"- ","- ",34.832859039306641,-117.0906982421875,"SAN BERNARDINO",BARSTOW,-117.09078216552734,34.832878112792969
92244603,2023,2023-11-27,9860,2023-11-08,1605,022630,,3,2,6,3610,0,1,1,,2,216,"I-215 S/B","PALM AVE.",2640.00,N,N,A,-,Y,SBD,,215," "," ",14.592,H,,L,Y,2,0,1,2,A,-,08,22107,,N,B,2,A,A,H,-,A,D,0,,,,,Y,,A,01,1,0,0,0,0,0,0,0,0,"- ","- ",34.195640563964844,-117.36775207519531,"SAN BERNARDINO","SAN BERNARDINO",-117.36773681640625,34.195648193359375
92244608,2023,2023-11-27,9860,2023-11-14,1705,021980,,2,2,9,3600,0,3,5,,2,002,"DEL ROSA AVE","FOOTHILL DR",0.00,,Y,A,-,N,,,,,,,,,,N,2,0,1,2,A,-,09,21801,A,F,F,A,A,A,H,-,C,A,0,,,Y,,Y,,A,01,1,0,0,0,0,0,0,0,1,"- ","- ",34.157588958740234,-117.25241851806641,"SAN BERNARDINO",UNINCORPORATED,-117.25241851806641,34.157611846923828
92245597,2022,2023-11-27,9860,2022-06-26,1950,022439,,7,2,5,3608,0,1,1,,2,105,"INTERSTATE 10 WESTBOUND","FORD STREET",141.00,W,N,A,-,Y,SBD,,10,,,33.107,H,,L,Y,1,1,5,1,A,-,08,22107,,N,E,I,A,A,H,-,B,D,0,,,,,Y,,A,08,1,4,0,0,0,0,0,0,0,"- ","- ",34.042179107666016,-117.155517578125,"SAN BERNARDINO",REDLANDS,-117.15554809570312,34.042167663574219
92248917,2023,2023-11-30,9865,2023-11-12,2020,021392,,7,2,9,3600,0,1,3,,2,020,"SR-18 N/B","SUNSET DR",25.00,S,N,A,-,Y,SBD,,18," "," ",31.120,H,,R,N,2,0,1,2,A,-,11,21954,A,N,G,B,E,A,H,-,D,D,0,Y,,,,Y,,N,60,1,0,0,0,1,0,0,0,0,"- ","- ",34.208530426025391,-117.11502838134766,"SAN BERNARDINO",UNINCORPORATED,-117.11501312255859,34.20855712890625
92250014,2023,2023-12-01,9855,2023-11-24,"111 ",022607,,5,3,6,3616,0,1,1,,2,203,"SR-210 E/B (FOOTHILL FWY)","CARNELIAN ST.",105.00,E,N,A,-,Y,SBD,,210," "," ",4.627,H,,R,Y,2,0,3,2,A,-,07,21658,A,F,B,C,A,A,H,-,D,D,0,,,,,Y,,A,01,1,2,0,0,0,0,0,0,0,"- ","- ",34.134788513183594,-117.61575317382812,"SAN BERNARDINO","RANCHO CUCAMONGA",-117.61575317382812,34.134822845458984
92250780,2023,2023-12-04,9860,2023-11-28,1935,022439,,2,2,4,3603,0,1,1,,2,102,"I-10 W/B","RIVERSIDE AVE",2300.00,E,N,A,-,Y,SBD,,10," "," ",20.444,H,,L,Y,2,0,1,1,A,-,08,22107,,N,E,8,A,A,H,-,D,D,0,,,,,Y,,A,07,1,0,0,0,0,0,0,0,0,"- ","- ",34.069019317626953,-117.36209106445312,"SAN BERNARDINO",COLTON,-117.36209106445312,34.068977355957031
92252320,2023,2023-12-04,9860,2023-04-30,2140,022736,,7,2,9,3600,0,1,1,,2,102,"INTERSTATE 10 WESTBOUND","CEDAR AVENUE",430.00,W,N,A,-,Y,SBD,,10," ",R,18.401,H,,L,Y,1,1,0,2,A,-,11,21954,A,N,G,B,D,A,D,-,D,D,0,Y,,,Y,Y,,N,60,0,0,0,1,0,0,0,0,0,"- ","- ",34.068550109863281,-117.39769744873047,"SAN BERNARDINO",UNINCORPORATED,-117.39769744873047,34.068557739257812
92252372,2023,2023-12-04,9860,2023-12-02,1136,023503,,6,1,9,3600,0,3,5,,2,002,"STERLING AVE.","MARSHALL BLVD",11.00,N,N,A,-,N,,,,,,,,,,N,2,0,1,2,A,-,01,23152,A,N,G,B,B,A,H,-,A,A,0,Y,,,,Y,Y,A,01,1,0,0,0,1,0,0,0,0,"- ","- ",34.149570465087891,-117.24368286132812,"SAN BERNARDINO",UNINCORPORATED,-117.24371337890625,34.149471282958984
92253331,2023,2023-12-05,9834,2023-11-04,1253,017400,,6,1,9,3600,0,1,1,,2,040,"INTERSTATE 40 EASTBOUND","ESSEX ROAD",29040.00,W,N,A,-,Y,SBD,,40," ",R,94.243,H,,R,Y,1,1,0,1,A,-,08,22107,,N,F,A,A,A,H,-,A,D,0,,,,,Y,,D,22,0,0,0,0,0,0,0,0,0,"- ","- ",34.791191101074219,-115.41422271728516,"SAN BERNARDINO",UNINCORPORATED,-115.41419219970703,34.791156768798828
92254394,2023,2024-01-23,9870,2023-11-26,1840,019709,,7,2,9,3600,0,2,4,,2,042,"AMBOY ROAD","CACTUS JACK AVENUE",50.00,E,N,A,-,N,,,,,,,,,,Y,2,0,4,4,A,-,17,24250,,N,C,C,A,A,H,-,D,D,0,,,,,Y,,E,22,1,2,1,0,0,0,0,0,0,"- ","- ",34.165481567382812,-115.97456359863281,"SAN BERNARDINO",UNINCORPORATED,-115.97473907470703,34.165451049804688
9225594,2021,2021-03-29,3608,2021-01-10,1826,3675,,7,5,5,3608,0,0,0,,0,,"COLTON AV","LINCOLN ST",0.00,,N,A,-,N,,,,,,,,,,N,2,0,1,2,A,-,00,21984,A,N,G,B,D,A,H,-,C,D,0,Y,,,,Y,Y,N,60,1,0,0,0,1,0,0,0,0,"- ","- ",,,"SAN BERNARDINO",REDLANDS,-117.15199279785156,34.062812805175781
92256271,2023,2023-12-07,9860,2023-11-04,1250,019495,,6,1,5,3609,0,1,1,,2,201,"SR-210 W/B","PEPPER AVE",422.00,W,N,A,-,Y,,,,,,,,,,N,2,0,1,1,A,-,08,22107,,N,E,I,A,A,H,-,A,D,0,,,,,Y,,A,08,1,0,0,0,0,0,0,0,0,"- ","- ",34.136638641357422,-117.36244964599609,"SAN BERNARDINO",RIALTO,-117.36244964599609,34.136371612548828
92256324,2023,2023-12-07,9855,2023-11-27,1945,023023,,1,2,6,3604,0,1,1,,2,153,"I-15 S/B TO DUNCAN CANYON ROAD","DUNCAN CANYON ROAD",175.00,N,N,A,-,Y,,,,,,,,,,Y,2,0,2,1,A,-,01,23153,A,N,E,I,A,A,H,-,C,D,0,,,,,Y,Y,A,07,1,1,0,0,0,0,0,0,0,"- ","- ",34.165630340576172,-117.46327209472656,"SAN BERNARDINO",FONTANA,-117.46327209472656,34.165630340576172
92257610,2023,2024-01-04,9860,2023-11-28,"310 ",022875,,2,3,9,3600,0,1,1,,2,151,"I-15 N/B","MATHEWS RANCH ROAD",5280.00,N,N,A,-,Y,SBD,,15," ",R,17.273,H,,R,Y,2,0,4,5,A,-,01,23152,A,N,C,C,A,A,H,-,D,D,0,,,,,Y,Y,A,01,1,1,2,0,0,0,0,0,0,"- ","- ",34.260688781738281,-117.44983673095703,"SAN BERNARDINO",UNINCORPORATED,-117.44964599609375,34.260688781738281