CASE_ID,ACCIDENT_YEAR,PROC_DATE,JURIS,COLLISION_DATE,COLLISION_TIME,OFFICER_ID,REPORTING_DISTRICT,DAY_OF_WEEK,CHP_SHIFT,POPULATION,CNTY_CITY_LOC,SPECIAL_COND,BEAT_TYPE,CHP_BEAT_TYPE,CITY_DIVISION_LAPD,CHP_BEAT_CLASS,BEAT_NUMBER,PRIMARY_RD,SECONDARY_RD,DISTANCE,DIRECTION,INTERSECTION,WEATHER_1,WEATHER_2,STATE_HWY_IND,CALTRANS_COUNTY,CALTRANS_DISTRICT,STATE_ROUTE,ROUTE_SUFFIX,POSTMILE_PREFIX,POSTMILE,LOCATION_TYPE,RAMP_INTERSECTION,SIDE_OF_HWY,TOW_AWAY,COLLISION_SEVERITY,NUMBER_KILLED,NUMBER_INJURED,PARTY_COUNT,PRIMARY_COLL_FACTOR,PCF_CODE_OF_VIOL,PCF_VIOL_CATEGORY,PCF_VIOLATION,PCF_VIOL_SUBSECTION,HIT_AND_RUN,TYPE_OF_COLLISION,MVIW,PED_ACTION,ROAD_SURFACE,ROAD_COND_1,ROAD_COND_2,LIGHTING,CONTROL_DEVICE,CHP_ROAD_TYPE,PEDESTRIAN_ACCIDENT,BICYCLE_ACCIDENT,MOTORCYCLE_ACCIDENT,TRUCK_ACCIDENT,NOT_PRIVATE_PROPERTY,ALCOHOL_INVOLVED,STWD_VEHTYPE_AT_FAULT,CHP_VEHTYPE_AT_FAULT,COUNT_SEVERE_INJ,COUNT_VISIBLE_INJ,COUNT_COMPLAINT_PAIN,COUNT_PED_KILLED,COUNT_PED_INJURED,COUNT_BICYCLIST_KILLED,COUNT_BICYCLIST_INJURED,COUNT_MC_KILLED,COUNT_MC_INJURED,PRIMARY_RAMP,SECONDARY_RAMP,LATITUDE,LONGITUDE,COUNTY,CITY,POINT_X,POINT_Y
94449203,2024,2024-10-29,9855,2024-10-23,1450,018313,,3,2,6,3604,0,1,1,,2,201,"SR-210 W/B (FOOTHILL FWY)","CITRUS AVE",600.00,E,N,A,-,Y,SBD,,210," "," ",14.056,H,,L,Y,2,0,1,2,A,-,03,22350,,N,C,C,A,A,H,-,A,D,0,,,Y,,Y,,C,02,1,0,0,0,0,0,0,0,1,"- ","- ",34.136520385742188,-117.45130920410156,"SAN BERNARDINO",FONTANA,-117.45130920410156,34.136493682861328
94450597,2024,2024-10-30,9860,2024-09-28,1910,022944,,6,2,9,3600,0,3,5,,2,004,"JURUPA AVENUE","SPRUCE AVENUE",335.00,W,N,A,-,N,,,,,,,,,,N,2,0,2,3,A,-,11,21954,A,N,G,B,D,A,H,-,D,D,0,Y,,,,Y,Y,N,60,2,0,0,0,2,0,0,0,0,"- ","- ",34.048439025878906,-117.38884735107422,"SAN BERNARDINO",UNINCORPORATED,-117.3887939453125,34.048366546630859
94450953,2024,2024-10-30,9855,2024-07-24,2050,021403,,3,2,9,3600,0,2,4,,2,031,"NORTH MOUNTAIN AVENUE","MOUNT BALDY ROAD",3114.00,S,N,A,-,N,,,,,,,,,,Y,1,1,1,1,A,-,08,22107,,N,E,I,A,A,H,-,D,D,0,,,,,Y,,D,22,1,0,0,0,0,0,0,0,0,"- ","- ",34.174510955810547,-117.67375946044922,"SAN BERNARDINO",UNINCORPORATED,-117.66860961914062,34.152217864990234
94452035,2024,2024-10-31,9860,2024-10-05,2213,023234,,6,3,9,3600,0,2,4,,2,066,"CAJON BLVD","KEENBROCK RD",3696.00,N,N,A,-,N,,,,,,,,,,Y,2,0,1,2,A,-,05,21460,,N,A,C,A,A,H,-,D,D,0,,,,,Y,,A,01,1,0,0,0,0,0,0,0,0,"- ","- ",34.261959075927734,-117.46766662597656,"SAN BERNARDINO",UNINCORPORATED,-117.46507263183594,34.256889343261719
94452877,2024,2024-10-31,9855,2024-10-29,1815,020963,,2,2,6,3604,0,1,1,,2,201,"STATE ROUTE 210 EASTBOUND","CHERRY AVENUE",1795.00,E,N,A,-,Y,SBD,,210," "," ",12.282,H,,R,Y,2,0,2,3,A,-,03,22350,,N,C,C,A,A,H,-,A,D,0,,,,,Y,,A,07,1,0,1,0,0,0,0,0,0,"- ","- ",34.136268615722656,-117.48223114013672,"SAN BERNARDINO",FONTANA,-117.48223114013672,34.136280059814453
94453101,2024,2024-10-31,9855,2024-10-11,1215,017213,,5,1,5,3611,0,1,1,,2,203,"SR-210 W/B (FOOTHILL FWY)","MOUNTAIN AVENUE",500.00,W,N,A,-,Y,SBD,,210," "," ",1.346,H,,L,N,2,0,1,3,A,-,08,22107,,N,B,C,A,A,H,-,A,D,0,,,Y,,Y,,C,02,1,0,0,0,0,0,0,0,1,"- ","- ",34.134811401367188,-117.67299652099609,"SAN BERNARDINO",UPLAND,-117.67299652099609,34.134754180908203
94456277,2024,2024-11-04,9860,2024-10-27,1752,022617,,7,2,9,3600,0,3,5,,2,004,"7TH ST","PEPPER ST",35.00,E,N,A,-,N,,,,,,,,,,Y,2,0,1,1,A,-,01,23152,A,N,E,I,A,A,H,-,A,D,0,,,,,Y,Y,A,01,1,0,0,0,0,0,0,0,0,"- ","- ",34.040309906005859,-117.39401245117188,"SAN BERNARDINO",UNINCORPORATED,-117.39406585693359,34.040290832519531
94456670,2024,2024-11-04,9850,2024-09-13,"215 ",023055,,5,3,5,3619,0,1,1,,2,082,"I-15 S/B","BEAR VALLEY ROAD",2400.00,S,N,A,-,Y,SBD,,15," "," ",36.739,H,,R,Y,2,0,2,2,A,-,08,22107,,N,B,C,A,A,D,-,D,D,0,,,,,Y,,A,01,2,0,0,0,0,0,0,0,0,"- ","- ",34.459999084472656,-117.35410308837891,"SAN BERNARDINO",HESPERIA,-117.35417938232422,34.460041046142578
94463600,2024,2024-11-08,9855,2024-09-04,1323,018964,,3,1,6,3604,0,2,S,,2,901,"BEECH AVENUE","CHERRY AVENUE",0.00,,Y,A,-,N,,,,,,,,,,Y,1,1,1,2,A,-,01,23152,F,F,D,C,A,A,H,-,A,A,0,,,,,Y,,A,07,0,1,0,0,0,0,0,0,0,"- ","- ",34.150550842285156,-117.48651885986328,"SAN BERNARDINO",FONTANA,-117.29528045654297,34.055252075195312
94464077,2024,2024-11-08,9850,2024-09-13,"216 ",023055,,5,3,5,3619,0,1,1,,2,082,"I-15 S/B","BEAR VALLEY ROAD",4752.00,S,N,A,-,Y,SBD,,15," "," ",36.742,H,,L,Y,2,0,1,2,C,-,18,,,N,C,C,A,A,D,-,D,D,0,,,,,Y,,-,"- ",1,0,0,0,0,0,0,0,0,"- ","- ",34.460079193115234,-117.35442352294922,"SAN BERNARDINO",HESPERIA,-117.35444641113281,34.460094451904297
94464975,2024,2024-11-11,9855,2024-10-28,1545,019183,,1,2,6,3604,0,1,1,,2,101,"I-10 E/B (SAN BERNARDINO FWY)","CHERRY AVE",3000.00,E,N,A,-,Y,SBD,,10," "," ",13.677,H,,R,Y,2,0,1,2,A,-,03,22350,,N,C,C,A,A,H,-,A,D,0,,,Y,,Y,,C,02,1,0,0,0,0,0,0,0,1,"- ","- ",34.065990447998047,-117.47998809814453,"SAN BERNARDINO",FONTANA,-117.47998809814453,34.065986633300781
94466743,2024,2024-11-12,9850,2024-11-04,1545,021675,,1,2,9,3600,0,2,4,,2,053,"EL MIRAGE RD","TWIN ROCK RD",30.00,W,N,A,-,N,,,,,,,,,,N,2,0,3,3,A,-,09,21801,A,N,A,C,A,A,H,-,A,D,0,,,,,Y,,A,01,1,1,1,0,0,0,0,0,0,"- ","- ",34.601520538330078,-117.51422119140625,"SAN BERNARDINO",UNINCORPORATED,,
94467672,2024,2024-11-13,9865,2024-10-31,1646,021327,,4,2,9,3600,0,1,3,,2,015,SR-189,"BLUE JAY CUTOFF",406.00,E,N,A,-,Y,SBD,,189," "," ",3.502,H,,R,Y,2,0,1,1,A,-,08,22107,,N,E,I,A,A,H,-,A,D,0,,,,,Y,,A,07,1,0,0,0,0,0,0,0,0,"- ","- ",34.241550445556641,-117.21501159667969,"SAN BERNARDINO",UNINCORPORATED,-117.215087890625,34.241573333740234
9446852,2022,2022-10-31,3600,2022-05-01,0031,H8981,LL010,7,5,3,3615,0,0,0,,0,002,"BARTON RD","BARTON RD 24954",0.00,,N,A,-,N,,,,,,,,,,N,2,0,1,2,A,-,11,21955,,N,G,B,D,A,H,-,C,D,0,Y,,,,Y,Y,N,60,1,0,0,0,1,0,0,0,0,"- ","- ",34.048618316650391,-117.25968933105469,"SAN BERNARDINO","LOMA LINDA",-117.2998046875,34.044281005859375
9446918,2022,2022-05-26,3600,2022-04-22,2144,I3985,HE101,5,5,5,3619,0,0,0,,0,HE1,"MARIPOSA RD","MESA ST",2314.00,N,N,A,-,N,,,,,,,,,,Y,2,0,3,2,A,-,01,23152,A,N,A,C,A,A,H,-,D,A,0,,,,,Y,Y,A,01,2,0,1,0,0,0,0,0,0,"- ","- ",,,"SAN BERNARDINO",HESPERIA,-117.35850524902344,34.453964233398438
9446924,2022,2022-05-20,3608,2022-04-17,0122,5047,,7,5,5,3608,0,0,0,,0,,"SOUTH AV","FRANKLIN AV",111.00,W,N,A,-,N,,,,,,,,,,Y,2,0,1,1,A,-,12,22450,,N,E,I,A,A,H,-,C,A,0,,,,,Y,,A,01,1,0,0,0,0,0,0,0,0,"- ","- ",,,"SAN BERNARDINO",REDLANDS,-117.15908813476562,34.033859252929688
94469747,2024,2024-11-14,9835,2024-10-13,1210,022968,,7,1,9,3600,0,1,1,,2,074,"I-15 N/B","AFTON RD",5280.00,N,N,A,-,Y,SBD,,15," ",R,112.604,H,,R,Y,1,1,0,1,A,-,08,22107,,N,F,A,A,A,H,-,A,D,0,,,Y,,Y,,C,02,0,0,0,0,0,0,0,1,0,"- ","- ",35.079120635986328,-116.39781951904297,"SAN BERNARDINO",UNINCORPORATED,-116.39779663085938,35.0789794921875
94471390,2024,2024-11-15,9850,2024-10-26,"955 ",021878,,6,1,5,3619,0,1,1,,2,082,"I-15 N/B","MAIN STREET",1735.00,S,N,A,-,Y,SBD,,15," "," ",33.672,H,,R,Y,1,1,0,1,A,-,08,22107,,N,E,I,A,A,D,-,A,D,0,,,,,Y,,D,22,0,0,0,0,0,0,0,0,0,"- ","- ",34.422641754150391,-117.38320922851562,"SAN BERNARDINO",HESPERIA,-117.38336181640625,34.422721862792969
9447188,2022,2022-06-02,3604,2022-04-30,1600,1382,,6,5,6,3604,0,0,0,,0,,"SIERRA LAKES PKWY","CYPRESS AV",0.00,,Y,A,-,N,,,,,,,,,,Y,2,0,1,1,A,-,03,22350,,N,F,A,A,A,H,-,A,A,0,,,Y,,Y,,C,02,1,0,0,0,0,0,0,0,1,"- ","- ",,,"SAN BERNARDINO",FONTANA,-117.44501495361328,34.138431549072266
94473153,2024,2024-11-18,9865,2024-11-07,1705,021840,,4,2,9,3600,0,1,3,,2,031,SR-38,"SHORE DR",0.00,,Y,A,-,Y,SBD,,38," "," ",48.713,H,,R,N,2,0,1,2,A,-,09,21801,B,N,D,C,A,A,H,-,B,D,0,,,Y,,Y,,A,01,1,0,0,0,0,0,0,0,1,"- ","- ",34.261219024658203,-116.83133697509766,"SAN BERNARDINO",UNINCORPORATED,-116.83133697509766,34.261226654052734
94475308,2024,2024-11-19,9835,2024-10-26,2300,023315,,6,3,9,3600,0,3,5,,2,034,"PIONEER RD","MOUNTAIN VIEW RD",1426.00,W,N,A,-,Y,SBD,,40," ",R,18.968,H,,L,N,1,1,0,1,A,-,08,22107,,N,E,8,A,A,H,-,D,D,0,,Y,,,Y,Y,M,91,0,0,0,0,0,1,0,0,0,"- ","- ",34.829441070556641,-116.68538665771484,"SAN BERNARDINO",UNINCORPORATED,-116.68541717529297,34.829269409179688
9447560,2022,2022-09-28,3600,2022-09-13,0751,H9013,HE115,2,5,5,3619,0,0,0,,0,HE1,"3RD AV","LAS PALMAS ST",0.00,,Y,A,-,N,,,,,,,,,,Y,2,0,1,2,A,-,09,21802,A,N,D,C,A,A,H,-,A,A,0,,,Y,,Y,,A,01,1,0,0,0,0,0,0,0,1,"- ","- ",,,"SAN BERNARDINO",HESPERIA,-117.30348205566406,34.454376220703125
9447689,2022,2022-11-04,3610,2022-09-13,0343,51408,,2,5,6,3610,0,0,0,,0,POLICE,"W MILL ST","S ARROWHEAD AV",180.00,W,N,A,-,N,,,,,,,,,,Y,2,0,1,1,A,-,03,22350,,N,E,I,A,B,F,-,C,D,0,,,Y,,Y,,C,06,1,0,0,0,0,0,0,0,1,"- ","- ",,,"SAN BERNARDINO","SAN BERNARDINO",-117.29025268554688,34.092151641845703
94479494,2024,2024-11-22,9860,2024-11-14,"422 ",022347,,4,3,9,3600,0,1,1,,2,151,"I-15 N/B","KENWOOD AVENUE",1637.00,S,N,A,-,Y,SBD,,15," ",R,14.641,H,,R,Y,2,0,1,2,A,-,03,22350,,N,C,C,A,A,H,-,D,D,0,,,,Y,Y,,A,01,1,0,0,0,0,0,0,0,0,"- ","- ",34.233791351318359,-117.42080688476562,"SAN BERNARDINO",UNINCORPORATED,-117.42089080810547,34.233711242675781
9447950,2022,2022-09-14,3600,2022-08-31,1540,F8172,HE220,3,5,5,3619,0,0,0,,0,HE2,"MAIN ST","SULTANA ST",0.00,,Y,A,-,N,,,,,,,,,,Y,2,0,2,2,A,-,01,23152,A,N,D,C,A,A,H,-,A,A,0,,,,,Y,Y,A,01,1,1,0,0,0,0,0,0,0,"- ","- ",,,"SAN BERNARDINO",HESPERIA,-117.27395629882812,34.417465209960938
94480312,2024,2024-11-22,9860,2024-11-10,"555 ",021169,,7,3,5,3609,0,1,1,,2,201,"SR-210 E/B","AYALA DR",100.00,E,N,A,-,Y,SBD,,210," "," ",17.459,H,,R,N,2,0,1,1,A,-,08,22107,,N,E,I,A,A,H,-,A,D,0,,,,,Y,,A,01,1,0,0,0,0,0,0,0,0,"- ","- ",34.135791778564453,-117.39192962646484,"SAN BERNARDINO",RIALTO,-117.39192962646484,34.1357421875
94482757,2024,2024-11-25,9835,2024-11-24,1650,022968,,7,2,9,3600,0,1,1,,2,073,"AFTON RD.","I-15 N/B",12091.00,E,N,A,-,N,,,,,,,,,,N,2,0,1,1,A,-,03,22350,,N,F,A,A,A,H,-,A,D,0,,,,,Y,,A,42,1,0,0,0,0,0,0,0,0,"- ","- ",35.040840148925781,-116.39380645751953,"SAN BERNARDINO",UNINCORPORATED,-116.41162872314453,35.069999694824219
94483531,2024,2024-11-26,9860,2024-11-13,1855,022347,,3,2,9,3600,0,1,3,,1,380,SR-38,"BRYANT STREET",5280.00,W,N,A,-,N,,,,,,,,,,N,2,0,1,1,A,-,08,22107,,N,F,A,A,A,H,-,D,D,0,,,Y,,Y,,C,02,1,0,0,0,0,0,0,0,1,"- ","- ",34.075328826904297,-117.06735992431641,"SAN BERNARDINO",UNINCORPORATED,-117.06565856933594,34.075965881347656
9448425,2022,2022-06-08,3600,2022-05-14,1956,I5816,HE420,6,5,5,3619,0,0,0,,0,HE4,"SANTA FE AV","RANCHERO RD",0.00,,Y,A,-,N,,,,,,,,,,Y,2,0,2,2,D,-,00,,,M,A,C,A,A,H,-,C,A,0,,,,,Y,,-,"- ",1,0,1,0,0,0,0,0,0,"- ","- ",,,"SAN BERNARDINO",HESPERIA,-117.311767578125,34.383121490478516
94484522,2024,2024-11-26,9865,2024-11-14,1929,021229,,4,2,9,3600,0,3,5,,2,001,"CRESTLINE RD (23000 BLOCK)",SR-138,1056.00,W,N,B,-,N,,,,,,,,,,N,2,0,1,2,A,-,08,22107,,N,G,4,A,A,H,-,C,D,0,,,,,Y,,D,22,1,0,0,0,0,0,0,0,0,"- ","- ",34.237831115722656,-117.2940673828125,"SAN BERNARDINO",UNINCORPORATED,-117.29498291015625,34.237754821777344
94486854,2024,2024-11-28,9860,2024-11-13,2148,022439,,3,2,3,3615,0,1,1,,2,104,"I-10 W/B","MOUNTAIN VIEW AVE",650.00,E,N,A,-,Y,SBD,,10," "," ",27.444,H,,L,Y,2,0,1,1,A,-,08,22107,,N,E,8,A,A,H,-,A,D,0,,,,,Y,,A,01,1,0,0,0,0,0,0,0,0,"- ","- ",34.066768646240234,-117.24143981933594,"SAN BERNARDINO","LOMA LINDA",-117.24143981933594,34.066730499267578
94488066,2024,2024-12-02,9850,2024-11-29,"202 ",021384,,5,3,9,3600,0,1,3,,2,060,SR-138,"PHELAN RD",1200.00,W,N,A,-,Y,SBD,,138," "," ",2.682,H,,R,Y,2,0,4,4,A,-,01,23152,A,F,D,C,A,A,H,-,D,D,0,,,,,Y,Y,D,22,3,1,0,0,0,0,0,0,0,"- ","- ",34.427871704101562,-117.62254333496094,"SAN BERNARDINO",UNINCORPORATED,-117.62254333496094,34.427871704101562
94488224,2024,2024-12-02,9860,2024-11-16,2131,022875,,6,2,9,3600,0,3,5,,2,002,"E STREET","41 ST ST",370.00,S,N,A,-,N,,,,,,,,,,N,2,0,1,2,A,-,03,22350,,F,C,G,A,A,H,-,D,D,0,,Y,,,Y,,A,07,1,0,0,0,0,0,1,0,0,"- ","- ",34.167179107666016,-117.30052947998047,"SAN BERNARDINO",UNINCORPORATED,-117.30051422119141,34.167198181152344
94488710,2024,2024-12-02,9870,2024-11-23,"530 ",020280,,6,3,9,3600,0,1,3,,1,031,"STATE ROUTE 62 (TWENTYNINE PALMS HIGHWAY)","SUNFAIR ROAD",389.00,W,N,A,-,Y,SBD,,62," "," ",22.088,H,,R,Y,2,0,1,1,A,-,08,22107,,N,E,8,A,A,H,-,D,D,0,,,,,Y,,A,01,1,0,0,0,0,0,0,0,0,"- ","- ",34.135238647460938,-116.24852752685547,"SAN BERNARDINO",UNINCORPORATED,-116.24852752685547,34.135158538818359
94490236,2024,2025-06-17,9860,2024-07-28,"235 ",022679,,7,3,9,3600,0,1,1,,2,201,"STATE ROUTE 210 WESTBOUND","PEPPER AVENUE",1872.00,W,N,A,-,Y,SBD,,210," "," ",19.309,H,,L,Y,1,3,0,2,A,-,08,22107,,F,B,2,A,A,H,-,D,D,0,,,,,Y,,A,07,0,0,0,0,0,0,0,0,0,"- ","- ",34.136058807373047,-117.35962677001953,"SAN BERNARDINO",UNINCORPORATED,-117.35966491699219,34.135955810546875
9449662,2022,2022-06-02,3600,2022-04-05,1452,F8172,VC070,2,5,5,3612,0,0,0,,0,VC5,"LA MESA RD","PUEBLO LN",329.00,E,N,A,-,N,,,,,,,,,,Y,2,0,3,2,A,-,03,22350,,N,C,C,A,A,H,-,A,D,0,,,Y,,Y,,C,02,1,0,2,0,0,0,0,0,1,"- ","- ",,,"SAN BERNARDINO",VICTORVILLE,-117.39225769042969,34.484889984130859
94497097,2024,2024-12-13,9860,2024-04-21,1544,021169,,7,2,9,3600,0,1,1,,2,201,"STATE ROUTE 210 EASTBOUND","STATE STREET",15.00,W,N,A,-,Y,SBD,,210," "," ",20.696,H,,R,Y,1,1,0,2,A,-,01,23152,A,N,C,C,A,A,H,-,A,D,0,,,Y,,Y,Y,C,02,0,0,0,0,0,0,0,1,0,"- ","- ",34.134441375732422,-117.33567810058594,"SAN BERNARDINO",UNINCORPORATED,-117.33567810058594,34.134429931640625
9449713,2022,2022-06-07,3604,2022-04-17,2030,1395,,7,5,6,3604,0,0,0,,0,,"NEBRASKA ST","COLORADO ST",274.00,N,N,A,-,N,,,,,,,,,,N,2,0,1,2,A,-,03,22350,,N,B,E,A,A,H,-,C,A,0,,,Y,,Y,,C,02,1,0,0,0,0,0,0,0,1,"- ","- ",,,"SAN BERNARDINO",FONTANA,-117.48419952392578,34.125900268554688
9449714,2022,2022-06-07,3604,2022-04-30,1839,1260,,6,5,6,3604,0,0,0,,0,,"ETIWANDA AV","SANTA ANA",15.00,S,N,A,-,N,,,,,,,,,,Y,2,0,2,2,A,-,01,23152,A,N,A,C,A,A,H,-,A,A,0,,,,,Y,Y,A,01,2,0,0,0,0,0,0,0,0,"- ","- ",,,"SAN BERNARDINO",FONTANA,-117.52416229248047,34.055290222167969
9449730,2022,2022-06-08,3608,2022-04-05,1821,5007,SB,2,5,5,3608,0,0,0,,0,CENTRA,"ORANGE ST","E PIONEER AV",0.00,,Y,A,-,N,,,,,,,,,,N,2,0,1,2,A,-,03,22350,,N,C,G,A,A,H,-,A,A,0,,Y,,,Y,Y,A,01,1,0,0,0,0,0,1,0,0,"- ","- ",,,"SAN BERNARDINO",REDLANDS,-117.18238067626953,34.080841064453125
94498512,2024,2024-12-13,9850,2024-11-30,1845,023055,,6,2,9,3600,0,3,5,,2,003,"CENTRAL RD","STODDARD WELLS RD",90.00,S,N,A,-,N,,,,,,,,,,N,2,0,1,1,A,-,03,38305,,N,F,A,A,A,A,G,D,D,0,,,Y,,Y,,C,06,1,0,0,0,0,0,0,0,1,"- ","- ",34.630550384521484,-117.17149353027344,"SAN BERNARDINO",UNINCORPORATED,-117.17173004150391,34.630405426025391
94501894,2024,2024-12-13,9860,2024-07-04,"450 ",020282,,4,3,5,3608,0,1,1,,2,203,"STATE ROUTE 210 WESTBOUND","5TH STREET",4752.00,E,N,A,-,Y,SBD,,210," ",R,31.119,H,,L,N,2,0,1,2,A,-,11,21956,A,N,G,B,E,A,H,-,D,D,0,Y,,,,Y,,N,60,1,0,0,0,1,0,0,0,0,"- ","- ",34.095348358154297,-117.20023345947266,"SAN BERNARDINO",REDLANDS,-117.20027923583984,34.095352172851562
94502033,2024,2024-12-13,9865,2024-12-01,2143,021732,,7,2,9,3600,0,1,3,,2,032,SR-38,"DIVISION DR",1584.00,E,N,A,-,N,,,,,,,,,,Y,2,0,1,1,A,-,08,22107,,N,E,I,A,A,H,-,D,D,0,,,,,Y,,D,22,1,0,0,0,0,0,0,0,0,"- ","- ",34.265888214111328,-116.87100982666016,"SAN BERNARDINO",UNINCORPORATED,-116.86093139648438,34.265781402587891
94505255,2024,2024-12-16,9870,2024-12-04,"924 ",023411,,3,1,9,3600,0,1,3,,1,011,"SR-62 (TWENTYNINE PALMS HIGHWAY)","PARADISE AVENUE",92.00,E,N,A,-,Y,SBD,,62," "," ",1.125,H,,R,N,2,0,1,1,A,-,03,22350,,N,F,A,A,A,H,-,A,D,0,,,Y,,Y,,C,02,1,0,0,0,0,0,0,0,1,"- ","- ",34.045909881591797,-116.58171844482422,"SAN BERNARDINO",UNINCORPORATED,-116.58169555664062,34.045890808105469
94506450,2024,2024-12-17,9860,2024-06-07,1255,022843,,5,1,9,3600,0,1,3,,1,012,"STATE ROUTE 138","KRUSE ROAD",2640.00,E,N,A,-,Y,SBD,,138," "," ",12.317,H,,R,Y,1,1,1,2,A,-,09,21804,A,N,D,C,A,A,H,-,A,D,0,,,Y,,Y,,C,06,0,1,0,0,0,0,0,1,0,"- ","- ",34.329319000244141,-117.51885986328125,"SAN BERNARDINO",UNINCORPORATED,-117.51877593994141,34.329345703125
94507178,2024,2024-12-17,9835,2024-11-22,"806 ",023144,,5,1,9,3600,0,1,1,,2,075,"I-15 N/B","HALLORAN SPRINGS RD",16368.00,S,N,A,-,Y,SBD,,15," "," ",146.475,H,,R,Y,1,1,0,1,A,-,08,22107,,N,E,I,A,A,H,-,A,D,0,,,,,Y,,A,01,0,0,0,0,0,0,0,0,0,"- ","- ",35.351421356201172,-115.93830108642578,"SAN BERNARDINO",UNINCORPORATED,-115.93837738037109,35.35150146484375
9450741,2022,2023-07-05,3604,2022-05-07,2242,1377,,6,5,6,3604,0,0,0,,0,,"CHERRY AV","SLOVER AV",0.00,,Y,A,-,N,,,,,,,,,,Y,1,1,0,2,A,-,12,21453,A,N,G,B,B,A,H,-,C,A,0,Y,,,,Y,,A,01,0,0,0,1,0,0,0,0,0,"- ","- ",,,"SAN BERNARDINO",FONTANA,-117.48896026611328,34.0628662109375
94507420,2024,2025-07-18,9850,2024-12-03,2352,022490,,2,3,9,3600,0,1,1,,2,084,"INTERSTATE 15 SOUTHBOUND TO QUARRY ROAD","STODDARD WELLS ROAD",1373.00,N,N,A,-,Y,,,,,,,,,,Y,2,0,5,1,A,-,01,23152,A,N,F,0,A,A,H,-,C,D,0,,,,,Y,Y,A,07,5,0,0,0,0,0,0,0,0,"- ","- ",34.593971252441406,-117.25811004638672,"SAN BERNARDINO",UNINCORPORATED,-117.25763702392578,34.593719482421875
94509051,2024,2025-01-28,9850,2024-12-16,1705,022494,,1,2,9,3600,0,2,4,,2,066,"PHELAN RD","WINDERMERE RD",30.00,W,N,A,-,N,,,,,,,,,,Y,1,1,1,2,A,-,01,23152,A,F,A,C,A,A,H,-,D,D,0,,,,,Y,Y,B,08,0,0,1,0,0,0,0,0,0,"- ","- ",34.426578521728516,-117.49185943603516,"SAN BERNARDINO",UNINCORPORATED,-117.49265289306641,34.426570892333984
94509634,2024,2024-12-19,9860,2024-12-05,2013,022944,,4,2,4,3603,0,1,1,,2,214,"I-215 S/B","IOWA AVE",170.00,S,N,A,-,Y,SBD,,215," "," ",0.365,H,,L,Y,2,0,6,4,A,-,01,23152,A,N,C,C,A,A,H,-,C,D,0,,,,,Y,Y,A,01,1,1,4,0,0,0,0,0,0,"- ","- ",34.023731231689453,-117.33586883544922,"SAN BERNARDINO",COLTON,-117.33584594726562,34.023712158203125
94512967,2024,2024-12-23,9860,2024-10-23,"911 ",020533,,3,1,9,3600,0,1,3,,1,382,SR-38,"BRYANT ST",0.00,,Y,A,-,Y,SBD,,38," "," ",8.534,H,,R,Y,2,0,1,2,A,-,09,21802,A,N,D,C,A,A,H,-,A,A,0,,,,Y,Y,,A,01,1,0,0,0,0,0,0,0,0,"- ","- ",34.078350067138672,-117.04872131347656,"SAN BERNARDINO",UNINCORPORATED,-117.04875946044922,34.078392028808594
94513389,2024,2024-12-23,9850,2024-11-23,2320,023006,,6,3,9,3600,0,3,5,,2,002,"SUMMIT VALLEY ROAD","TROUT ROAD",2429.00,S,N,A,-,N,,,,,,,,,,Y,2,0,2,2,A,-,05,21460,,N,A,C,A,A,H,-,D,D,0,,,,,Y,,A,01,2,0,0,0,0,0,0,0,0,"- ","- ",34.347221374511719,-117.39285278320312,"SAN BERNARDINO",UNINCORPORATED,-117.39275360107422,34.347301483154297
94514881,2024,2024-12-24,9850,2024-12-15,1325,023336,,7,1,9,3600,0,3,5,,2,003,"BOWEN RANCH RD.","OAK SPRINGS RD",1056.00,S,N,A,-,N,,,,,,,,,,N,2,0,1,1,A,-,03,38305,,N,F,I,A,A,H,-,A,D,0,,,Y,,Y,Y,C,06,1,0,0,0,0,0,0,0,1,"- ","- ",34.373298645019531,-117.15236663818359,"SAN BERNARDINO",UNINCORPORATED,-117.14775848388672,34.378898620605469
94515091,2024,2024-12-24,9855,2024-09-08,1259,023529,,7,1,6,3607,0,1,3,,2,601,"SR-60 EASTBOUND (POMONA FWY)","VINEYARD AVENUE",2112.00,W,N,A,-,Y,SBD,,60," ",R,6.426,H,,R,Y,1,1,0,3,A,-,03,22350,,N,B,C,A,A,H,-,A,D,0,,,Y,,Y,Y,C,02,0,0,0,0,0,0,0,1,0,"- ","- ",34.030460357666016,-117.61872863769531,"SAN BERNARDINO",ONTARIO,-117.61872863769531,34.030426025390625
94515742,2024,2024-12-24,9855,2024-11-16,"218 ",022895,,6,3,5,3611,0,1,1,,2,203,"STATE ROUTE 210 EASTBOUND (FOOTHILL FREEWAY)","BASE LINE ROAD",1293.00,E,N,A,-,Y,SBD,,210," "," ",0.002,H,,R,Y,1,3,1,2,A,-,01,23152,A,N,C,C,A,A,H,-,D,D,0,,,,Y,Y,Y,A,01,1,0,0,0,0,0,0,0,0,"- ","- ",34.124141693115234,-117.69239807128906,"SAN BERNARDINO",UPLAND,-117.69248199462891,34.124221801757812