CASE_ID,ACCIDENT_YEAR,PROC_DATE,JURIS,COLLISION_DATE,COLLISION_TIME,OFFICER_ID,REPORTING_DISTRICT,DAY_OF_WEEK,CHP_SHIFT,POPULATION,CNTY_CITY_LOC,SPECIAL_COND,BEAT_TYPE,CHP_BEAT_TYPE,CITY_DIVISION_LAPD,CHP_BEAT_CLASS,BEAT_NUMBER,PRIMARY_RD,SECONDARY_RD,DISTANCE,DIRECTION,INTERSECTION,WEATHER_1,WEATHER_2,STATE_HWY_IND,CALTRANS_COUNTY,CALTRANS_DISTRICT,STATE_ROUTE,ROUTE_SUFFIX,POSTMILE_PREFIX,POSTMILE,LOCATION_TYPE,RAMP_INTERSECTION,SIDE_OF_HWY,TOW_AWAY,COLLISION_SEVERITY,NUMBER_KILLED,NUMBER_INJURED,PARTY_COUNT,PRIMARY_COLL_FACTOR,PCF_CODE_OF_VIOL,PCF_VIOL_CATEGORY,PCF_VIOLATION,PCF_VIOL_SUBSECTION,HIT_AND_RUN,TYPE_OF_COLLISION,MVIW,PED_ACTION,ROAD_SURFACE,ROAD_COND_1,ROAD_COND_2,LIGHTING,CONTROL_DEVICE,CHP_ROAD_TYPE,PEDESTRIAN_ACCIDENT,BICYCLE_ACCIDENT,MOTORCYCLE_ACCIDENT,TRUCK_ACCIDENT,NOT_PRIVATE_PROPERTY,ALCOHOL_INVOLVED,STWD_VEHTYPE_AT_FAULT,CHP_VEHTYPE_AT_FAULT,COUNT_SEVERE_INJ,COUNT_VISIBLE_INJ,COUNT_COMPLAINT_PAIN,COUNT_PED_KILLED,COUNT_PED_INJURED,COUNT_BICYCLIST_KILLED,COUNT_BICYCLIST_INJURED,COUNT_MC_KILLED,COUNT_MC_INJURED,PRIMARY_RAMP,SECONDARY_RAMP,LATITUDE,LONGITUDE,COUNTY,CITY,POINT_X,POINT_Y
9659586,2023,2024-02-14,3600,2023-12-23,1453,F6913,RC067,6,5,6,3616,0,0,0,,0,005,"FOOTHILL BL","SPRUCE AV",660.00,E,N,A,-,N,,,,,,,,,,Y,2,0,1,3,A,-,03,22350,,N,C,C,A,A,H,-,A,D,0,,,Y,,Y,,C,02,1,0,0,0,0,0,0,0,1,"- ","- ",,,"SAN BERNARDINO","RANCHO CUCAMONGA",-117.56475830078125,34.106418609619141
9660147,2024,2024-03-01,3608,2024-01-21,1543,5007,3608,7,5,5,3608,0,0,0,,0,901,"THE TERRACE","6TH ST",870.00,E,N,B,-,N,,,,,,,,,,Y,2,0,1,2,A,-,03,22350,,N,C,C,A,A,H,-,A,D,0,,,,,Y,,A,01,1,0,0,0,0,0,0,0,0,"- ","- ",,,"SAN BERNARDINO",REDLANDS,-117.17749786376953,34.062580108642578
9660253,2024,2024-03-01,3600,2024-01-07,1709,H9750,AP021,7,5,5,3621,0,0,0,,0,004,"BEAR VALLEY RD","ALGONQUIN RD",430.00,W,N,A,-,N,,,,,,,,,,Y,2,0,1,2,A,-,07,21658,A,N,F,C,A,A,H,-,D,D,0,,,,,Y,,A,01,1,0,0,0,0,0,0,0,0,"- ","- ",,,"SAN BERNARDINO","APPLE VALLEY",-117.19659423828125,34.471473693847656
9661105,2023,2024-02-02,3600,2023-12-10,1829,I7891,HI005,7,5,4,3618,0,0,0,,0,HI01,"BASELINE ST","MCKINLEY AV",253.00,W,N,A,-,N,,,,,,,,,,N,2,0,1,2,A,-,11,21954,A,N,G,B,D,A,H,-,D,D,0,Y,,,,Y,,N,60,1,0,0,0,1,0,0,0,0,"- ","- ",34.121299743652344,-117.23664093017578,"SAN BERNARDINO",HIGHLAND,-117.23829650878906,34.121299743652344
9664573,2024,2024-04-18,3604,2024-02-01,"617 ",1047,,4,5,6,3604,0,0,0,,0,,"SIERRA AVENUE","SANTA ANA AVE",10.00,S,N,C,-,N,,,,,,,,,,Y,2,0,1,3,A,-,03,22350,,N,C,C,A,B,H,-,A,A,0,,,,,Y,,A,07,1,0,0,0,0,0,0,0,0,"- ","- ",34.055778503417969,-117.43560791015625,"SAN BERNARDINO",FONTANA,-117.43563079833984,34.055763244628906
9665326,2023,2025-07-23,3604,2023-11-15,1930,1135,3604,3,5,6,3604,0,0,0,,0,003,"FOOTHILL BL","MAPLE AV",285.00,W,N,C,-,N,,,,,,,,,,Y,1,1,0,2,A,-,11,21954,A,F,G,B,D,B,H,-,C,A,0,Y,,,,Y,,N,60,0,0,0,1,0,0,0,0,0,"- ","- ",34.106830596923828,-117.40534210205078,"SAN BERNARDINO",FONTANA,-117.40621185302734,34.106723785400391
9665482,2023,2024-03-11,3600,2023-12-16,1008,J3216,HE102,6,5,5,3619,0,0,0,,0,HE1,"MARIPOSA RD","MAPLE AV",50.00,W,N,A,-,N,,,,,,,,,,Y,2,0,2,2,A,-,09,21802,A,N,D,C,A,A,H,-,A,A,0,,,Y,,Y,,D,22,1,0,1,0,0,0,0,0,1,"- ","- ",,,"SAN BERNARDINO",HESPERIA,-117.34678649902344,34.467350006103516
9666335,2024,2024-07-23,3604,2024-03-25,1532,1477,,1,5,6,3604,0,0,0,,0,,"MANGO AV","ORANGE WY",135.00,N,N,A,-,N,,,,,,,,,,Y,2,0,2,3,A,-,08,22107,,F,B,-,A,A,H,-,A,B,0,,Y,,,Y,,A,01,1,0,1,0,0,0,1,0,0,"- ","- ",,,"SAN BERNARDINO",FONTANA,-117.43140411376953,34.096248626708984
9666795,2024,2024-03-13,3600,2024-01-02,1200,F5499,RC036,2,5,6,3616,0,0,0,,0,RC4,"8TH ST","HELLMAN AV",1261.00,E,N,A,-,N,,,,,,,,,,N,2,0,1,2,A,-,08,22107,,N,B,C,A,A,H,-,A,D,0,,,,,Y,,M,94,1,0,0,0,0,0,0,0,0,"- ","- ",,,"SAN BERNARDINO","RANCHO CUCAMONGA",-117.59812927246094,34.0919189453125
9667231,2023,2024-02-17,3600,2023-12-17,2106,H7636,LL08,7,5,3,3615,0,0,0,,0,LL2,"BARTON RD","OAKWOOD DR",500.00,E,N,A,-,N,,,,,,,,,,Y,2,0,1,1,A,-,01,23152,A,N,E,I,A,A,H,-,C,D,0,,,,,Y,,A,01,1,0,0,0,0,0,0,0,0,"- ","- ",,,"SAN BERNARDINO","LOMA LINDA",-117.27265930175781,34.051418304443359
9668892,2024,2024-04-15,3600,2024-02-12,1710,10430,YC308,1,5,4,3640,0,0,0,,0,YC2,"AV H","CALIFORNIA ST",0.00,,Y,A,-,N,,,,,,,,,,N,2,0,1,2,A,-,10,21950,A,N,G,B,B,A,H,-,B,A,0,Y,,,,Y,,A,07,1,0,0,0,1,0,0,0,0,"- ","- ",,,"SAN BERNARDINO",YUCAIPA,-117.03886413574219,34.010261535644531
9669346,2024,2024-05-14,3610,2024-03-12,2031,51512,,2,5,6,3610,0,0,0,,0,,"ARROWHEAD AV","BASELINE ST",33.00,S,N,A,-,N,,,,,,,,,,N,2,0,1,2,A,-,05,21202,A,N,D,G,A,A,H,-,C,A,0,,Y,,,Y,,L,04,1,0,0,0,0,0,1,0,0,"- ","- ",34.121341705322266,-117.28965759277344,"SAN BERNARDINO","SAN BERNARDINO",-117.28966522216797,34.121250152587891
9669785,2024,2024-03-30,3600,2024-01-29,"710 ",H8270,VC045,1,5,5,3612,0,0,0,,0,VC1,"D ST","VALENSA LN",0.00,,Y,A,-,N,,,,,,,,,,N,2,0,1,1,D,-,00,,,N,H,A,A,A,H,-,D,D,0,,,Y,,Y,Y,-,"- ",1,0,0,0,0,0,0,0,1,"- ","- ",34.553310394287109,-117.30413055419922,"SAN BERNARDINO",VICTORVILLE,,
9670735,2023,2024-03-05,3600,2023-11-07,1748,H7582,RC016,2,5,6,3616,0,0,0,,0,RC6,"BUFFALO AV","4TH ST",512.00,,N,A,-,N,,,,,,,,,,N,2,0,1,2,A,-,00,21954,,N,G,B,D,A,H,-,B,D,0,Y,,,,Y,,N,60,1,0,0,0,1,0,0,0,0,"- ","- ",,,"SAN BERNARDINO","RANCHO CUCAMONGA",-117.55017852783203,34.077312469482422
9673100,2024,2024-03-07,3600,2024-01-10,1738,F8509,CH003,3,5,5,3630,0,0,0,,0,CH1,"PEYTON DR","CHINO AV",0.00,,Y,A,-,N,,,,,,,,,,N,2,0,1,2,A,-,09,21453,C,N,D,C,A,A,H,-,C,A,0,,,Y,,Y,,A,07,1,0,0,0,0,0,0,0,1,"- ","- ",34.010208129882812,-117.74289703369141,"SAN BERNARDINO","CHINO HILLS",-117.74296569824219,34.01025390625
9673689,2024,2024-07-18,3610,2024-02-02,2250,51324,,5,5,6,3610,0,0,0,,0,,"N VALENCIA AVE","E 28TH ST",36.00,N,N,A,-,N,,,,,,,,,,Y,2,0,1,2,A,-,11,21954,A,N,G,B,D,A,H,-,C,D,0,Y,,,,Y,,N,60,1,0,0,0,1,0,0,0,0,"- ","- ",,,"SAN BERNARDINO","SAN BERNARDINO",-117.27256774902344,34.142429351806641
9673925,2024,2025-02-25,3604,2024-02-13,1809,680,,2,5,6,3604,0,0,0,,0,,"VALLEY BL","ALDER AV",390.00,W,N,A,-,N,,,,,,,,,,Y,1,1,0,2,A,-,09,21804,A,N,D,C,A,A,H,-,C,D,0,,,Y,,Y,,A,07,0,0,0,0,0,0,0,1,0,"- ","- ",34.070411682128906,-117.41819000244141,"SAN BERNARDINO",FONTANA,-117.41952514648438,34.070430755615234
9673962,2024,2024-04-30,3600,2024-02-20,2101,H8985,HE105,2,5,5,3619,0,0,0,,0,001,"SEQUOIA ST","HESPERIA RD",0.00,,Y,A,-,N,,,,,,,,,,Y,2,0,2,2,A,-,01,23152,A,N,D,C,A,A,H,-,C,A,0,,,,,Y,Y,A,01,1,0,1,0,0,0,0,0,0,"- ","- ",,,"SAN BERNARDINO",HESPERIA,-117.29232788085938,34.469074249267578
9676510,2024,2024-06-26,3600,2024-04-26,1425,G6203,HE313,5,5,5,3619,0,0,0,,0,HE3,"7TH AV","ORANGE ST",0.00,,Y,A,-,N,,,,,,,,,,Y,2,0,2,2,A,-,01,23152,A,N,D,C,A,A,H,-,A,A,0,,,,,Y,Y,D,22,1,1,0,0,0,0,0,0,0,"- ","- ",,,"SAN BERNARDINO",HESPERIA,-117.31610107421875,34.4215087890625
9677073,2024,2024-05-28,3600,2024-04-22,1213,H8994,HE104,1,5,5,3619,0,0,0,,0,HE1,"BEAR VALLEY RD","2ND AV",210.00,E,N,A,-,N,,,,,,,,,,Y,2,0,3,2,A,-,03,22350,,N,D,C,A,A,H,-,A,A,0,,,,,Y,,A,01,2,0,1,0,0,0,0,0,0,"- ","- ",,,"SAN BERNARDINO",HESPERIA,-117.29852294921875,34.470890045166016
9677878,2024,2024-06-26,3600,2024-05-03,"810 ",E8923,HI020,5,5,4,3618,0,0,0,,0,HI3,"5TH ST","PALM AV",0.00,,Y,A,-,N,,,,,,,,,,Y,2,0,2,2,A,-,12,21457,A,N,D,C,A,A,D,-,A,A,0,,,,,Y,,A,01,2,0,0,0,0,0,0,0,0,"- ","- ",34.107841491699219,-117.20881652832031,"SAN BERNARDINO",HIGHLAND,-117.20880126953125,34.107875823974609
9677894,2024,2024-07-22,3600,2024-05-01,"536 ",J5483,HE2,3,5,5,3619,0,0,0,,0,HE402,"SANTA FE AV EAST","WALNUT ST",90.00,S,N,A,-,N,,,,,,,,,,Y,2,0,2,2,A,-,03,22350,,N,C,C,A,A,H,-,A,D,0,,,,,Y,,A,01,1,0,1,0,0,0,0,0,0,"- ","- ",,,"SAN BERNARDINO",HESPERIA,-117.30161285400391,34.420238494873047
9677943,2024,2024-06-18,3600,2024-04-16,1409,I8687,VC013,2,5,5,3612,0,0,0,,0,005,"AMARGOSA RD","KING RANCH RD",0.00,,N,A,-,N,,,,,,,,,,Y,2,0,1,2,A,-,09,21804,A,N,D,C,A,A,H,-,A,A,0,,,Y,,Y,,A,01,1,0,0,0,0,0,0,0,1,"- ","- ",34.477920532226562,-117.34091949462891,"SAN BERNARDINO",VICTORVILLE,-117.33882141113281,34.480537414550781
9678335,2024,2024-04-12,3600,2024-02-21,"623 ",12318,VC021,3,5,5,3612,0,0,0,,0,VC3,"NISQUALLI RD","HESPERIA RD",2.00,N,N,A,-,N,,,,,,,,,,Y,2,0,2,2,A,-,12,21453,,N,D,C,A,A,H,-,A,A,0,,,,,Y,,A,01,1,0,1,0,0,0,0,0,0,"- ","- ",,,"SAN BERNARDINO",VICTORVILLE,-117.29015350341797,34.485500335693359
9679511,2024,2024-03-27,3608,2024-01-19,1908,5071,3608,5,5,5,3608,0,0,0,,0,901,"LUGONIA AV","WASHINGTON ST",0.00,,Y,A,-,N,,,,,,,,,,N,2,0,2,2,A,-,03,22350,,N,C,C,A,A,H,-,C,A,0,,,,,Y,,A,01,1,1,0,0,0,0,0,0,0,"- ","- ",,,"SAN BERNARDINO",REDLANDS,-117.18357086181641,34.070049285888672
9680087,2023,2024-03-30,3603,2023-08-25,"239 ",4817,CPD,5,5,4,3603,0,0,0,,0,002,"LA CADENA DR","VALLEY BL",18.00,S,N,A,-,N,,,,,,,,,,Y,2,0,1,2,A,-,07,21658,A,N,B,C,A,A,H,-,C,A,0,,,Y,,Y,,C,02,1,0,0,0,0,0,0,0,1,"- ","- ",34.066898345947266,-117.32433319091797,"SAN BERNARDINO",COLTON,-117.3243408203125,34.066822052001953
9682309,2023,2024-03-28,3600,2023-11-16,1719,J5492,AD207,4,5,3,3613,0,0,0,,0,AD2,"AIR EXPRESS WY","PEARMAIN ST",550.00,W,N,A,-,N,,,,,,,,,,N,2,0,1,2,A,-,11,21954,A,M,G,B,D,A,H,-,D,A,0,Y,,,,Y,,N,60,1,0,0,0,1,0,0,0,0,"- ","- ",34.582901000976562,-117.41959381103516,"SAN BERNARDINO",ADELANTO,-117.40695190429688,34.571998596191406
9686578,2024,2025-03-18,3610,2024-05-31,2145,51579,,5,5,6,3610,0,0,0,,0,,"S PENNSYLVANIA AV","W RIALTO AV",0.00,,Y,A,-,N,,,,,,,,,,Y,1,1,0,1,A,-,03,22350,,N,F,J,A,A,H,-,C,D,0,,,,,Y,,A,01,0,0,0,0,0,0,0,0,0,"- ","- ",34.100589752197266,-117.32923126220703,"SAN BERNARDINO","SAN BERNARDINO",-117.32925415039062,34.100578308105469
9687794,2024,2024-05-08,3604,2024-03-07,2124,1367,,4,5,6,3604,0,0,0,,0,,"CATAWBA AV","CERES AV N",207.00,N,N,B,-,N,,,,,,,,,,Y,2,0,2,1,A,-,01,23152,A,N,E,I,A,B,H,-,C,D,0,,,,,Y,Y,A,01,2,0,0,0,0,0,0,0,0,"- ","- ",34.093929290771484,-117.45800018310547,"SAN BERNARDINO",FONTANA,-117.4580078125,34.094329833984375
9688012,2024,2024-06-19,3604,2024-04-02,"813 ",1477,,2,5,6,3604,0,0,0,,0,,"SAN BERNARDINO",ACACIA,20.00,E,N,A,-,N,,,,,,,,,,N,2,0,1,2,A,-,11,21954,A,F,G,B,D,A,H,-,A,A,0,Y,,,,Y,,N,60,1,0,0,0,1,0,0,0,0,"- ","- ",,,"SAN BERNARDINO",FONTANA,-117.43349456787109,34.07757568359375
9690748,2024,2024-06-14,3600,2024-04-14,1956,I6876,HE311,7,5,5,3619,0,0,0,,0,HE5,"7TH AV","WALNUT ST",9.00,N,N,A,-,N,,,,,,,,,,Y,2,0,1,2,A,-,10,21954,B,F,G,B,D,A,H,-,D,D,0,Y,,,,Y,,A,01,1,0,0,0,1,0,0,0,0,"- ","- ",,,"SAN BERNARDINO",HESPERIA,-117.31587219238281,34.422603607177734
9690891,2024,2024-04-06,3600,2024-03-04,1413,H9013,HE102,1,5,5,3619,0,0,0,,0,HE1,"MARIPOSA RD","MAPLE AV",0.00,,Y,A,-,N,,,,,,,,,,Y,2,0,1,3,A,-,01,23152,A,N,A,C,A,A,H,-,A,A,0,,,,,Y,Y,A,01,1,0,0,0,0,0,0,0,0,"- ","- ",,,"SAN BERNARDINO",HESPERIA,-117.34668731689453,34.467460632324219
9690918,2024,2024-04-30,3600,2024-03-09,"18  ",I6876,HE113,6,5,5,3619,0,0,0,,0,HE1,"11TH AVE","MAUNA LOA ST",800.00,N,N,A,-,N,,,,,,,,,,N,2,0,1,2,A,-,01,23152,A,N,G,B,-,A,H,-,D,D,0,Y,,,,Y,Y,A,01,1,0,0,0,1,0,0,0,0,"- ","- ",,,"SAN BERNARDINO",HESPERIA,-117.32091522216797,34.444530487060547
9691523,2024,2024-05-14,3610,2024-03-27,"635 ",50789,,3,5,6,3610,0,0,0,,0,,"WATERMAN AV","RALSTON AV",0.00,,Y,A,-,Y,SBD,8,18,-,T,7.328,I,5,S,Y,2,0,2,2,A,-,09,21801,A,N,D,C,A,-,H,-,B,D,0,,,Y,,Y,,A,01,1,0,1,0,0,0,0,0,1,"- ","- ",,,"SAN BERNARDINO","SAN BERNARDINO",-117.27873992919922,34.161800384521484
9702223,2024,2024-07-22,3600,2024-03-30,"654 ",H7621,AP023,6,5,5,3621,0,0,0,,0,AP1,"RT 18","RANCHERIAS RD",0.00,,Y,C,-,Y,SBD,8,18,-,-,91.564,I,5,S,Y,2,0,2,2,A,-,12,21453,A,N,D,C,A,B,H,-,A,A,0,,,,,Y,,A,07,1,0,1,0,0,0,0,0,0,"- ","- ",,,"SAN BERNARDINO","APPLE VALLEY",-117.22560882568359,34.529281616210938
9702321,2024,2025-07-01,3600,2024-04-18,1135,F5113,YV007,4,5,3,3631,0,0,0,,0,YV1,"29 PALMS HWY","KICKAPOO TRL",0.00,,Y,A,-,Y,SBD,8,62,-,-,9.810,H,-,W,N,1,1,0,2,A,-,10,21950,,N,G,B,B,A,H,-,A,A,0,Y,,,,Y,,A,07,0,0,0,1,0,0,0,0,0,"- ","- ",34.116561889648438,-116.45793151855469,"SAN BERNARDINO","YUCCA VALLEY",-116.45791625976562,34.116447448730469
9702575,2024,2024-09-13,3600,2024-04-13,1946,J1624,VC070,6,5,5,3612,0,0,0,,0,VC5,"PALMDALE RD","AMETHYST RD",514.00,E,N,A,-,N,,,,,,,,,,Y,2,0,3,1,A,-,01,23152,,N,F,I,A,A,H,-,D,A,0,,,,,Y,Y,A,01,2,1,0,0,0,0,0,0,0,"- ","- ",34.506748199462891,-117.37148284912109,"SAN BERNARDINO",VICTORVILLE,-117.36255645751953,34.506740570068359
9702622,2024,2024-07-23,3603,2024-05-10,"905 ",4914,CPD,5,5,4,3603,0,0,0,,0,001,"N WILDROSE AV","W VALLEY BLVD",0.00,,Y,A,-,N,,,,,,,,,,Y,2,0,2,2,A,-,12,21453,A,N,D,C,A,A,H,-,A,A,0,,,,,Y,,A,01,1,1,0,0,0,0,0,0,0,"- ","- ",34.070529937744141,-117.3636474609375,"SAN BERNARDINO",COLTON,-117.36360168457031,34.070518493652344
9702777,2024,2024-07-23,3600,2024-05-16,2041,H8975,HE134,4,5,5,3619,0,0,0,,0,HE03,"KEY POINTE DR","AMARGOSA RD",248.00,S,N,A,-,N,,,,,,,,,,Y,2,0,1,2,A,-,09,21801,A,N,D,C,A,A,H,-,C,D,0,,,Y,,Y,,A,01,1,0,0,0,0,0,0,0,1,"- ","- ",,,"SAN BERNARDINO",HESPERIA,-117.38381195068359,34.428371429443359
9705286,2024,2024-06-27,3600,2024-03-11,1917,I1565,AP018,1,5,5,3621,0,0,0,,0,AP4,"BEAR VALLEY RD","BONATO LN",629.00,W,N,A,-,N,,,,,,,,,,Y,2,0,1,1,A,-,03,22350,,N,F,J,A,A,H,-,D,D,0,,,,,Y,,A,01,1,0,0,0,0,0,0,0,0,"- ","- ",,,"SAN BERNARDINO","APPLE VALLEY",-117.16822052001953,34.471645355224609
9705668,2024,2024-08-21,3604,2024-06-06,1614,D228,122G3,4,5,6,3604,0,0,0,,0,002,"OLEANDER AV","HAWTHORN AV",404.00,S,N,A,-,N,,,,,,,,,,Y,2,0,2,1,A,-,08,22107,,N,E,I,A,A,H,-,A,D,0,,,,,Y,,A,07,1,1,0,0,0,0,0,0,0,"- ","- ",,,"SAN BERNARDINO",FONTANA,-117.44876861572266,34.080703735351562
9707986,2024,2024-07-05,3603,2024-04-11,"411 ",5214,,4,5,4,3603,0,0,0,,0,001,"N PENNSYLVANIA AVE","W MILL ST",0.00,,Y,A,-,N,,,,,,,,,,Y,2,0,1,2,A,-,04,21703,,N,C,C,A,A,H,-,A,D,0,,,,,Y,,A,01,1,0,0,0,0,0,0,0,0,"- ","- ",34.092151641845703,-117.32917022705078,"SAN BERNARDINO",COLTON,-117.32914733886719,34.092151641845703
9708284,2024,2024-08-07,3610,2024-06-04,"300 ",51362,,2,5,6,3610,0,0,0,,0,,"INDUSTRIAL PKWY","LEXINGTON WY",500.00,N,N,A,-,N,,,,,,,,,,Y,2,0,1,1,A,-,08,22107,,N,F,I,A,A,H,-,C,D,0,,,,,Y,,A,01,1,0,0,0,0,0,0,0,0,"- ","- ",34.183998107910156,-117.35399627685547,"SAN BERNARDINO","SAN BERNARDINO",-117.34698486328125,34.1776123046875
9708627,2024,2024-07-17,3600,2024-05-30,1411,J8162,HE105,4,5,5,3612,0,0,0,,0,HE105,"BEAR VALLEY RD","HESPERIA RD",0.00,,-,A,-,N,,,,,,,,,,Y,2,0,2,3,A,-,12,21453,,N,D,C,A,A,H,-,A,A,0,,,,,Y,,A,01,1,1,0,0,0,0,0,0,0,"- ","- ",,,"SAN BERNARDINO",VICTORVILLE,-117.29196929931641,34.470916748046875
9708634,2024,2024-07-11,3604,2024-05-19,2302,680,,7,5,6,3604,0,0,0,,0,,"FOOTHILL BL","OLEANDER AV",100.00,W,N,A,-,N,,,,,,,,,,N,2,0,1,2,A,-,11,21954,A,N,G,B,D,A,H,-,C,D,0,Y,,,,Y,,N,60,1,0,0,0,1,0,0,0,0,"- ","- ",34.106861114501953,-117.44912719726562,"SAN BERNARDINO",FONTANA,-117.44919586181641,34.106578826904297
9708636,2024,2024-07-11,3600,2024-05-17,1034,I1982,,5,5,4,3640,0,0,0,,0,YC3,"CALIMESA BL","AVENUE I",226.00,,N,A,-,N,,,,,,,,,,Y,2,0,1,3,A,-,09,21804,A,N,C,C,A,A,H,-,A,D,0,,,,,Y,,-,,1,0,0,0,0,0,0,0,0,"- ","- ",,,"SAN BERNARDINO",YUCAIPA,-117.06456756591797,34.007652282714844
9708913,2024,2024-08-02,3600,2024-06-20,"307 ",G9454,YC403,4,5,4,3640,0,0,0,,0,YC3,"CALIMESA BL","EDISON POLE #15456322E",59.00,W,N,A,-,N,,,,,,,,,,Y,2,0,1,2,C,-,18,,,N,A,B,E,A,H,-,D,D,0,Y,,,,Y,,-,"- ",1,0,0,0,1,0,0,0,0,"- ","- ",,,"SAN BERNARDINO",YUCAIPA,,
9709498,2024,2024-08-02,3600,2024-06-23,2035,J3474,AP022,7,5,5,3621,0,0,0,,0,AP4,"TUSSING RANCH RD","COCHITI RD",0.00,,Y,A,-,N,,,,,,,,,,N,2,0,1,2,A,-,03,22350,,N,D,C,A,A,H,-,B,D,0,,,Y,,Y,,C,02,1,0,0,0,0,0,0,0,1,"- ","- ",,,"SAN BERNARDINO","APPLE VALLEY",-117.18505096435547,34.442604064941406
9710093,2024,2024-08-02,3604,2024-06-01,2250,1276,,6,5,6,3604,0,0,0,,0,,"SIERRA AV","UPLAND AV",0.00,,Y,A,-,N,,,,,,,,,,N,2,0,1,2,A,-,11,21954,A,N,G,B,D,A,H,-,C,A,0,Y,,,,Y,,N,60,1,0,0,0,1,0,0,0,0,"- ","- ",,,"SAN BERNARDINO",FONTANA,-117.43576049804688,34.102870941162109
9710805,2024,2024-10-03,3600,2024-06-24,"535 ",H7621,AP011,1,5,5,3621,0,0,0,,0,AP2,"DALE EVANS PKWY","MORRO RD",334.00,N,N,A,-,N,,,,,,,,,,Y,2,0,1,2,A,-,05,21460,A,N,A,C,A,A,H,-,B,D,0,,,,,Y,,A,01,1,0,0,0,0,0,0,0,0,"- ","- ",,,"SAN BERNARDINO","APPLE VALLEY",-117.20802307128906,34.638580322265625
9711581,2024,2024-08-29,3600,2024-08-05,1404,F3800,YC308,1,5,4,3640,0,0,0,,0,YC2,"CALIFORNIA ST","AVENUE G",437.00,N,N,A,-,N,,,,,,,,,,Y,2,0,1,1,A,-,08,22107,,N,E,I,A,A,H,-,A,D,0,,,,,Y,Y,A,07,1,0,0,0,0,0,0,0,0,"- ","- ",,,"SAN BERNARDINO",YUCAIPA,-117.03668212890625,34.013797760009766
9711705,2024,2024-08-05,3610,2024-06-24,1334,50772,,1,5,6,3610,0,0,0,,0,,"E 21ST ST","NORTH SIERRA WY",0.00,,Y,A,-,N,,,,,,,,,,Y,2,0,2,2,A,-,08,22107,,N,D,C,A,A,H,-,A,A,0,,,,,Y,,A,01,1,0,1,0,0,0,0,0,0,"- ","- ",34.135948181152344,-117.28514099121094,"SAN BERNARDINO","SAN BERNARDINO",-117.28514862060547,34.134056091308594
9714746,2023,2024-07-22,3605,2023-11-23,2223,472,,4,5,4,3605,0,0,0,,0,,"HOLT BL","CENTRAL AV",0.00,,Y,A,-,N,,,,,,,,,,Y,2,0,3,3,A,-,01,23153,G,N,C,C,A,A,H,-,C,A,0,,,,,Y,Y,A,01,1,1,1,0,0,0,0,0,0,"- ","- ",34.063240051269531,-117.68955993652344,"SAN BERNARDINO",MONTCLAIR,-117.68974304199219,34.063137054443359
9714883,2023,2024-07-19,3601,2023-10-28,2058,P39,BARST,6,5,3,3601,0,0,0,,0,PATROL,"EAST MAIN","YUCCA AV",633.00,W,N,A,-,N,,,,,,,,,,N,2,0,1,2,A,-,00,21954,,N,G,B,D,A,H,-,D,D,0,Y,,,,Y,Y,N,60,1,0,0,0,1,0,0,0,0,"- ","- ",34.897590637207031,-117.00897216796875,"SAN BERNARDINO",BARSTOW,-117.00887298583984,34.897251129150391
9718153,2024,2024-07-25,3600,2024-06-13,"512 ",I4860,AP,4,5,5,3621,0,0,0,,0,001,"RT 18","ATNAH RD",173.00,,N,A,-,N,,,,,,,,,,Y,2,0,1,1,A,-,01,23152,A,N,F,A,A,A,H,-,B,D,0,,,,,Y,Y,A,07,1,0,0,0,0,0,0,0,0,"- ","- ",,,"SAN BERNARDINO","APPLE VALLEY",-117.24604034423828,34.536670684814453
9718380,2024,2024-08-13,3600,2024-06-08,1125,H8288,HI010,6,5,4,3618,0,0,0,,0,002,"VICTORIA AV","HIGHLAND AV",0.00,,Y,A,-,N,,,,,,,,,,Y,2,0,1,2,A,-,07,21658,,N,B,C,A,A,H,-,A,A,0,,,Y,,Y,,C,02,1,0,0,0,0,0,0,0,1,"- ","- ",34.134998321533203,-117.22599792480469,"SAN BERNARDINO",HIGHLAND,-117.22620391845703,34.135829925537109
9721009,2024,2024-08-23,3603,2024-07-10,1349,5029,CPD,3,5,4,3603,0,0,0,,0,002,"MT VERNON AV","LA CADENA DR",0.00,,Y,A,-,N,,,,,,,,,,N,2,0,1,2,A,-,03,22350,,F,A,B,D,A,H,-,A,D,0,Y,,Y,,Y,,C,02,1,0,0,0,1,0,0,0,0,"- ","- ",34.073230743408203,-117.35162353515625,"SAN BERNARDINO",COLTON,-117.3138427734375,34.084873199462891
9721980,2024,2024-09-10,3608,2024-07-20,"54  ",5309,RPD,6,5,5,3608,0,0,0,,0,901,"REDLANDS BL","CHURCH ST",32.00,S,N,A,-,N,,,,,,,,,,Y,2,0,1,1,A,-,01,23152,,N,E,I,A,A,H,-,C,A,0,,,,,Y,Y,A,01,1,0,0,0,0,0,0,0,0,"- ","- ",,,"SAN BERNARDINO",REDLANDS,-117.1737060546875,34.0531005859375
9723121,2024,2024-10-09,3600,2024-09-03,"824 ",G6918,VC066,2,5,5,3612,0,0,0,,0,VC5,"AMARGOSA RD","SMOLE TREE RD",0.00,,Y,A,-,N,,,,,,,,,,Y,2,0,2,2,A,-,09,21804,A,N,D,C,A,A,H,-,A,A,0,,,,,Y,,A,01,2,0,0,0,0,0,0,0,0,"- ","- ",34.485111236572266,-117.34674835205078,"SAN BERNARDINO",VICTORVILLE,-117.36943817138672,34.441352844238281
9723794,2024,2024-10-16,3604,2024-09-29,"44  ",1339,,7,5,6,3604,0,0,0,,0,,"SIERRA AV","VALLEY BL",1050.00,S,N,A,-,N,,,,,,,,,,Y,2,0,3,2,A,-,01,23152,A,N,D,C,A,A,H,-,C,A,0,,,,,Y,Y,A,01,2,1,0,0,0,0,0,0,0,"- ","- ",34.070381164550781,-117.43567657470703,"SAN BERNARDINO",FONTANA,-117.43575286865234,34.067501068115234