CASE_ID,ACCIDENT_YEAR,PROC_DATE,JURIS,COLLISION_DATE,COLLISION_TIME,OFFICER_ID,REPORTING_DISTRICT,DAY_OF_WEEK,CHP_SHIFT,POPULATION,CNTY_CITY_LOC,SPECIAL_COND,BEAT_TYPE,CHP_BEAT_TYPE,CITY_DIVISION_LAPD,CHP_BEAT_CLASS,BEAT_NUMBER,PRIMARY_RD,SECONDARY_RD,DISTANCE,DIRECTION,INTERSECTION,WEATHER_1,WEATHER_2,STATE_HWY_IND,CALTRANS_COUNTY,CALTRANS_DISTRICT,STATE_ROUTE,ROUTE_SUFFIX,POSTMILE_PREFIX,POSTMILE,LOCATION_TYPE,RAMP_INTERSECTION,SIDE_OF_HWY,TOW_AWAY,COLLISION_SEVERITY,NUMBER_KILLED,NUMBER_INJURED,PARTY_COUNT,PRIMARY_COLL_FACTOR,PCF_CODE_OF_VIOL,PCF_VIOL_CATEGORY,PCF_VIOLATION,PCF_VIOL_SUBSECTION,HIT_AND_RUN,TYPE_OF_COLLISION,MVIW,PED_ACTION,ROAD_SURFACE,ROAD_COND_1,ROAD_COND_2,LIGHTING,CONTROL_DEVICE,CHP_ROAD_TYPE,PEDESTRIAN_ACCIDENT,BICYCLE_ACCIDENT,MOTORCYCLE_ACCIDENT,TRUCK_ACCIDENT,NOT_PRIVATE_PROPERTY,ALCOHOL_INVOLVED,STWD_VEHTYPE_AT_FAULT,CHP_VEHTYPE_AT_FAULT,COUNT_SEVERE_INJ,COUNT_VISIBLE_INJ,COUNT_COMPLAINT_PAIN,COUNT_PED_KILLED,COUNT_PED_INJURED,COUNT_BICYCLIST_KILLED,COUNT_BICYCLIST_INJURED,COUNT_MC_KILLED,COUNT_MC_INJURED,PRIMARY_RAMP,SECONDARY_RAMP,LATITUDE,LONGITUDE,COUNTY,CITY,POINT_X,POINT_Y
8939219,2019,2019-12-11,3609,2019-11-05,1823,5491,RI184,2,5,5,3609,0,0,0,,0,004,"SAN BERNARDINO AV","RIALTO MARKETPLACE",0.00,,Y,A,-,N,,,,,,,,,,N,1,1,1,3,A,-,10,21950,A,N,G,B,B,A,H,-,C,A,0,Y,,,,Y,,D,22,0,1,0,1,1,0,0,0,0,"- ","- ",,,"SAN BERNARDINO",RIALTO,,
8939231,2019,2021-05-28,3600,2019-09-03,2128,F6907,VC019,2,5,5,3612,0,0,0,,0,VC2,"7TH ST","LACY ST",0.00,,Y,A,-,N,,,,,,,,,,N,1,1,0,2,A,-,11,21954,A,N,G,B,D,A,H,-,C,D,0,Y,,,,Y,,N,60,0,0,0,1,0,0,0,0,0,"- ","- ",,,"SAN BERNARDINO",VICTORVILLE,-117.30229949951172,34.526161193847656
8939234,2019,2019-12-24,3600,2019-09-28,1412,G9464,TW001,6,5,3,3617,0,0,0,,0,TW1,"RT 62","MANTONYA RD",728.00,W,N,A,-,Y,SBD,8,62,-,-,26.540,H,-,W,Y,1,1,2,2,A,-,08,22107,,N,A,C,A,A,H,-,A,A,0,,,,,Y,,A,01,0,0,2,0,0,0,0,0,0,"- ","- ",34.135059356689453,-116.17159271240234,"SAN BERNARDINO","TWENTYNINE PALMS",-116.17066955566406,34.135116577148438
8939241,2019,2019-12-19,3609,2019-08-30,0250,5491,RI155,5,5,5,3609,0,0,0,,0,003,"MERRILL AV","CEDAR AV",70.00,E,N,A,-,N,,,,,,,,,,N,1,1,0,2,A,-,11,21954,A,F,G,B,E,A,H,-,C,D,0,Y,,,,Y,,N,60,0,0,0,1,0,0,0,0,0,"- ","- ",,,"SAN BERNARDINO",RIALTO,-117.39628601074219,34.092239379882812
8939270,2018,2019-12-23,3607,2018-05-03,0523,80483,255,4,5,6,3607,0,0,0,,0,062,"CAMPUS AV","WALNUT ST",12.00,S,N,A,-,N,,,,,,,,,,Y,1,1,0,2,A,-,12,22450,A,N,G,B,B,A,H,-,B,A,0,Y,,,,Y,,A,01,0,0,0,1,0,0,0,0,0,"- ","- ",,,"SAN BERNARDINO",ONTARIO,-117.64144897460938,34.026557922363281
8939338,2019,2019-10-22,3600,2019-09-30,1629,G9467,AP003,1,5,5,3621,0,0,0,,0,AP1,"RIMROCK RD EAST","SERRANO RD",117.00,N,N,A,-,N,,,,,,,,,,Y,1,1,0,1,A,-,03,22350,,N,F,I,A,A,H,-,A,D,0,,,,,Y,,A,01,0,0,0,0,0,0,0,0,0,"- ","- ",,,"SAN BERNARDINO","APPLE VALLEY",-117.23323059082031,34.535541534423828
8939358,2019,2019-11-05,3600,2019-05-13,1809,C9392,RC046,1,5,6,3616,0,0,0,,0,RC1,"CARNELIAN ST","SOMERSET DR",0.00,,Y,A,-,N,,,,,,,,,,Y,1,1,2,2,A,-,09,21802,A,N,D,C,A,A,H,-,A,A,0,,,,,Y,,A,01,0,0,2,0,0,0,0,0,0,"- ","- ",,,"SAN BERNARDINO","RANCHO CUCAMONGA",-117.61627960205078,34.137760162353516
8939365,2019,2019-11-06,3600,2019-08-02,2250,F3794,VC048,5,5,5,3612,0,0,0,,0,VC6,"VILLAGE DR","OCEANSIDE DR",62.00,E,N,A,-,N,,,,,,,,,,N,1,1,0,2,A,-,00,21954,,N,G,B,E,A,H,-,C,D,0,Y,,,,Y,,N,60,0,0,0,1,0,0,0,0,0,"- ","- ",,,"SAN BERNARDINO",VICTORVILLE,-117.32555389404297,34.543380737304688
8939383,2019,2021-05-25,3600,2019-05-04,1930,D2561,VC004,6,5,5,3612,0,0,0,,0,VC3,"NISQUALLI RD","ARROWHEAD DR",0.00,,Y,A,-,N,,,,,,,,,,Y,1,1,0,2,A,-,01,23152,G,N,C,C,A,A,H,-,B,A,0,,,Y,,Y,Y,A,07,0,0,0,0,0,0,0,1,0,"- ","- ",,,"SAN BERNARDINO",VICTORVILLE,-117.31242370605469,34.485298156738281
8939510,2018,2020-01-28,3607,2018-11-12,0928,15060,216,1,5,6,3607,0,0,0,,0,042,"PHILADELPHIA ST","ROCHESTER AV",0.00,,Y,G,-,N,,,,,,,,,,Y,1,1,3,2,A,-,01,23153,F,N,D,C,A,A,H,-,A,A,0,,,,,Y,,A,01,3,0,0,0,0,0,0,0,0,"- ","- ",,,"SAN BERNARDINO",ONTARIO,-117.55110168457031,34.033420562744141
8939537,2019,2021-06-02,3600,2019-09-20,2347,E2055,HE125,5,5,5,3619,0,0,0,,0,HE1,"HESPERIA RD","LEMON ST",945.00,S,N,A,-,N,,,,,,,,,,Y,1,1,0,1,A,-,07,21658,A,N,E,I,A,A,H,-,D,A,0,,,,,Y,Y,A,01,0,0,0,0,0,0,0,0,0,"- ","- ",,,"SAN BERNARDINO",HESPERIA,-117.29778289794922,34.441909790039062
8939596,2019,2021-06-02,3600,2019-09-26,1805,C4462,VC068,4,5,5,3612,0,0,0,,0,VC3,"BEAR VALLEY RD","MARIPOSA RD",0.00,,Y,A,-,N,,,,,,,,,,N,1,1,0,2,A,-,11,21954,A,N,G,B,D,A,H,-,B,A,0,Y,,,,Y,Y,N,60,0,0,0,1,0,0,0,0,0,"- ","- ",,,"SAN BERNARDINO",VICTORVILLE,-117.34287261962891,34.470451354980469
8939650,2019,2020-03-09,3610,2019-12-24,2010,50808,,2,5,6,3610,0,0,0,,0,ADAM,"N RANCHO AV","FOOTHILL BL",495.00,S,N,B,-,N,,,,,,,,,,N,1,1,0,2,A,-,11,21956,,F,G,B,E,A,H,-,C,D,0,Y,,,,Y,,N,60,0,0,0,1,0,0,0,0,0,"- ","- ",34.106708526611328,-117.33402252197266,"SAN BERNARDINO","SAN BERNARDINO",-117.33290100097656,34.106143951416016
8939670,2019,2020-03-13,3600,2019-11-21,0438,F7786,RC001,4,5,6,3616,0,0,0,,0,RC6,"ETIWANDA AV","WELLS ST",0.00,,Y,A,-,N,,,,,,,,,,Y,1,1,0,2,A,-,11,21954,A,N,G,B,E,B,H,-,C,D,0,Y,,,,Y,,N,60,0,0,0,1,0,0,0,0,0,"- ","- ",,,"SAN BERNARDINO","RANCHO CUCAMONGA",-117.523984,34.081122000000001
8939676,2019,2020-03-13,3603,2019-11-28,2121,CL4974,CPD,4,5,4,3603,0,0,0,,0,004,"E WASHINGTON ST","MEADOW LN",254.00,W,N,C,-,N,,,,,,,,,,Y,1,1,0,2,A,-,11,21954,A,N,G,B,D,B,H,-,C,A,0,Y,,,,Y,,N,60,0,0,0,1,0,0,0,0,0,"- ","- ",34.048419952392578,-117.29940795898438,"SAN BERNARDINO",COLTON,-117.30026245117188,34.048408508300781
8939685,2023,2025-06-28,3600,2023-11-28,1751,G6192,AP010,2,5,5,3621,0,0,0,,0,AP3,"BEAR VALLEY RD","IROQUOIS RD",22.00,W,N,A,-,N,,,,,,,,,,N,1,1,0,2,A,-,11,21954,A,N,G,B,D,A,H,-,D,D,0,Y,,,,Y,Y,N,60,0,0,0,1,0,0,0,0,0,"- ","- ",,,"SAN BERNARDINO","APPLE VALLEY",-117.21331024169922,34.471408843994141
8939756,2023,2024-03-29,3600,2023-12-19,1813,I1592,VC057,2,5,5,3612,0,0,0,,0,VC5,"RT 18","EL EVADO RD",0.00,,Y,A,-,Y,SBD,8,18,-,-,97.946,I,5,N,N,1,1,0,2,A,-,11,21954,A,N,G,B,D,A,H,-,C,A,0,Y,,,,Y,,N,60,0,0,0,1,0,0,0,0,0,"- ","- ",34.506759643554688,-117.34652709960938,"SAN BERNARDINO",VICTORVILLE,-117.34677886962891,34.506793975830078
8957820,2019,2019-10-16,3604,2019-08-27,2010,1163,,2,5,6,3604,0,0,0,,0,,"AVENS LN","SULTANA AV",0.00,,Y,A,-,N,,,,,,,,,,N,2,0,1,2,A,-,11,21954,A,N,G,B,D,A,H,-,C,A,0,Y,,,,Y,,N,60,1,0,0,0,1,0,0,0,0,"- ","- ",,,"SAN BERNARDINO",FONTANA,-117.46894073486328,34.109691619873047
8979004,2019,2019-12-10,3604,2019-10-06,0220,1286,,7,5,6,3604,0,0,0,,0,002,MANGO,"FERN ST",0.00,,Y,A,-,N,,,,,,,,,,Y,2,0,1,2,A,-,09,21802,A,F,D,C,A,A,H,-,C,A,0,,,,,Y,,A,01,1,0,0,0,0,0,0,0,0,"- ","- ",,,"SAN BERNARDINO",FONTANA,-117.43171691894531,34.126209259033203
8982334,2019,2019-12-12,3610,2019-10-30,2056,51166,,3,5,6,3610,0,0,0,,0,POLICE,"N GOLDEN AVE","E DATE ST",0.00,,Y,A,-,N,,,,,,,,,,Y,2,0,2,2,A,-,09,21802,B,N,D,C,A,A,H,-,C,D,0,,,,,Y,,A,01,1,0,1,0,0,0,0,0,0,"- ","- ",34.141441345214844,-117.26109313964844,"SAN BERNARDINO","SAN BERNARDINO",-117.26112365722656,34.141281127929688
8983482,2019,2020-01-27,3605,2019-11-13,0451,396,,3,5,4,3605,0,0,0,,0,,"KINGSLEY ST","W E L POULSEN AV",47.00,W,N,A,-,N,,,,,,,,,,Y,2,0,1,3,A,-,09,21804,A,N,D,C,A,A,H,-,C,D,0,,,Y,,Y,,C,02,1,0,0,0,0,0,0,0,1,"- ","- ",,,"SAN BERNARDINO",MONTCLAIR,-117.69136810302734,34.066722869873047
8984501,2018,2019-12-07,3607,2018-05-03,1000,80536,66,4,5,6,3607,0,0,0,,0,032,"4TH ST","RT 10",0.00,,Y,A,-,Y,,,,,,,,,,N,2,0,1,2,A,-,12,21453,A,N,D,C,A,A,H,-,A,A,0,,,,,Y,,A,01,1,0,0,0,0,0,0,0,0,"- ",EO,,,"SAN BERNARDINO",ONTARIO,-117.62358856201172,34.077629089355469
8984863,2019,2019-12-31,3600,2019-10-27,2119,G6208,AP007,7,5,5,3621,0,0,0,,0,AP2,"TONIKAN RD","TONIKAN RD 14794",0.00,,-,A,-,N,,,,,,,,,,Y,2,0,1,2,A,-,03,22350,,N,E,E,A,A,H,-,D,A,0,,,Y,,Y,,C,02,1,0,0,0,0,0,0,0,1,"- ","- ",,,"SAN BERNARDINO","APPLE VALLEY",-117.177735,34.520482999999999
8991851,2019,2020-02-13,3607,2019-03-11,1033,800483,131,1,5,6,3607,0,0,0,,0,022,"HOLT BL","GROVE AV",15.00,W,N,A,-,N,,,,,,,,,,,2,0,1,2,A,-,12,21453,A,N,D,G,A,A,H,-,A,A,0,,Y,,,Y,,L,04,1,0,0,0,0,0,1,0,0,"- ","- ",,,"SAN BERNARDINO",ONTARIO,-117.62854766845703,34.063419342041016
8992141,2019,2020-06-30,3607,2019-02-23,1809,80418,248,6,5,6,3607,0,0,0,,0,071,"RT 60","GROVE AV",0.00,,Y,A,-,Y,SBD,8,60,-,R,6.066,R,1,W,N,2,0,1,2,A,-,11,21950,B,N,G,B,B,A,H,-,C,A,0,Y,,,,Y,Y,N,60,1,0,0,0,1,0,0,0,0,"- ","- ",,,"SAN BERNARDINO",ONTARIO,-117.62829499999999,34.031162999999999
8997615,2018,2019-12-23,3607,2018-10-31,1512,80310,620,3,5,6,3607,0,0,0,,0,082,"EDISON AV","GROVE AV",900.00,E,N,A,-,N,,,,,,,,,,Y,2,0,2,3,A,-,03,22350,,N,C,C,A,A,H,-,A,D,0,,,,,Y,,D,22,2,0,0,0,0,0,0,0,0,"- ","- ",,,"SAN BERNARDINO",ONTARIO,-117.62514495849609,33.997695922851562
8999243,2018,2019-12-10,3607,2018-04-12,2025,80508,11,4,5,6,3607,0,0,0,,0,042,"4TH ST","GRANITE AV",100.00,W,N,A,-,N,,,,,,,,,,Y,2,0,1,2,A,-,11,21954,A,N,G,B,D,A,H,-,C,D,0,Y,,,,Y,Y,N,60,1,0,0,0,1,0,0,0,0,"- ","- ",,,"SAN BERNARDINO",ONTARIO,-117.66339874267578,34.077880859375
8999277,2018,2019-12-11,3607,2018-04-10,1349,19844,,2,5,6,3607,0,0,0,,0,,"AIRPORT RD","GROVE AV",1584.00,E,N,A,-,N,,,,,,,,,,N,2,0,1,1,A,-,03,22350,,N,H,I,A,A,H,-,A,D,0,,,Y,,Y,,C,02,1,0,0,0,0,0,0,0,1,"- ","- ",,,"SAN BERNARDINO",ONTARIO,-117.62387847900391,34.061649322509766
8999808,2018,2019-12-12,3607,2018-09-07,2302,80521,75,5,5,6,3607,0,0,0,,0,041,"4TH ST","HAVEN AV",0.00,,Y,A,-,N,,,,,,,,,,Y,2,0,2,2,A,-,01,23153,A,N,D,C,A,A,H,-,C,A,0,,,,,Y,Y,A,01,2,0,0,0,0,0,0,0,0,"- ","- ",,,"SAN BERNARDINO",ONTARIO,-117.57581329345703,34.077461242675781
8999848,2018,2019-12-11,3607,2018-01-08,0821,80492,85,1,5,6,3607,0,0,0,,0,011,"MOUNTAIN AV","H ST",50.00,N,N,C,-,N,,,,,,,,,,Y,2,0,1,1,A,-,08,22107,,N,E,I,A,B,H,-,A,D,0,,,,,Y,,A,01,1,0,0,0,0,0,0,0,0,"- ","- ",,,"SAN BERNARDINO",ONTARIO,-117.67008972167969,34.072517395019531
8999931,2018,2019-12-11,3607,2018-02-26,1829,80550,66,1,5,6,3607,0,0,0,,0,032,"4TH ST","EL DORADO AV",200.00,W,N,A,-,N,,,,,,,,,,Y,2,0,1,2,C,-,18,,,N,C,C,A,A,H,-,C,A,0,,,,,Y,,-,"- ",1,0,0,0,0,0,0,0,0,"- ","- ",,,"SAN BERNARDINO",ONTARIO,-117.62574768066406,34.077659606933594
8999957,2018,2019-12-10,3607,2018-11-18,2150,15060,139,7,5,6,3607,0,0,0,,0,032,"VINEYARD AV","HOLT BL",0.00,,Y,A,-,N,,,,,,,,,,Y,2,0,3,2,A,-,12,21453,A,N,D,C,A,A,H,-,C,A,0,,,Y,,Y,Y,C,02,1,0,2,0,0,0,0,0,1,"- ","- ",,,"SAN BERNARDINO",ONTARIO,-117.61099243164062,34.063610076904297
9001279,2019,2019-12-14,3607,2019-05-05,1351,20212,183,7,5,6,3607,0,0,0,,0,051,"MAITLAND ST","VINE AV",900.00,E,N,A,-,N,,,,,,,,,,N,2,0,1,1,A,-,03,22350,,N,E,I,A,A,H,-,A,D,0,,,Y,,Y,,C,06,1,0,0,0,0,0,0,0,1,"- ","- ",,,"SAN BERNARDINO",ONTARIO,-117.65288543701172,34.053565979003906
9002890,2018,2019-12-18,3607,2018-11-16,1736,20099,51,5,5,6,3607,0,0,0,,0,031,"4TH ST","ORANGE AV",50.00,E,N,A,-,N,,,,,,,,,,N,2,0,1,2,A,-,11,21954,A,N,G,B,D,A,H,-,C,D,0,Y,,,,Y,,N,60,1,0,0,0,1,0,0,0,0,"- ","- ",,,"SAN BERNARDINO",ONTARIO,-117.61446380615234,34.077598571777344
90036489,2015,2015-10-22,9855,2015-10-04,0126,020460,,7,3,6,3604,0,1,1,,2,101,"I-10 E/B (SAN BERNARDINO FWY)","CHERRY AVENUE",312.00,E,N,A,-,Y,,,10,,,,,,E,Y,2,0,2,2,A,-,01,23152,A,N,C,C,A,A,H,-,C,D,0,,,,Y,Y,Y,A,01,1,0,1,0,0,0,0,0,0,"- ","- ",34.065860000000001,-117.48712,"SAN BERNARDINO",FONTANA,-117.48711388,34.066017950000003
90042513,2015,2015-11-02,9855,2015-10-07,0455,015461,,3,3,5,3602,0,1,3,,2,603,"SR-60 E/B (POMONA FWY)","CENTRAL AVE.",150.00,W,N,A,-,Y,,,60,,,,,,E,Y,2,0,2,2,A,-,07,21658,A,N,B,C,A,A,H,-,D,D,0,,,Y,,Y,,-,"- ",2,0,0,0,0,0,0,0,1,"- ","- ",34.030250000000002,-117.68993,"SAN BERNARDINO",CHINO,-117.68992922,34.030193070000003
90046122,2015,2016-03-02,9850,2015-10-27,0611,017237,,2,1,9,3600,0,1,1,,2,084,"I-15 SOUTHBOUND","DALE EVANS PKWY.",5808.00,N,N,A,-,Y,,,15,,,,,,S,Y,2,0,1,1,A,-,08,22107,,N,E,I,A,A,H,-,D,D,0,,,,,Y,,J,48,1,0,0,0,0,0,0,0,0,"- ","- ",34.66019,-117.2124,"SAN BERNARDINO",UNINCORPORATED,-117.21243004,34.660198620000003
90049334,2015,2015-11-12,9855,2015-10-22,0600,012923,,4,1,6,3607,0,1,1,,2,101,"I-10 W/B (SAN BERNARDINO FWY)","FOURTH ST.",985.00,W,N,A,-,Y,,,10,,,,,,W,N,2,0,1,3,A,-,07,21658,A,N,B,C,A,A,H,-,D,D,0,,,Y,,Y,,A,01,1,0,0,0,0,0,0,0,1,"- ","- ",34.079529999999998,-117.62656,"SAN BERNARDINO",ONTARIO,-117.62651475,34.079608520000001
90051304,2015,2015-11-16,9860,2015-11-05,1430,016738,,4,2,9,3600,0,3,5,,2,004,"LOCUST AVE. N/B","MINDANAO ST.",125.00,N,N,A,-,N,,,,,,,,,,Y,2,0,1,1,A,-,08,22107,,N,E,I,A,A,H,-,A,D,0,,,,,Y,,D,22,1,0,0,0,0,0,0,0,0,"- ","- ",34.060470000000002,-117.40942,"SAN BERNARDINO",UNINCORPORATED,-117.40947416,34.06020247
90061075,2015,2015-11-30,9835,2015-11-21,1043,021160,,6,1,9,3600,0,1,1,,2,045,"I-40 E/B","LAVIC RD",16474.00,E,N,A,-,Y,,,40,,,,,,E,Y,2,0,1,1,A,-,08,22107,,N,F,A,A,A,H,-,A,D,0,,,,,Y,,A,01,1,0,0,0,0,0,0,0,0,"- ","- ",34.729340000000001,-116.26947,"SAN BERNARDINO",UNINCORPORATED,-116.26945675,34.72945473
9006180,2019,2020-01-10,3603,2019-11-29,2219,4819,CPD,5,5,4,3603,0,0,0,,0,004,"WASHINGTON ST","MEADOW LN",200.00,W,N,A,-,N,,,,,,,,,,N,2,0,1,2,A,-,11,21955,,N,G,B,D,A,H,-,C,D,0,Y,,,,Y,,N,60,1,0,0,0,1,0,0,0,0,"- ","- ",,,"SAN BERNARDINO",COLTON,-117.30008697509766,34.048408508300781
90061804,2015,2015-11-30,9860,2015-11-08,2200,020135,,7,3,6,3610,0,1,1,,2,202,"SR-210 W/B","WATERMAN AVE.",528.00,W,N,A,-,Y,,,210,,,,,,W,Y,2,0,1,2,A,-,03,22350,,N,C,C,A,A,H,-,A,D,0,,,,,Y,,A,01,1,0,0,0,0,0,0,0,0,"- ","- ",34.145420000000001,-117.28126,"SAN BERNARDINO","SAN BERNARDINO",-117.28126116999999,34.145391660000001
90068819,2015,2015-12-09,9835,2015-10-27,0455,017101,,2,3,9,3600,0,1,1,,2,075,"I-15 N/B","HALLORAN SPRINGS ROAD",7392.00,S,N,A,-,Y,,,15,,,,,,N,Y,1,1,0,1,A,-,08,22107,,N,F,A,A,A,H,-,D,D,0,,,,,Y,,D,22,0,0,0,0,0,0,0,0,0,"- ","- ",35.364539999999998,-115.9175,"SAN BERNARDINO",UNINCORPORATED,-115.91753874,35.364601620000002
9007321,2019,2019-12-14,3607,2019-01-17,2050,80184,660,4,5,6,3607,0,0,0,,0,,"ONTARIO RANCH RD","TURNER AV",0.00,,Y,C,-,N,,,,,,,,,,Y,2,0,2,2,A,-,09,21801,A,N,-,C,A,B,H,-,C,A,0,,,,,Y,,A,01,1,1,0,0,0,0,0,0,0,"- ","- ",,,"SAN BERNARDINO",ONTARIO,-117.58423999999999,33.997329999999998
90073291,2015,2015-12-15,9835,2015-12-04,1545,017724,,5,2,9,3600,0,3,5,,2,032,"NATIONAL TRAILS HIGHWAY","VISTA ROAD",8448.00,E,N,A,-,N,,,,,,,,,,Y,2,0,4,1,A,-,08,22107,,N,F,A,A,A,H,-,A,D,0,,,,,Y,,A,07,1,0,3,0,0,0,0,0,0,"- ","- ",34.750529999999998,-117.31259,"SAN BERNARDINO",UNINCORPORATED,-117.31339473,34.750515290000003
90076685,2015,2015-12-17,9860,2015-09-17,0606,019725,,4,1,9,3600,0,1,3,,1,012,"STATE ROUTE 138","WIMMER ROAD",132.00,E,N,A,-,Y,,,138,,,,,,,N,1,1,0,2,A,-,11,21954,A,N,G,B,D,A,D,-,D,D,0,Y,,,,Y,,N,60,0,0,0,1,0,0,0,0,0,"- ","- ",34.326140000000002,-117.51524999999999,"SAN BERNARDINO",UNINCORPORATED,-117.51523038000001,34.326171860000002
90080326,2015,2015-12-22,9835,2015-12-10,0034,020992,,4,3,3,3601,0,1,3,,1,012,"SR-58 W/B","MAIN ST",686.00,E,N,A,-,Y,,,58,,,,,,W,Y,2,0,1,1,A,-,01,23152,A,N,F,A,A,A,H,-,C,D,0,,,,,Y,Y,A,01,1,0,0,0,0,0,0,0,0,"- ","- ",34.881709999999998,-117.08731,"SAN BERNARDINO",BARSTOW,-117.08744339,34.88157665
90088396,2015,2016-01-05,9865,2015-12-23,1545,014696,,3,2,9,3600,0,1,3,,2,011,SR-18,SR-189,115.00,S,N,E,-,Y,,,18,,,,,,,Y,2,0,1,1,A,-,08,22107,,N,E,I,A,A,H,-,A,D,0,,,,,Y,,A,07,1,0,0,0,0,0,0,0,0,"- ","- ",34.227670000000003,-117.25239000000001,"SAN BERNARDINO",UNINCORPORATED,-117.25244761,34.22782385
90095926,2015,2016-01-15,9860,2015-12-30,1828,016658,,3,2,4,3640,0,1,1,,2,106,"I-10 W/B","LIVE OAK CANYON RD O/C",5808.00,E,N,A,-,Y,,,10,,,,,,W,Y,2,0,1,3,A,-,07,21658,A,F,B,C,A,A,A,H,D,D,0,,,,Y,Y,,A,07,1,0,0,0,0,0,0,0,0,"- ","- ",34.013359999999999,-117.07782,"SAN BERNARDINO",YUCAIPA,-117.07779939,34.013453200000001
90099493,2016,2016-01-21,9850,2016-01-13,2000,021142,,3,2,9,3600,0,2,4,,2,066,"PHELAN ROAD","BALDY MESA ROAD",400.00,W,N,A,-,N,,,,,,,,,,N,2,0,1,2,D,-,00,,,F,G,B,E,A,H,-,D,D,0,Y,,,,Y,,-,"- ",1,0,0,0,1,0,0,0,0,"- ","- ",34.426639999999999,-117.45247000000001,"SAN BERNARDINO",UNINCORPORATED,-117.45231261000001,34.426515479999999
90101227,2016,2016-01-25,9860,2016-01-16,0707,019321,,6,1,6,3610,0,1,3,,2,259,"SR-259 N/B","HIGHLAND AVE",290.00,S,N,A,-,Y,,,259,,,,,,N,Y,2,0,3,1,A,-,08,22107,,F,E,I,A,A,H,-,A,D,0,,,,,Y,,A,01,3,0,0,0,0,0,0,0,0,"- ","- ",34.135080000000002,-117.30249000000001,"SAN BERNARDINO","SAN BERNARDINO",-117.30259968999999,34.13508496
90103860,2016,2016-01-27,9865,2016-01-17,1530,019929,,7,2,9,3600,0,1,3,,2,020,SR-330,1N09,4224.00,S,N,A,-,Y,,,330,,,,,,,Y,2,0,1,1,C,-,18,,,N,E,I,A,A,H,-,A,D,0,,,,,Y,,-,"- ",1,0,0,0,0,0,0,0,0,"- ","- ",34.182569999999998,-117.16727,"SAN BERNARDINO",UNINCORPORATED,-117.16731525,34.182520719999999
90104680,2016,2016-01-28,9865,2016-01-06,0240,018232,,3,3,9,3600,0,3,5,,2,001,"BIRCHWOOD DR","PINEWOOD DR",316.00,S,N,D,-,N,,,,,,,,,,Y,2,0,1,1,A,-,03,22350,,F,E,I,A,C,G,-,D,D,0,,,,,Y,Y,A,07,1,0,0,0,0,0,0,0,0,"- ","- ",34.253140000000002,-117.20428,"SAN BERNARDINO",UNINCORPORATED,-117.20432793000001,34.253129270000002
90110769,2016,2016-02-08,9855,2016-01-15,0720,014366,,5,1,5,3630,1,1,3,,2,071,"SR-71 S/B (CHINO FWY)","PINE AVE.",1820.00,S,N,A,-,Y,,,,,,,,,,Y,1,1,1,3,A,-,03,22350,,N,C,C,A,A,H,-,A,D,0,,,,,Y,,A,01,0,0,1,0,0,0,0,0,0,"- ","- ",,,"SAN BERNARDINO","CHINO HILLS",-117.67142948,33.943655309999997
90111316,2016,2016-02-08,9834,2016-02-04,0640,018054,,4,1,9,3600,0,1,3,,1,066,SR-62,US-95,27456.00,E,N,A,-,Y,,,62,,,,,,,Y,2,0,2,2,A,-,08,22107,,N,B,C,A,A,H,-,A,D,0,,,,Y,Y,,A,01,1,1,0,0,0,0,0,0,0,"- ","- ",34.19379,-114.48389,"SAN BERNARDINO",UNINCORPORATED,-114.48389828000001,34.193743490000003
90112665,2016,2016-02-10,9865,2016-01-31,1800,020115,,7,2,9,3600,0,1,3,,2,020,SR-330,"USFS RD 1N09",6336.00,S,N,C,E,Y,,,330,,,,,,,Y,2,0,1,1,A,-,01,23152,A,N,E,I,A,B,H,-,D,D,0,,,,,Y,Y,A,01,1,0,0,0,0,0,0,0,0,"- ","- ",34.180770000000003,-117.16539,"SAN BERNARDINO",UNINCORPORATED,-117.16531632,34.180964830000001
90115115,2016,2016-02-15,9860,2016-02-12,1720,020387,,5,2,4,3603,0,1,1,,2,214,"I-215 N/B","SANTA FE R/R O/C",590.00,N,N,A,-,Y,,,215,,,,,,N,N,2,0,1,2,A,-,07,21658,A,N,B,C,A,A,H,-,D,D,0,,,Y,,Y,,C,02,1,0,0,0,0,0,0,0,1,"- ","- ",34.027700000000003,-117.33175,"SAN BERNARDINO",COLTON,-117.33177661000001,34.027728740000001
90116712,2016,2016-02-17,9850,2016-02-01,0405,017775,,1,3,5,3619,0,1,1,,2,081,"I-15 S/B","RANCHERO ROAD",107.00,S,N,B,-,Y,,,15,,,,,,S,N,1,1,0,2,A,-,11,21954,A,N,G,B,E,B,H,-,C,D,0,Y,,,,Y,,N,60,0,0,0,1,0,0,0,0,0,"- ","- ",34.382599999999996,-117.41582,"SAN BERNARDINO",HESPERIA,-117.41585855,34.3826313
90124799,2016,2016-02-29,9860,2016-02-18,1745,020626,,4,2,6,3610,0,1,1,,2,104,"I-10 W/B","TIPPECANOE AVE",2000.00,W,N,A,-,Y,,,10,,,,,,W,Y,2,0,3,5,A,-,03,22350,,N,C,C,A,A,H,-,B,D,0,,,,,Y,,D,22,1,0,2,0,0,0,0,0,0,"- ","- ",34.064050000000002,-117.26788000000001,"SAN BERNARDINO","SAN BERNARDINO",-117.26787906,34.063955470000003
90124963,2016,2016-02-29,9860,2016-02-19,1630,019251,,5,2,4,3603,0,1,1,,2,103,"I-10 E/B","9TH ST",1584.00,W,N,A,-,Y,,,10,,,,,,E,Y,2,0,3,2,A,-,03,22350,,N,B,C,A,A,H,-,A,D,0,,,Y,,Y,,C,02,1,0,2,0,0,0,0,0,1,"- ","- ",34.06579,-117.32841000000001,"SAN BERNARDINO",COLTON,-117.32840516,34.06614312