CASE_ID,ACCIDENT_YEAR,PROC_DATE,JURIS,COLLISION_DATE,COLLISION_TIME,OFFICER_ID,REPORTING_DISTRICT,DAY_OF_WEEK,CHP_SHIFT,POPULATION,CNTY_CITY_LOC,SPECIAL_COND,BEAT_TYPE,CHP_BEAT_TYPE,CITY_DIVISION_LAPD,CHP_BEAT_CLASS,BEAT_NUMBER,PRIMARY_RD,SECONDARY_RD,DISTANCE,DIRECTION,INTERSECTION,WEATHER_1,WEATHER_2,STATE_HWY_IND,CALTRANS_COUNTY,CALTRANS_DISTRICT,STATE_ROUTE,ROUTE_SUFFIX,POSTMILE_PREFIX,POSTMILE,LOCATION_TYPE,RAMP_INTERSECTION,SIDE_OF_HWY,TOW_AWAY,COLLISION_SEVERITY,NUMBER_KILLED,NUMBER_INJURED,PARTY_COUNT,PRIMARY_COLL_FACTOR,PCF_CODE_OF_VIOL,PCF_VIOL_CATEGORY,PCF_VIOLATION,PCF_VIOL_SUBSECTION,HIT_AND_RUN,TYPE_OF_COLLISION,MVIW,PED_ACTION,ROAD_SURFACE,ROAD_COND_1,ROAD_COND_2,LIGHTING,CONTROL_DEVICE,CHP_ROAD_TYPE,PEDESTRIAN_ACCIDENT,BICYCLE_ACCIDENT,MOTORCYCLE_ACCIDENT,TRUCK_ACCIDENT,NOT_PRIVATE_PROPERTY,ALCOHOL_INVOLVED,STWD_VEHTYPE_AT_FAULT,CHP_VEHTYPE_AT_FAULT,COUNT_SEVERE_INJ,COUNT_VISIBLE_INJ,COUNT_COMPLAINT_PAIN,COUNT_PED_KILLED,COUNT_PED_INJURED,COUNT_BICYCLIST_KILLED,COUNT_BICYCLIST_INJURED,COUNT_MC_KILLED,COUNT_MC_INJURED,PRIMARY_RAMP,SECONDARY_RAMP,LATITUDE,LONGITUDE,COUNTY,CITY,POINT_X,POINT_Y
9051735,2019,2020-03-03,3607,2019-06-03,1310,20219,,1,5,6,3607,0,0,0,,0,051,"STATE ST","BENSON AV",0.00,,Y,A,-,N,,,,,,,,,,N,2,0,3,2,A,-,09,21801,A,N,D,C,A,A,H,-,A,D,0,,,,,Y,,A,01,2,0,1,0,0,0,0,0,0,"- ","- ",,,"SAN BERNARDINO",ONTARIO,-117.68087005615234,34.059841156005859
90518417,2017,2017-08-08,9835,2017-06-24,1410,020743,,6,2,9,3600,0,3,5,,2,037,"AMBOY RD","NATIONAL TRAILS HWY",4224.00,S,N,A,-,N,,,,,,,,,,Y,1,1,0,1,A,-,08,22107,,N,E,J,A,A,H,-,A,D,0,,,Y,,Y,,C,02,0,0,0,0,0,0,0,1,0,"- ","- ",34.551270000000002,-115.74630999999999,"SAN BERNARDINO",UNINCORPORATED,-115.74551516,34.549744179999998
90518745,2017,2017-08-08,9850,2017-07-29,1243,021758,,6,1,5,3619,0,1,1,,2,082,"INTERSTATE 15 N/B","MAIN ST",1056.00,N,N,A,-,Y,,,15,,,,,,N,N,2,0,1,1,C,-,18,,,N,H,A,A,A,H,-,A,D,0,,,Y,,Y,,-,"- ",1,0,0,0,0,0,0,0,1,"- ","- ",34.433599999999998,-117.3747,"SAN BERNARDINO",HESPERIA,-117.37481385,34.43368942
90521153,2017,2017-08-10,9860,2017-07-27,0947,012988,,4,1,9,3600,0,1,1,,2,152,"I-15 SOUTHBOUND",SR-138,5808.00,N,N,A,-,Y,,,15,,,,,,S,Y,2,0,3,4,A,-,08,22107,,N,B,C,A,A,H,-,A,D,0,,,Y,,Y,,A,01,2,1,0,0,0,0,0,0,2,"- ","- ",34.326569999999997,-117.4824,"SAN BERNARDINO",UNINCORPORATED,-117.48239859,34.326570009999998
90526795,2017,2017-08-21,9865,2017-08-12,2230,018392,,6,3,9,3600,0,1,3,,1,010,SR-18,"MORMON RD",3696.00,S,N,A,-,Y,,,18,,,,,,,N,2,0,1,1,A,-,03,22350,,N,F,A,A,A,H,-,D,D,0,,,Y,,Y,,C,02,1,0,0,0,0,0,0,0,1,"- ","- ",34.226489999999998,-117.30079000000001,"SAN BERNARDINO",UNINCORPORATED,-117.30083343,34.226546040000002
90527719,2017,2017-08-21,9850,2017-07-28,1251,019189,,5,1,9,3600,0,1,3,,2,060,SR-138,"BEEKLEY ROAD",166.00,E,N,A,-,Y,,,138,,,,,,,Y,1,1,2,4,A,-,03,22350,,N,C,C,A,A,H,-,A,A,0,,,,,Y,,A,01,1,0,1,0,0,0,0,0,0,"- ","- ",34.411470000000001,-117.58906,"SAN BERNARDINO",UNINCORPORATED,-117.58906574,34.411457919999997
90534962,2017,2017-08-28,9860,2017-07-08,1428,017018,,6,2,5,3608,0,1,1,,2,105,"INTERSTATE 10 WESTBOUND","NEW YORK STREET",34.00,W,N,A,-,Y,,,10,,,,,,W,Y,1,1,0,3,A,-,08,22107,,N,C,E,E,A,H,-,A,D,0,Y,,,Y,Y,,F,55,0,0,0,1,0,0,0,0,0,"- ","- ",34.063189999999999,-117.19591,"SAN BERNARDINO",REDLANDS,-117.19597929,34.063069839999997
90542695,2017,2017-09-07,9865,2017-09-03,0855,019318,,7,1,9,3600,0,1,3,,1,030,SR-18,"GLORY RIDGE RD",4224.00,S,N,A,-,Y,,,18,,,,,,,Y,2,0,2,2,A,-,03,22350,,N,F,A,A,A,H,-,A,D,0,,,Y,,Y,,C,02,1,1,0,0,0,0,0,0,1,"- ","- ",34.248249999999999,-117.01591999999999,"SAN BERNARDINO",UNINCORPORATED,-117.01592439,34.24829828
90543126,2017,2017-09-07,9835,2017-08-31,0750,020743,,4,1,9,3600,0,1,1,,2,074,"I-15 N/B","RASOR RD",1056.00,S,N,B,C,Y,,,15,,,,,,N,Y,2,0,2,1,A,-,03,22350,,N,F,A,A,B,H,-,A,D,0,,,,,Y,,A,07,1,0,1,0,0,0,0,0,0,"- ","- ",35.131979999999999,-116.21303,"SAN BERNARDINO",UNINCORPORATED,-116.21298131,35.131929130000003
90550082,2017,2018-02-09,9860,2017-09-16,1531,020346,,6,2,4,3603,0,1,1,,2,102,"I-10 E/B","RIVERSIDE AVE",1500.00,E,N,A,-,Y,,,10,,,,,,E,Y,2,0,3,2,A,-,07,21658,A,N,D,C,A,A,H,-,A,D,0,,,,,Y,,A,01,2,1,0,0,0,0,0,0,0,"- ","- ",34.068890000000003,-117.36078999999999,"SAN BERNARDINO",COLTON,-117.36078649,34.068780699999998
90555741,2017,2017-09-26,9865,2017-09-19,2030,021720,,2,2,9,3600,0,1,3,,2,020,SR-330,"FORREST SERVICE ROAD 1N09",7392.00,N,N,A,-,Y,,,330,,,,,,,Y,2,0,2,2,A,-,03,22350,,N,A,C,A,A,H,-,D,A,0,,,,,Y,,E,22,2,0,0,0,0,0,0,0,0,"- ","- ",34.185189999999999,-117.14148,"SAN BERNARDINO",UNINCORPORATED,-117.14148426,34.185170909999997
90557415,2017,2017-09-27,9835,2017-07-05,1006,21256,,3,1,9,3600,0,1,1,,2,075,"I-15 N/B","HALLORAN SUMMIT RD",1742.00,S,N,A,-,Y,,,,,,,,,,Y,1,1,5,1,C,-,18,,,N,F,A,A,A,H,-,A,D,0,,,,,Y,,-,"- ",0,5,0,0,0,0,0,0,0,"- ","- ",35.244129999999998,-115.47492,"SAN BERNARDINO",UNINCORPORATED,-115.79681727000001,35.40109125
90557910,2017,2017-10-31,9855,2017-09-25,0911,015919,,1,1,6,3607,0,1,1,,2,103,"I-10 W/B (SAN BERNARDINO FWY)","ARCHIBALD AVE.",600.00,E,N,A,-,Y,,,10,,,,,,W,Y,1,1,2,6,A,-,07,21658,A,N,C,C,A,A,H,-,A,D,0,,,,Y,Y,,A,01,0,2,0,0,0,0,0,0,0,"- ","- ",34.067680000000003,-117.5908,"SAN BERNARDINO",ONTARIO,-117.59080012,34.067739250000002
90560063,2017,2017-09-29,9855,2017-09-26,0518,017204,,2,3,6,3607,0,1,1,,2,101,"I-10 W/B (SAN BERNARDINO FWY)","MILLIKEN AVE.",1320.00,E,N,A,-,Y,,,10,,,,,,W,Y,2,0,1,2,A,-,07,21658,A,F,C,C,A,A,H,-,C,D,0,,,Y,,Y,,A,01,1,0,0,0,0,0,0,0,1,"- ","- ",34.067500000000003,-117.55398,"SAN BERNARDINO",ONTARIO,-117.55398022,34.067548590000001
90560116,2017,2017-09-29,9855,2017-09-22,1359,020659,,5,1,6,3607,0,1,3,,2,601,"SR-60 E/B (POMONA FWY)","GROVE AVE.",1495.00,E,N,A,-,Y,,,60,,,,,,E,Y,2,0,2,4,A,-,03,22350,,N,C,C,A,A,H,-,A,D,0,,,,,Y,,J,48,1,0,1,0,0,0,0,0,0,"- ","- ",34.030360000000002,-117.62303,"SAN BERNARDINO",ONTARIO,-117.62303021,34.030396009999997
90563590,2017,2017-10-05,9860,2017-09-27,0710,016658,,3,1,5,3608,0,1,1,,2,105,"I-10 W/B","FORD ST. U/C",100.00,W,N,A,-,Y,,,10,,,,,,W,Y,2,0,1,3,A,-,03,22350,,N,C,C,A,A,H,-,A,D,0,,,,,Y,,A,01,1,0,0,0,0,0,0,0,0,"- ","- ",34.042070000000002,-117.15549,"SAN BERNARDINO",REDLANDS,-117.15549590000001,34.042066779999999
90563824,2017,2017-10-05,9835,2017-09-26,1220,16787,,2,1,9,3600,0,1,1,,2,043,"I-40 W/B","FORT CADY ROAD",6336.00,E,N,A,-,Y,,,40,,,,,,W,Y,2,0,1,1,A,-,08,22107,,N,F,A,A,A,H,-,A,D,0,,,,,Y,,D,22,1,0,0,0,0,0,0,0,0,"- ","- ",34.812640000000002,-116.59007,"SAN BERNARDINO",UNINCORPORATED,-116.59001981999999,34.812921780000003
90564850,2017,2017-10-06,9834,2017-09-28,1250,016580,,4,1,9,3600,1,1,2,,1,093,"US-95 N/B","FIVE MILE RD",12989.00,S,N,A,-,Y,,,95,,,,,,N,Y,2,0,9,3,A,-,03,22350,,N,C,C,A,A,D,-,A,A,0,,,,Y,Y,,G,25,1,8,0,0,0,0,0,0,0,"- ","- ",34.735010000000003,-114.60254,"SAN BERNARDINO",UNINCORPORATED,-114.60246364,34.73500774
90570476,2017,2017-10-16,9865,2017-09-28,1030,016806,,4,1,9,3600,0,1,3,,2,014,"STATE ROUTE 138","OLD MILL RD",792.00,W,N,A,-,Y,,,138,,,,,,,Y,2,0,1,2,A,-,05,21460,A,N,A,C,A,A,H,-,A,D,0,,,Y,Y,Y,,-,"- ",1,0,0,0,0,0,0,0,1,"- ","- ",34.263890000000004,-117.29022000000001,"SAN BERNARDINO",UNINCORPORATED,-117.29019477,34.263985499999997
90571461,2017,2017-10-16,9850,2017-10-08,1530,017237,,7,2,5,3612,0,1,1,,2,083,"I-15 SOUTHBOUND","BEAR VALLEY RD",2800.00,N,N,A,-,Y,,,15,,,,,,S,N,2,0,1,3,A,-,03,22350,,N,B,C,A,A,H,-,A,D,0,,,Y,,Y,,C,02,1,0,0,0,0,0,0,0,1,"- ","- ",34.476990000000001,-117.34117000000001,"SAN BERNARDINO",VICTORVILLE,-117.34120040000001,34.477013849999999
90571493,2017,2017-10-16,9834,2017-10-10,1410,017038,,2,2,9,3600,0,1,1,,2,048,"I-40 E/B FROM 5 MILE ROAD","5 MILE ROAD",528.00,E,N,A,-,Y,,,40,,,,R,,E,Y,2,0,1,1,A,-,03,22350,,N,F,A,A,A,H,-,A,D,0,,,Y,,Y,,C,02,1,0,0,0,0,0,0,0,1,"- ","- ",34.761090000000003,-114.57401,"SAN BERNARDINO",UNINCORPORATED,-114.57401,34.761090000000003
90572964,2017,2017-10-18,9850,2017-10-06,1848,021365,,5,2,9,3600,0,1,1,,2,084,"I-15 N/B","QUARRY RD",492.00,N,N,A,-,Y,,,15,,,,,,N,Y,1,1,0,1,A,-,08,22107,,N,E,I,A,A,H,-,B,D,0,,,,,Y,,D,22,0,0,0,0,0,0,0,0,0,"- ","- ",34.612780000000001,-117.24208,"SAN BERNARDINO",UNINCORPORATED,-117.24212595,34.612819420000001
90573951,2017,2017-10-19,9855,2017-10-11,0530,15763,,3,3,6,3607,0,1,3,,2,601,"SR-60 W/B (POMONA FWY)","VINEYARD AVENUE",2517.00,E,N,A,-,Y,,,60,,,,,,W,Y,2,0,1,2,A,-,03,22350,,N,C,C,A,A,H,-,C,D,0,,,Y,,Y,,C,02,1,0,0,0,0,0,0,0,1,"- ","- ",34.03069,-117.60096,"SAN BERNARDINO",ONTARIO,-117.60096000999999,34.03069249
90575877,2017,2017-10-23,9860,2017-10-18,0015,020426,,3,3,9,3600,0,1,1,,2,152,"I-15 N/B",SR-138,3696.00,N,N,A,-,Y,,,15,,,,,,N,Y,2,0,1,1,A,-,08,22107,,N,F,A,A,A,H,-,D,D,0,,,,,Y,,A,01,1,0,0,0,0,0,0,0,0,"- ","- ",34.320810000000002,-117.48124,"SAN BERNARDINO",UNINCORPORATED,-117.48131161000001,34.320788540000002
90575994,2017,2017-10-23,9855,2017-10-14,1600,020002,,6,2,5,3611,0,1,1,,2,203,"SR-210 E/B (FOOTHILL FWY)","SAN ANTONIO AVE.",20.00,E,N,A,-,Y,,,210,,,,,,E,Y,2,0,2,3,A,-,08,22107,,N,B,C,A,A,H,-,A,D,0,,,,,Y,,A,01,1,0,1,0,0,0,0,0,0,"- ","- ",34.13456,-117.66115000000001,"SAN BERNARDINO",UPLAND,-117.66115032,34.13452041
90588459,2017,2017-11-06,9835,2017-10-31,1505,21083,,2,2,9,3600,0,1,1,,2,074,"I-15 S/B","ZZYZX RD",2640.00,S,N,A,-,Y,,,,,,,,,,Y,2,0,1,1,A,-,08,22107,,N,E,I,A,A,H,-,A,D,0,,,,,Y,,A,01,1,0,0,0,0,0,0,0,0,"- ","- ",,,"SAN BERNARDINO",UNINCORPORATED,,
9058919,2020,2020-03-13,3600,2020-01-22,1904,BGOMEZ,,3,5,5,3630,0,0,0,,0,CH01,"CHINO AV","ROCK SPRINGS",250.00,E,N,A,-,N,,,,,,,,,,Y,2,0,2,1,A,-,03,22350,,N,F,C,A,A,H,-,B,A,0,,,,,Y,,A,01,1,0,1,0,0,0,0,0,0,"- ","- ",34.013591766357422,-117.75641632080078,"SAN BERNARDINO","CHINO HILLS",-117.75690460205078,34.01361083984375
90589259,2017,2017-11-28,9860,2017-09-21,0556,014963,,4,3,9,3600,0,1,1,,2,152,"INTERSTATE 15 SOUTHBOUND","OAK HILL ROAD",3168.00,S,N,E,-,Y,,,15,,,,,,S,Y,1,1,0,3,A,-,03,22350,,N,C,C,A,A,H,-,C,D,0,,,Y,Y,Y,,C,02,0,0,0,0,0,0,0,1,0,"- ","- ",34.356020000000001,-117.43852,"SAN BERNARDINO",UNINCORPORATED,-117.43851797000001,34.35601853
90591225,2017,2017-11-09,9865,2017-10-29,1348,021064,,7,1,9,3600,0,1,3,,1,030,SR-18,"LAKE VIEW POINT",1584.00,N,N,A,-,Y,,,18,,,,,,,Y,2,0,1,1,A,-,03,22350,,N,F,A,A,A,H,-,A,D,0,,,Y,,Y,,C,02,1,0,0,0,0,0,0,0,1,"- ","- ",34.23751,-117.02594999999999,"SAN BERNARDINO",UNINCORPORATED,-117.02591833,34.237538030000003
90593870,2017,2017-11-29,9870,2017-11-11,1710,020280,,6,2,9,3600,0,3,5,,2,002,"WARREN VISTA AVENUE","STARLIGHT MESA ROAD",722.00,S,N,A,-,N,,,,,,,,,,Y,2,0,2,1,A,-,01,23152,A,F,F,A,A,A,H,-,B,D,0,,,,,Y,Y,A,07,1,1,0,0,0,0,0,0,0,"- ","- ",34.22701,-116.40466000000001,"SAN BERNARDINO",UNINCORPORATED,-116.40461000000001,34.227584329999999
90594111,2017,2017-11-14,9855,2017-11-05,0215,021048,,7,3,9,3600,0,3,5,,2,001,"FONTANA AVE.","CAROB AVENUE",332.00,N,N,A,-,N,,,,,,,,,,Y,2,0,1,1,A,-,08,22107,,N,E,I,A,A,H,-,D,D,0,,,,,Y,,A,01,1,0,0,0,0,0,0,0,0,"- ","- ",34.072679999999998,-117.47269,"SAN BERNARDINO",UNINCORPORATED,-117.47262825,34.072654319999998
90598156,2017,2017-11-20,9855,2017-11-09,1630,020006,,4,2,6,3607,0,1,1,,2,103,"I-10 E/B (SAN BERNARDINO FWY)","FOURTH ST.",200.00,E,N,A,-,Y,,,10,,,,,,E,Y,2,0,1,2,A,-,03,22350,,N,C,C,A,A,H,-,A,D,0,,,,,Y,,A,01,1,0,0,0,0,0,0,0,0,"- ","- ",34.076650000000001,-117.62188,"SAN BERNARDINO",ONTARIO,-117.62187879,34.07665214
90598369,2017,2017-11-20,9850,2017-11-03,1710,019176,,5,2,9,3600,0,3,5,,2,002,"RANCHERO RD.","AMESTOY RD",25.00,E,N,A,-,N,,,,,,,,,,Y,2,0,1,1,A,-,08,22107,,N,E,I,A,A,H,-,A,D,0,,,,,Y,,A,07,1,0,0,0,0,0,0,0,0,"- ","- ",34.383180000000003,-117.39221999999999,"SAN BERNARDINO",UNINCORPORATED,-117.39226738000001,34.383110000000002
90601299,2017,2017-11-23,9860,2017-11-14,1855,019484,,2,2,6,3610,0,1,1,,2,214,"I-215 N/B","ORANGE SHOW RD",1056.00,S,N,A,-,Y,,,215,,,,,,N,Y,2,0,1,2,A,-,08,22107,,N,B,C,A,A,H,-,D,D,0,,,,,Y,,A,01,1,0,0,0,0,0,0,0,0,"- ","- ",34.075049999999997,-117.29535,"SAN BERNARDINO","SAN BERNARDINO",-117.29541917,34.075048010000003
90608728,2017,2017-12-04,9860,2017-11-25,0910,019725,,6,1,9,3600,0,3,5,,2,001,"KENWOOD AVE","I-15 S/B TO KENWOOD AVE OFF-RAMP",0.00,,Y,A,-,N,,,,,,,,,,Y,2,0,2,2,A,-,12,22450,A,N,D,C,A,A,H,-,A,A,0,,,,,Y,,A,01,1,1,0,0,0,0,0,0,0,"- ","- ",34.23612,-117.42552000000001,"SAN BERNARDINO",UNINCORPORATED,-117.42552000000001,34.23612
90608921,2017,2017-12-04,9870,2017-11-26,1235,021924,,7,1,9,3600,0,2,4,,2,042,"AMBOY ROAD","GODWIN ROAD",0.00,,Y,A,-,N,,,,,,,,,,Y,2,0,1,2,A,-,05,21752,D,N,D,C,A,A,H,-,A,D,0,,,Y,,Y,,C,02,1,0,0,0,0,0,0,0,1,"- ","- ",34.165619999999997,-115.93129999999999,"SAN BERNARDINO",UNINCORPORATED,-115.93132005,34.16571003
90611700,2017,2018-06-14,9850,2017-11-24,0655,018211,,5,1,9,3600,0,3,5,,2,006,"ACORN DRIVE","FINCH ROAD",1056.00,S,N,A,-,N,,,,,,,,,,Y,1,1,0,1,A,-,13,22515,A,N,E,I,A,A,H,-,B,D,0,,,,,Y,,M,47,0,0,0,0,0,0,0,0,0,"- ","- ",34.351970000000001,-117.64409999999999,"SAN BERNARDINO",UNINCORPORATED,-117.64370371,34.35224221
90613538,2017,2017-12-11,9850,2017-11-09,0839,017730,,4,1,5,3619,0,1,1,,2,082,"I-15 N/B","BEAR VALLEY RD",5280.00,S,N,A,-,Y,,,15,,,,,,N,Y,2,0,1,1,A,-,08,22107,,N,F,A,A,A,H,-,A,D,0,,,Y,,Y,,C,02,1,0,0,0,0,0,0,0,1,"- ","- ",34.457949999999997,-117.35556,"SAN BERNARDINO",HESPERIA,-117.3557165,34.458072119999997
9061656,2020,2020-05-19,3608,2020-02-18,0540,4464,,2,5,5,3608,0,0,0,,0,,"FERN AV","CAJON ST",5.00,N,N,A,-,N,,,,,,,,,,N,2,0,1,2,A,-,10,21950,A,N,G,B,B,A,H,-,C,A,0,Y,,,,Y,,A,01,1,0,0,0,1,0,0,0,0,"- ","- ",,,"SAN BERNARDINO",REDLANDS,-117.17888641357422,34.050388336181641
90621386,2017,2017-12-20,9865,2017-10-13,1227,021064,,5,1,9,3600,0,1,3,,2,045,"STATE ROUTE 38","JENKS LAKE ROAD EAST",1056.00,E,N,A,-,Y,,,38,,,,,,,Y,1,1,0,2,A,-,03,22350,,N,F,A,A,A,H,-,A,D,0,,,Y,,Y,,C,02,0,0,0,0,0,0,0,1,0,"- ","- ",34.173789999999997,-116.84611,"SAN BERNARDINO",UNINCORPORATED,-116.84610298,34.17383615
90621926,2017,2017-12-20,9835,2017-12-12,0615,015842,,2,1,9,3600,0,1,1,,2,076,"I-15 S/B","CIMA ROAD",6811.00,N,N,A,-,Y,,,15,,,,,,S,Y,2,0,1,1,A,-,08,22107,,N,F,A,A,A,H,-,B,D,0,,,,,Y,,A,07,1,0,0,0,0,0,0,0,0,"- ","- ",35.450620000000001,-115.65648,"SAN BERNARDINO",UNINCORPORATED,-115.65644702,35.450526230000001
90622456,2017,2017-12-21,9835,2017-01-01,0447,020883,,7,3,9,3600,0,1,1,,2,076,"I-15 N/B","CIMA RD",24816.00,N,N,E,-,Y,,,15,,,,,,N,Y,1,2,5,3,A,-,03,22350,,N,G,B,E,B,H,-,D,D,0,Y,,,,Y,,A,01,3,0,2,1,0,0,0,0,0,"- ","- ",35.469499999999996,-115.60142999999999,"SAN BERNARDINO",UNINCORPORATED,-115.60143841999999,35.469524149999998
90626088,2017,2017-12-26,9865,2017-12-22,1640,021725,,5,2,9,3600,0,2,4,,2,013,"LAKE GREGORY DR.","NORTH RD.",1230.00,W,N,A,-,N,,,,,,,,,,Y,2,0,1,1,A,-,03,22350,,N,E,I,A,A,H,-,B,D,0,,,,,Y,,A,07,1,0,0,0,0,0,0,0,0,"- ","- ",34.23095,-117.25416,"SAN BERNARDINO",UNINCORPORATED,-117.25126,34.22833
90626506,2017,2017-12-26,9865,2017-08-19,0310,019929,,6,3,9,3600,0,1,3,,1,039,"STATE ROUTE 38","UNITED STATES FORESTRY SERVICE ROAD 1N04",40.00,W,N,A,-,Y,,,38,,,,,,,Y,1,1,0,1,A,-,01,23152,A,N,E,I,A,A,H,-,D,D,0,,,,,Y,Y,A,01,0,0,0,0,0,0,0,0,0,"- ","- ",34.17069,-116.82658000000001,"SAN BERNARDINO",UNINCORPORATED,-116.82658000000001,34.170690100000002
90629213,2017,2017-12-28,9860,2017-12-21,0150,019269,,4,3,6,3610,0,1,3,,2,259,"SR-259 N/B","BASELINE ST",684.00,N,N,A,-,Y,,,,,,,,,,N,2,0,1,2,A,-,11,21954,A,N,G,B,D,A,H,-,C,D,0,Y,,,,Y,,N,60,1,0,0,0,1,0,0,0,0,"- ","- ",34.341230000000003,-117.30208,"SAN BERNARDINO","SAN BERNARDINO",-117.30275833,34.123203830000001
90630405,2017,2018-01-01,9850,2017-12-17,1250,013554,,7,1,5,3612,0,1,1,,2,084,"INTERSTATE 15 S/B","STODDARD WELLS RD",919.00,N,N,A,-,Y,,,15,,,,,,S,Y,2,0,1,2,A,-,07,21658,A,N,B,C,A,A,D,-,A,D,0,,,,,Y,,D,22,1,0,0,0,0,0,0,0,0,"- ","- ",34.556640000000002,-117.28831,"SAN BERNARDINO",VICTORVILLE,-117.28834267000001,34.556656920000002
90633217,2017,2018-04-03,9835,2017-12-27,1703,021001,,3,2,9,3600,0,1,1,,2,072,"I-15 S/B","OLD HWY 58",4330.00,N,N,A,-,Y,,,15,,,,,,S,Y,2,0,2,3,A,-,03,22350,,N,C,C,A,A,H,-,D,D,0,,,,,Y,,A,07,1,1,0,0,0,0,0,0,0,"- ","- ",34.90634,-116.95523,"SAN BERNARDINO",UNINCORPORATED,-116.95522368,34.906384099999997
90634439,2017,2018-01-08,9850,2017-12-28,2322,021365,,4,3,9,3600,0,1,2,,2,054,US-395,SR-58,46464.00,S,N,A,-,Y,,,395,,,,,,,Y,1,1,5,3,A,-,05,21460,C,N,A,C,A,A,H,-,D,D,0,,,,,Y,,A,01,1,4,0,0,0,0,0,0,0,"- ","- ",34.867959999999997,-117.50709000000001,"SAN BERNARDINO",UNINCORPORATED,-117.50711424000001,34.867953200000002
90635042,2017,2018-01-08,9855,2017-12-23,1052,017704,,6,1,6,3607,0,1,3,,2,601,"SR-60 E/B (POMONA FWY)","HAVEN AVENUE",1800.00,E,N,A,-,Y,,,60,,,,,,E,Y,2,0,1,2,A,-,01,23152,A,N,B,C,A,A,H,-,A,D,0,,,,,Y,Y,A,01,1,0,0,0,0,0,0,0,0,"- ","- ",34.025199999999998,-117.5634,"SAN BERNARDINO",ONTARIO,-117.56335831,34.025347199999999
90637204,2018,2018-01-10,9855,2018-01-08,1120,020460,,1,1,9,3600,0,3,5,,2,004,"RIVERSIDE DRIVE","TOWNE AVENUE",0.00,,Y,C,-,N,,,,,,,,,,Y,2,0,3,3,A,-,09,21801,A,N,A,C,A,B,H,-,A,A,0,,,,,Y,,A,01,1,1,1,0,0,0,0,0,0,"- ","- ",34.019039154052734,-117.74004364013672,"SAN BERNARDINO",UNINCORPORATED,-117.74009704589844,34.019031524658203
90639664,2018,2018-01-15,9835,2018-01-01,1645,021090,,1,2,9,3600,0,3,5,,2,032,"OLD BAKERSFIELD HWY","HINKLEY RD",0.00,,Y,A,-,Y,,,,,,,,,,Y,2,0,1,2,A,-,12,22450,A,N,D,C,A,A,H,-,A,D,0,,,,,Y,,A,01,1,0,0,0,0,0,0,0,0,"- ","- ",34.897418975830078,-117.11910247802734,"SAN BERNARDINO",UNINCORPORATED,,
90640078,2018,2018-01-16,9835,2018-01-07,1411,021090,,7,2,9,3600,0,3,5,,2,032,"CUDDEBACK RD",US-395,13200.00,E,N,A,-,N,,,,,,,,,,Y,2,0,3,2,A,-,03,38305,,N,A,C,A,A,H,-,A,D,0,,,Y,,Y,,-,"- ",1,0,2,0,0,0,0,0,3,"- ","- ",35.267631530761719,-117.56593322753906,"SAN BERNARDINO",UNINCORPORATED,-117.57114410400391,35.267005920410156
90643885,2018,2018-01-22,9865,2018-01-09,1533,016179,,2,2,9,3600,0,1,3,,1,030,SR-18,SR-38,2112.00,S,N,D,-,Y,,,18,,,,,,,Y,2,0,2,2,A,-,03,22350,,N,C,E,A,C,H,-,A,D,0,,,,Y,Y,,A,01,1,0,1,0,0,0,0,0,0,"- ","- ",34.244930267333984,-116.98432922363281,"SAN BERNARDINO",UNINCORPORATED,-116.98431396484375,34.244953155517578
90647590,2018,2018-01-25,9860,2018-01-16,1745,019269,,2,2,9,3600,0,3,5,,2,003,"ANSLEY LANE","NICE AVENUE",121.00,N,N,A,-,N,,,,,,,,,,N,2,0,2,2,A,-,11,21954,A,N,F,A,D,A,H,-,B,D,0,Y,,Y,,Y,,N,60,1,1,0,0,1,0,0,0,1,"- ","- ",34.066600799560547,-117.11608123779297,"SAN BERNARDINO",UNINCORPORATED,-117.11606597900391,34.066532135009766
90650031,2018,2018-01-29,9855,2018-01-09,1556,018727,,2,2,9,3600,0,3,5,,2,001,"CHERRY AVE.","VALLEY BLVD.",25.00,N,N,B,C,N,,,,,,,,,,N,2,0,1,2,A,-,09,21804,A,N,D,G,A,B,F,-,A,A,0,,Y,,,Y,,L,04,1,0,0,0,0,0,1,0,0,"- ","- ",34.042228698730469,-117.29324340820312,"SAN BERNARDINO",UNINCORPORATED,-117.48885345458984,34.070266723632812
90653376,2018,2018-02-01,9860,2018-01-29,2235,019484,,1,3,4,3618,0,1,1,,2,203,"SR-210 E/B","BASE LINE ST",295.00,W,N,A,-,Y,,,210,,,,,,E,Y,2,0,1,1,A,-,08,22107,,N,E,I,A,A,H,-,D,D,0,,,,,Y,,A,01,1,0,0,0,0,0,0,0,0,"- ","- ",34.122188568115234,-117.20079040527344,"SAN BERNARDINO",HIGHLAND,-117.20090484619141,34.122188568115234