CASE_ID,ACCIDENT_YEAR,PROC_DATE,JURIS,COLLISION_DATE,COLLISION_TIME,OFFICER_ID,REPORTING_DISTRICT,DAY_OF_WEEK,CHP_SHIFT,POPULATION,CNTY_CITY_LOC,SPECIAL_COND,BEAT_TYPE,CHP_BEAT_TYPE,CITY_DIVISION_LAPD,CHP_BEAT_CLASS,BEAT_NUMBER,PRIMARY_RD,SECONDARY_RD,DISTANCE,DIRECTION,INTERSECTION,WEATHER_1,WEATHER_2,STATE_HWY_IND,CALTRANS_COUNTY,CALTRANS_DISTRICT,STATE_ROUTE,ROUTE_SUFFIX,POSTMILE_PREFIX,POSTMILE,LOCATION_TYPE,RAMP_INTERSECTION,SIDE_OF_HWY,TOW_AWAY,COLLISION_SEVERITY,NUMBER_KILLED,NUMBER_INJURED,PARTY_COUNT,PRIMARY_COLL_FACTOR,PCF_CODE_OF_VIOL,PCF_VIOL_CATEGORY,PCF_VIOLATION,PCF_VIOL_SUBSECTION,HIT_AND_RUN,TYPE_OF_COLLISION,MVIW,PED_ACTION,ROAD_SURFACE,ROAD_COND_1,ROAD_COND_2,LIGHTING,CONTROL_DEVICE,CHP_ROAD_TYPE,PEDESTRIAN_ACCIDENT,BICYCLE_ACCIDENT,MOTORCYCLE_ACCIDENT,TRUCK_ACCIDENT,NOT_PRIVATE_PROPERTY,ALCOHOL_INVOLVED,STWD_VEHTYPE_AT_FAULT,CHP_VEHTYPE_AT_FAULT,COUNT_SEVERE_INJ,COUNT_VISIBLE_INJ,COUNT_COMPLAINT_PAIN,COUNT_PED_KILLED,COUNT_PED_INJURED,COUNT_BICYCLIST_KILLED,COUNT_BICYCLIST_INJURED,COUNT_MC_KILLED,COUNT_MC_INJURED,PRIMARY_RAMP,SECONDARY_RAMP,LATITUDE,LONGITUDE,COUNTY,CITY,POINT_X,POINT_Y
9721728,2024,2024-08-28,3600,2024-07-16,"518 ",I2644,HE2,2,5,5,3619,0,0,0,,0,HE208,"HERCULES ST","PEACH AV",0.00,,Y,A,-,N,,,,,,,,,,Y,2,0,2,2,A,-,12,22450,A,F,D,C,A,A,H,-,B,A,0,,,,,Y,,A,07,1,1,0,0,0,0,0,0,0,"- ","- ",,,"SAN BERNARDINO",HESPERIA,-117.26171112060547,34.435054779052734
9721974,2024,2024-09-10,3604,2024-07-05,1406,768,,5,5,6,3604,0,0,0,,0,,"MANGO AV","APPLE CT",25.00,N,N,A,-,N,,,,,,,,,,Y,2,0,1,2,A,-,09,21801,A,N,D,C,A,A,H,-,A,D,0,,,Y,,Y,,A,01,1,0,0,0,0,0,0,0,1,"- ","- ",34.109718322753906,-117.43154144287109,"SAN BERNARDINO",FONTANA,-117.43145751953125,34.109817504882812
9721975,2024,2024-09-10,3604,2024-07-04,2057,680,,4,5,6,3604,0,0,0,,0,,"MAPLE LEAF LN","WEEPING WILLOW LN",120.00,N,N,A,-,N,,,,,,,,,,N,2,0,2,2,A,-,01,23152,A,N,G,A,D,A,H,-,C,D,0,Y,,Y,,Y,Y,C,02,1,1,0,0,1,0,0,0,1,"- ","- ",34.034141540527344,-117.47920227050781,"SAN BERNARDINO",FONTANA,-117.4793701171875,34.034297943115234
9722249,2024,2024-09-16,3600,2024-08-05,"756 ",J8183,VC020,1,5,5,3612,0,0,0,,0,VC04,"BEAR VALLEY RD","COTTONWOOD AV",0.00,,-,A,-,N,,,,,,,,,,Y,2,0,2,2,A,-,09,21804,,N,D,C,A,A,H,-,A,A,0,,,,,Y,,A,01,2,0,0,0,0,0,0,0,0,"- ","- ",34.4705810546875,-117.33657836914062,"SAN BERNARDINO",VICTORVILLE,-117.33869934082031,34.470485687255859
9722310,2024,2024-09-17,3600,2024-05-18,"353 ",J4398,AD109,6,5,3,3613,0,0,0,,0,AD1,"ADELANTO RD","PANSY RD",40.00,N,N,A,-,N,,,,,,,,,,Y,2,0,1,1,A,-,03,22350,,N,E,I,A,A,H,-,C,A,0,,,,,Y,Y,A,01,1,0,0,0,0,0,0,0,0,"- ","- ",,,"SAN BERNARDINO",ADELANTO,-117.39940643310547,34.545490264892578
9725417,2024,2024-08-26,3610,2024-07-16,1133,51153,,2,5,6,3610,0,0,0,,0,,"N E ST","W MARSHALL BL",137.00,S,N,A,-,N,,,,,,,,,,Y,2,0,2,2,A,-,09,21804,A,N,D,C,A,A,H,-,-,D,0,,,,,Y,,D,22,1,0,1,0,0,0,0,0,0,"- ","- ",,,"SAN BERNARDINO","SAN BERNARDINO",-117.29409027099609,34.149105072021484
9727056,2024,2024-12-09,3600,2024-10-05,2149,H7582,RC002,6,5,6,3616,0,0,0,,0,RC6,"FOOTHILL BL","ETIWANDA AV",43.00,W,N,A,-,N,,,,,,,,,,Y,2,0,7,2,A,-,03,22350,,N,C,C,A,A,H,-,C,A,0,,,,,Y,,A,01,3,4,0,0,0,0,0,0,0,"- ","- ",,,"SAN BERNARDINO","RANCHO CUCAMONGA",-117.52384948730469,34.106189727783203
9731801,2024,2024-09-16,3610,2024-08-01,"120 ",51442,,4,5,6,3610,0,0,0,,0,,"HIGHLAND AV","N VALERIA DR",100.00,E,N,A,-,N,,,,,,,,,,N,2,0,1,2,A,-,11,21954,A,N,G,B,D,A,H,-,C,A,0,Y,,,,Y,,N,60,1,0,0,0,1,0,0,0,0,"- ","- ",34.135829925537109,-117.23016357421875,"SAN BERNARDINO","SAN BERNARDINO",-117.22982025146484,34.135841369628906
9734650,2024,2024-09-25,3604,2024-07-25,2045,680,,4,5,6,3604,0,0,0,,0,,"FOOTHILL BL","ALMERIA AV",0.00,,Y,A,-,N,,,,,,,,,,N,2,0,1,2,A,-,11,21950,B,N,G,B,B,A,H,-,C,A,0,Y,,,,Y,,N,60,1,0,0,0,1,0,0,0,0,"- ","- ",34.106781005859375,-117.46050262451172,"SAN BERNARDINO",FONTANA,-117.46022796630859,34.106525421142578
9739596,2024,2024-10-08,3600,2024-09-15,1953,I8688,VC071,7,5,5,3612,0,0,0,,0,VC6,"EL EVADO RD","LA MESA RD",37.00,N,N,A,-,N,,,,,,,,,,N,2,0,1,2,A,-,11,21954,A,N,G,B,B,A,H,-,C,A,0,Y,,,,Y,,N,60,1,0,0,0,1,0,0,0,0,"- ","- ",34.485321044921875,-117.34673309326172,"SAN BERNARDINO",VICTORVILLE,-117.34678649902344,34.485031127929688
9743256,2024,2024-11-21,3600,2024-10-06,1224,G7724,CH025,7,5,5,3630,0,0,0,,0,CH1,"CHINO HILLS PKWY","WALNUT CREEK DR",0.00,,Y,A,-,N,,,,,,,,,,Y,2,0,3,2,A,-,09,21801,A,N,D,C,A,A,H,-,A,A,0,,,,,Y,,A,07,1,2,0,0,0,0,0,0,0,"- ","- ",,,"SAN BERNARDINO","CHINO HILLS",-117.76004028320312,33.996814727783203
9746175,2024,2024-10-29,3610,2024-08-25,1700,51487,,7,5,6,3610,0,0,0,,0,,"N CALIFORNIA ST","W WASHINGTON AV",38.00,N,N,A,-,N,,,,,,,,,,N,2,0,1,2,A,-,21,22106,,N,G,B,E,A,H,-,A,D,0,Y,,,,Y,,-,,1,0,0,0,1,0,0,0,0,"- ","- ",34.134288787841797,-117.33159637451172,"SAN BERNARDINO","SAN BERNARDINO",-117.33110809326172,34.134223937988281
9746194,2024,2024-10-30,3610,2024-08-17,2214,50789,,6,5,6,3610,0,0,0,,0,,"N PALM AV","BELMONT AV",26.00,S,N,A,-,N,,,,,,,,,,Y,2,0,4,2,A,-,08,22107,,N,B,C,A,A,H,-,C,A,0,,,,,Y,,A,01,1,2,1,0,0,0,0,0,0,"- ","- ",,,"SAN BERNARDINO","SAN BERNARDINO",-117.35626220703125,34.199127197265625
9751332,2024,2025-01-16,3600,2024-09-20,"530 ",G3827,LL015,5,5,3,3615,0,0,0,,0,LL2,"BARTON RD","CAMPUS AV",0.00,W,N,A,-,N,,,,,,,,,,Y,1,1,0,2,A,-,11,21954,A,N,G,B,E,A,H,-,C,A,0,Y,,,,Y,,N,60,0,0,0,1,0,0,0,0,0,"- ","- ",,,"SAN BERNARDINO","LOMA LINDA",-117.26567840576172,34.048252105712891
9751368,2024,2024-11-22,3600,2024-02-11,2118,I4817,AD311,7,5,3,3613,0,0,0,,0,AD2,"RT 395","CACTUS RD",125.00,S,N,A,-,Y,SBD,8,395,-,-,13.110,H,-,S,Y,1,1,0,2,A,-,11,21954,A,N,G,B,D,A,H,-,D,A,0,Y,,,,Y,,N,60,0,0,0,1,0,0,0,0,0,"- ","- ",,,"SAN BERNARDINO",ADELANTO,-117.3994140625,34.535327911376953
9751380,2024,2024-11-18,3600,2024-07-21,"146 ",G8165,VC070,7,5,5,3612,0,0,0,,0,VC5,"AMETHYST RD","LA MESA RD",0.00,,Y,A,-,N,,,,,,,,,,Y,1,1,4,2,A,-,01,23152,A,N,D,C,A,A,H,-,C,A,0,,,,,Y,Y,D,22,1,0,3,0,0,0,0,0,0,"- ","- ",34.484901428222656,-117.36430358886719,"SAN BERNARDINO",VICTORVILLE,-117.36431121826172,34.484912872314453
9751439,2023,2025-01-27,3605,2023-05-13,2017,462,,6,5,4,3605,0,0,0,,0,,"MONTE VISTA AV","PALO VERDE ST",0.00,,Y,A,-,Y,SBD,8,10,-,-,0.452,R,4,E,Y,1,1,0,1,A,-,01,23152,A,N,E,I,A,A,H,-,C,A,0,,,,,Y,Y,A,01,0,0,0,0,0,0,0,0,0,"- ","- ",34.081378936767578,-117.69831848144531,"SAN BERNARDINO",MONTCLAIR,-117.70236968994141,34.081672668457031
9751477,2024,2025-02-14,3602,2024-07-10,2030,4122,,3,5,5,3602,0,0,0,,0,001,"SCHAEFER AV","RANCHO DEL CHINO AV",34.00,E,N,A,-,N,,,,,,,,,,N,1,1,0,2,A,-,11,21954,A,N,G,B,E,A,H,-,C,D,0,Y,,,,Y,,N,60,0,0,0,1,0,0,0,0,0,"- ","- ",34.0047607421875,-117.66200256347656,"SAN BERNARDINO",CHINO,-117.66181945800781,34.004707336425781
9751502,2024,2025-02-25,3600,2024-10-19,2000,H5907,LL006,6,5,3,3615,0,0,0,,0,LL2,"REDLANDS BL","MOUNTAIN VIEW AV",264.00,W,N,A,-,N,,,,,,,,,,N,1,1,0,2,A,-,11,21954,A,N,G,B,D,A,H,-,C,D,0,Y,,,,Y,,N,60,0,0,0,1,0,0,0,0,0,"- ","- ",34.063129425048828,-117.24463653564453,"SAN BERNARDINO","LOMA LINDA",-117.24456024169922,34.063041687011719
9751786,2024,2024-11-19,3605,2024-06-24,"21  ",473,,1,5,4,3605,0,0,0,,0,,"HOLT BL","YOSEMITE DR",202.00,E,N,A,-,N,,,,,,,,,,Y,2,0,1,2,A,-,01,23152,A,N,B,E,A,A,H,-,C,D,0,,,,,Y,Y,D,22,1,0,0,0,0,0,0,0,0,"- ","- ",34.063140869140625,-117.70539855957031,"SAN BERNARDINO",MONTCLAIR,-117.70472717285156,34.0631103515625
9751792,2024,2024-11-18,3610,2024-09-02,1750,51366,,1,5,6,3610,0,0,0,,0,,"W BASELINE ST","NORTH MERIDIAN AV",360.00,E,N,A,-,N,,,,,,,,,,N,2,0,1,2,A,-,04,21703,,N,C,C,A,A,H,-,A,D,0,,,Y,,Y,,C,02,1,0,0,0,0,0,0,0,1,"- ","- ",34.121360778808594,-117.34525299072266,"SAN BERNARDINO","SAN BERNARDINO",-117.34739685058594,34.121349334716797
9752076,2024,2024-11-15,3603,2024-10-05,1726,5213,CPD,6,5,4,3603,0,0,0,,0,002,"N COLTON AV","N MT VERNON AV",0.00,,Y,A,-,N,,,,,,,,,,N,2,0,1,2,A,-,09,21801,A,F,A,C,A,A,H,-,A,D,0,,,,,Y,,A,01,1,0,0,0,0,0,0,0,0,"- ","- ",,,"SAN BERNARDINO",COLTON,-117.3138427734375,34.073722839355469
9753122,2024,2024-11-19,3605,2024-07-03,"432 ",460,,3,5,4,3605,0,0,0,,0,,"CENTRAL AV","PLAZA LN",193.00,S,N,A,-,N,,,,,,,,,,N,2,0,1,2,A,-,11,21954,A,N,G,B,D,A,H,-,C,A,0,Y,,,,Y,Y,N,60,1,0,0,0,1,0,0,0,0,"- ","- ",,,"SAN BERNARDINO",MONTCLAIR,,
9758649,2024,2025-07-18,3600,2024-11-19,2123,H5849,YC209,2,5,4,3640,0,0,0,,0,YC1,"BRYANT ST","GRAPE AV",0.00,,Y,A,-,N,,,,,,,,,,Y,2,0,1,1,A,-,07,21658,,N,H,I,A,A,H,-,D,D,0,,,,,Y,,A,01,1,0,0,0,0,0,0,0,0,"- ","- ",34.067138671875,-117.03575134277344,"SAN BERNARDINO",YUCAIPA,-117.03495788574219,34.064899444580078
9760176,2024,2025-01-24,3605,2024-11-09,"928 ",473,,6,5,4,3605,0,0,0,,0,,"BENITO ST","NORTON AV",4.00,E,N,A,-,N,,,,,,,,,,Y,2,0,1,2,A,-,03,22350,,N,D,C,A,A,H,-,A,D,0,,,Y,,Y,Y,C,02,1,0,0,0,0,0,0,0,1,"- ","- ",34.074230194091797,-117.71092224121094,"SAN BERNARDINO",MONTCLAIR,-117.71086883544922,34.074188232421875
9767114,2025,2025-04-07,3608,2025-02-08,1134,5231,,6,5,5,3608,0,0,0,,0,,"PINE AV","TENNESSEE ST",0.00,,Y,A,-,N,,,,,,,,,,N,2,0,4,3,A,-,12,22450,A,N,D,C,A,A,H,-,A,A,0,,,,,Y,,A,01,1,3,0,0,0,0,0,0,0,"- ","- ",,,"SAN BERNARDINO",REDLANDS,-117.19999694824219,34.051975250244141
9767562,2024,2024-12-17,3605,2024-11-09,1820,481,3605,6,5,4,3605,0,0,0,,0,,"BROOKS ST","MONTE VISTA AV",1000.00,E,N,A,-,N,,,,,,,,,,Y,2,0,1,2,A,-,03,22350,,F,C,E,A,A,H,-,C,A,0,,,,,Y,,A,01,1,0,0,0,0,0,0,0,0,"- ","- ",34.061519622802734,-117.69827270507812,"SAN BERNARDINO",MONTCLAIR,-117.69497680664062,34.061649322509766
9768444,2024,2025-01-09,3600,2024-10-24,"846 ",G4526,AP009,4,5,5,3621,0,0,0,,0,AP3,"APPLE VALLEY RD","CATALINA RD",0.00,,N,A,-,N,,,,,,,,,,Y,2,0,1,2,A,-,09,21801,A,N,D,C,A,A,H,-,A,A,0,,,Y,,Y,,D,22,1,0,0,0,0,0,0,0,0,"- ","- ",,,"SAN BERNARDINO","APPLE VALLEY",-117.242431640625,34.482330322265625
9768778,2024,2025-02-03,3600,2024-12-16,1820,H8994,HE101,1,5,5,3619,0,0,0,,0,HE1,"BEAR VALLEY RD","COTTONWOOD AV",351.00,W,N,A,-,N,,,,,,,,,,N,2,0,1,3,A,-,07,21658,A,N,B,C,A,A,H,-,D,A,0,,,Y,,Y,,C,02,1,0,0,0,0,0,0,0,1,"- ","- ",,,"SAN BERNARDINO",HESPERIA,-117.33985900878906,34.470489501953125
9771354,2024,2025-01-13,3605,2024-09-07,"448 ",505,,6,5,4,3605,0,0,0,,0,,"MONTE VISTA AV","ARROW HWY",438.00,N,N,A,-,N,,,,,,,,,,N,2,0,1,1,A,-,03,22350,,N,E,J,A,A,B,-,C,D,0,,Y,,,Y,Y,L,04,1,0,0,0,0,0,1,0,0,"- ","- ",34.092418670654297,-117.69828033447266,"SAN BERNARDINO",MONTCLAIR,-117.69827270507812,34.093589782714844
9771682,2024,2025-01-31,3604,2024-11-05,1252,1414,,2,5,6,3604,0,0,0,,0,003,"CITRUS AV","ARROW BL",13.00,S,N,A,-,N,,,,,,,,,,N,2,0,1,2,A,-,12,21453,A,N,D,G,A,A,H,-,A,A,0,,Y,,,Y,,L,04,1,0,0,0,0,0,1,0,0,"- ","- ",,,"SAN BERNARDINO",FONTANA,-117.45365142822266,34.099266052246094
9776021,2024,2025-01-29,3608,2024-11-18,1428,3882,REDLA,1,5,5,3608,0,0,0,,0,,"BROOKSIDE AV","EUREKA ST",0.00,,Y,A,-,N,,,,,,,,,,Y,2,0,1,2,A,-,09,21801,A,N,E,I,A,A,H,-,A,A,0,,,Y,,Y,,A,01,1,0,0,0,0,0,0,0,1,"- ","- ",,,"SAN BERNARDINO",REDLANDS,-117.18547821044922,34.055377960205078
9777340,2025,2025-03-03,3600,2025-02-13,1725,H8975,HE308,4,5,5,3619,0,0,0,,0,HE3,"HICKORY AV","WALNUT ST",0.00,,Y,B,C,N,,,,,,,,,,N,2,0,1,2,A,-,10,21950,A,N,H,-,A,B,F,-,A,D,0,,,,,Y,,A,08,1,0,0,0,0,0,0,0,0,"- ","- ",,,"SAN BERNARDINO",HESPERIA,-117.32740783691406,34.424694061279297
9786067,2024,2025-04-02,3600,2024-11-01,1412,D6899,HE423,5,5,5,3619,0,0,0,,0,HE4,"RT 173","EDISON POLE # 1533980E",87.80,S,N,A,-,Y,SBD,8,173,-,L,4.680,H,-,E,Y,1,1,0,2,A,-,05,21460,A,N,A,C,A,A,H,-,A,D,0,,,Y,,Y,,C,02,0,0,0,0,0,0,0,1,0,"- ","- ",34.311779022216797,-117.27565765380859,"SAN BERNARDINO",HESPERIA,-117.27561950683594,34.311786651611328
9786167,2024,2025-04-25,3602,2024-10-13,"740 ",4148,,7,5,5,3602,0,0,0,,0,003,"KIMBALL AV","TERMINAL CT",230.00,E,N,A,-,N,,,,,,,,,,N,1,1,0,2,A,-,03,22350,,N,G,B,E,A,H,-,A,D,0,Y,,,,Y,,A,07,0,0,0,1,0,0,0,0,0,"- ","- ",,,"SAN BERNARDINO",CHINO,,
9786173,2024,2025-04-25,3610,2024-11-12,1806,50571,,2,5,6,3610,0,0,0,,0,CHARLI,"SIERRA WY","PALMYRA DR",92.00,S,N,A,-,N,,,,,,,,,,Y,1,1,0,2,A,-,01,23152,A,N,G,B,D,A,H,-,C,D,0,Y,,,,Y,Y,A,01,0,0,0,1,0,0,0,0,0,"- ","- ",34.160850524902344,-117.28504180908203,"SAN BERNARDINO","SAN BERNARDINO",-117.2850341796875,34.161098480224609
9786201,2024,2025-05-03,3610,2024-11-09,2021,50789,,6,5,6,3610,0,0,0,,0,BAKER,"N E ST","W BASELINE ST",0.00,,Y,A,-,N,,,,,,,,,,Y,1,1,3,2,A,-,12,21453,A,N,D,C,A,A,H,-,C,A,0,,,,,Y,,A,07,0,3,0,0,0,0,0,0,0,"- ","- ",34.121341705322266,-117.29415893554688,"SAN BERNARDINO","SAN BERNARDINO",-117.29415893554688,34.121349334716797
9786297,2024,2025-05-20,3610,2024-12-23,2023,50789,,1,5,6,3610,0,0,0,,0,ADAM,"S SCENIC DR","W KNOLL DR W",0.00,,Y,B,-,N,,,,,,,,,,N,1,1,0,2,A,-,11,21956,A,F,G,B,E,A,H,-,C,D,0,Y,,,,Y,,N,60,0,0,0,1,0,0,0,0,0,"- ","- ",,,"SAN BERNARDINO","SAN BERNARDINO",-117.30120849609375,34.080543518066406
9786402,2024,2025-07-17,3600,2024-11-13,"820 ",I3899,YV016,3,5,3,3631,0,0,0,,0,0YV,"ONAGA TRAIL","ELATA AV",0.00,,Y,A,-,N,,,,,,,,,,Y,1,1,0,2,A,-,09,21801,A,N,D,C,A,A,H,-,A,D,0,,,Y,,Y,,C,02,0,0,0,0,0,0,0,1,0,"- ","- ",34.112281799316406,-116.41464233398438,"SAN BERNARDINO","YUCCA VALLEY",-116.41469573974609,34.112251281738281
9788574,2025,2025-05-02,3600,2025-02-24,1757,F5499,RC055,1,5,6,3616,0,0,0,,0,RC4,"DAY CREEK BL","VICTORIA PARK LN",0.00,,Y,A,-,N,,,,,,,,,,Y,2,0,1,2,A,-,11,21950,B,N,G,B,B,A,-,-,C,A,0,Y,,,,Y,,N,60,1,0,0,0,1,0,0,0,0,"- ","- ",,,"SAN BERNARDINO","RANCHO CUCAMONGA",-117.536865234375,34.128665924072266
9790157,2025,2025-05-01,3600,2025-01-07,1643,E3918,RC055,2,5,6,3616,0,0,0,,0,004,"FOOTHILL BL","BAKER AV",9.00,E,N,A,-,N,,,,,,,,,,N,2,0,1,2,A,-,10,21950,A,N,G,B,B,A,H,-,B,A,0,Y,,,,Y,,D,23,1,0,0,0,1,0,0,0,0,"- ","- ",,,"SAN BERNARDINO","RANCHO CUCAMONGA",-117.61978149414062,34.104831695556641
9791403,2025,2025-03-13,3600,2025-01-30,1632,H5902,TW006,4,5,3,3617,0,0,0,,0,TW1,"MESQUITE AV","JOSHUA DR",0.00,,Y,A,-,N,,,,,,,,,,N,2,0,1,2,A,-,12,22450,A,N,D,-,A,A,H,-,A,A,0,,Y,,,Y,,A,07,1,0,0,0,0,0,1,0,0,"- ","- ",34.137619018554688,-116.05146789550781,"SAN BERNARDINO","TWENTYNINE PALMS",-116.05149841308594,34.137664794921875
9794454,2025,2025-03-25,3603,2025-02-15,"712 ",5212,CPD,6,5,4,3603,0,0,0,,0,004,"E COOLEY LN","S PEACHWOOD ST",0.00,,Y,A,-,N,,,,,,,,,,N,2,0,1,2,A,-,09,21803,A,N,G,B,C,A,H,-,A,D,0,Y,,,,Y,,N,60,1,0,0,0,1,0,0,0,0,"- ","- ",34.055751800537109,-117.29029083251953,"SAN BERNARDINO",COLTON,-117.290283203125,34.055728912353516
9794878,2025,2025-04-02,3610,2025-02-03,"355 ",51596,,1,5,6,3610,0,0,0,,0,ADAM,"W 5TH ST","N FLORES ST",390.00,W,N,A,-,N,,,,,,,,,,Y,2,0,1,2,A,-,11,21954,A,N,G,B,D,A,H,-,D,D,0,Y,,,,Y,,N,60,1,0,0,0,1,0,0,0,0,"- ","- ",,,"SAN BERNARDINO","SAN BERNARDINO",-117.32839965820312,34.108192443847656
9811278,2025,2025-08-04,3600,2025-06-26,2044,D6899,HE125,4,5,5,3619,0,0,0,,0,HE1,"HESPERIA RD","LEMON ST",402.00,N,N,A,-,N,,,,,,,,,,Y,2,0,1,2,A,-,09,21801,A,N,D,C,A,A,H,-,D,D,0,,,,Y,Y,,F,25,1,0,0,0,0,0,0,0,0,"- ","- ",,,"SAN BERNARDINO",HESPERIA,-117.29733276367188,34.445568084716797
9812608,2025,2025-07-17,3600,2025-06-15,1522,J2880,YC106,7,5,4,3640,0,0,0,,0,YC1,"4TH ST","YUCAIPA BL",0.00,,Y,A,-,N,,,,,,,,,,N,2,0,1,2,A,-,09,21804,A,N,D,C,A,A,H,-,A,D,0,,,Y,,Y,,C,02,1,0,0,0,0,0,0,0,1,"- ","- ",,,"SAN BERNARDINO",YUCAIPA,-117.05188751220703,34.033870697021484
9813962,2025,2025-08-07,3600,2025-03-25,"1   ",F8585,NE001,2,5,2,3606,0,0,0,,0,NE1,"NATIONAL TRAILS HWY","NATIONAL TRAILS HWY 5300",0.00,,N,A,-,N,,,,,,,,,,N,2,0,1,1,A,-,03,22350,,N,H,A,A,A,H,-,D,A,0,,,Y,,Y,,-,"- ",1,0,0,0,0,0,0,0,1,"- ","- ",,,"SAN BERNARDINO",NEEDLES,-114.62660980224609,34.854263305664062
9815908,2025,2025-08-01,3610,2025-05-20,1608,51404,,2,5,6,3610,0,0,0,,0,,"N E","RT 210",0.00,,Y,A,-,Y,SBD,8,259,-,-,1.244,R,4,N,Y,2,0,1,1,A,-,03,22350,I,N,E,I,A,A,H,-,A,A,0,,,Y,,Y,,C,02,1,0,0,0,0,0,0,0,1,"- ","- ",34.144588470458984,-117.29373168945312,"SAN BERNARDINO","SAN BERNARDINO",-117.29776763916016,34.144973754882812
9816889,2025,2025-06-20,3600,2025-05-15,"916 ",I7914,VC066,4,5,5,3612,0,0,0,,0,VC4,"AMARGOSA RD","EUCALYPTUS ST",369.00,N,N,A,-,N,,,,,,,,,,N,2,0,1,2,A,-,03,22350,,N,B,G,A,A,H,-,A,A,0,,Y,,,Y,,A,01,1,0,0,0,0,0,1,0,0,"- ","- ",34.4556884765625,-117.35820007324219,"SAN BERNARDINO",VICTORVILLE,-117.35745239257812,34.456687927246094
9818094,2025,2025-07-31,3600,2025-06-13,1355,D6899,HE304,5,5,5,3619,0,0,0,,0,HE3,"ESCONDIDO AV","SULTANA ST",0.00,,Y,A,-,N,,,,,,,,,,Y,2,0,1,2,A,-,03,22350,,N,D,C,A,A,H,-,A,D,0,,,Y,,Y,,C,02,1,0,0,0,0,0,0,0,1,"- ","- ",,,"SAN BERNARDINO",HESPERIA,-117.37294006347656,34.419490814208984
9821078,2024,2025-08-07,3600,2024-10-05,"518 ",I3330,AP009,6,5,5,3621,0,0,0,,0,AP3,"APPLE VALLEY RD","CATALINA RD",268.00,N,N,A,-,N,,,,,,,,,,Y,2,0,2,1,A,-,03,22350,,N,F,I,A,A,H,-,C,A,0,,,,,Y,,A,01,2,0,0,0,0,0,0,0,0,"- ","- ",,,"SAN BERNARDINO","APPLE VALLEY",-117.24243927001953,34.483062744140625
9826143,2025,2025-07-10,3600,2025-06-08,"9   ",I8688,VC043,7,5,5,3612,0,0,0,,0,VC1,"STODDARD WELLS RD","RT 18",0.00,,Y,A,-,Y,SBD,8,18,-,-,95.220,I,5,N,Y,2,0,2,2,A,-,01,23152,A,N,D,C,A,A,H,-,C,A,0,,,,,Y,Y,A,01,1,1,0,0,0,0,0,0,0,"- ","- ",,,"SAN BERNARDINO",VICTORVILLE,-117.28518676757812,34.535213470458984
9826981,2025,2025-07-08,3600,2025-05-30,1649,J6485,YV1,5,5,3,3631,0,0,0,,0,YV005,"DEER TRL","PUEBLO TRL",0.00,,Y,A,-,N,,,,,,,,,,Y,2,0,2,2,A,-,12,22450,,N,D,C,A,A,H,-,A,D,0,,,,,Y,,A,01,1,0,1,0,0,0,0,0,0,"- ","- ",34.115520477294922,-116.44618225097656,"SAN BERNARDINO","YUCCA VALLEY",-116.44551086425781,34.115688323974609
9866096,2024,2025-08-11,3600,2024-10-06,1841,F8372,AP009,7,5,5,3621,0,0,0,,0,AP3,"PIMLICO RD","YORKSHIRE DR",119.00,W,N,A,-,N,,,,,,,,,,N,2,0,1,2,A,-,05,21651,B,N,A,C,A,A,D,-,B,D,0,,,,,Y,,A,01,1,0,0,0,0,0,0,0,0,"- ","- ",,,"SAN BERNARDINO","APPLE VALLEY",-117.24369049072266,34.474220275878906
9866702,2025,2025-08-29,3608,2025-05-11,2248,5231,,7,5,5,3608,0,0,0,,0,,"W LUGONIA AV","ALABAMA ST",0.00,,Y,A,-,N,,,,,,,,,,N,2,0,1,2,A,-,10,21950,,F,G,B,B,A,H,-,C,A,0,Y,,,,Y,,-,,1,0,0,0,1,0,0,0,0,"- ","- ",,,"SAN BERNARDINO",REDLANDS,-117.20877075195312,34.070308685302734
9866824,2025,2025-09-03,3600,2025-01-17,1939,J3215,AD310,5,5,5,3612,0,0,0,,0,VC8,"RT 395","CACTUS ST",0.00,,Y,A,-,Y,SBD,8,395,-,-,13.170,H,-,N,Y,1,1,0,2,A,-,11,21954,A,N,G,B,D,A,H,-,D,A,0,Y,,,,Y,Y,N,60,0,0,0,1,0,0,0,0,0,"- ","- ",34.535831451416016,-117.39940643310547,"SAN BERNARDINO",VICTORVILLE,-117.3994140625,34.536186218261719
9867660,2025,2025-08-21,3600,2025-04-08,1821,F7812,AP010,2,5,5,3621,0,0,0,,0,AP3,"DEL ORO RD","SERRA RD",252.00,W,N,A,-,N,,,,,,,,,,Y,2,0,2,2,A,-,05,21650,,N,A,C,A,A,H,-,B,D,0,,,,,Y,,M,96,2,0,0,0,0,0,0,0,0,"- ","- ",,,"SAN BERNARDINO","APPLE VALLEY",-117.21518707275391,34.456958770751953
9870582,2025,2025-09-05,3600,2025-02-04,1119,I1565,AP003,2,5,5,3621,0,0,0,,0,AP1,"RT 18","RIMROCK RD NORTH",0.00,,Y,A,-,Y,SBD,8,18,-,-,92.289,I,5,N,Y,2,0,2,2,A,-,09,21801,A,N,D,C,A,A,H,-,A,D,0,,,,,Y,,A,01,2,0,0,0,0,0,0,0,0,"- ","- ",,,"SAN BERNARDINO","APPLE VALLEY",-117.23665618896484,34.534603118896484
9872937,2025,2025-09-04,3600,2025-06-07,2142,18703,RC027,6,5,6,3616,0,0,0,,0,2142,"ARCHIBALD AV","19TH ST",0.00,,Y,A,-,N,,,,,,,,,,Y,2,0,2,3,A,-,01,23152,A,N,C,C,A,A,H,-,C,A,0,,,,,Y,Y,A,07,1,1,0,0,0,0,0,0,0,"- ","- ",,,"SAN BERNARDINO","RANCHO CUCAMONGA",-117.59364318847656,34.132717132568359